customer_id,sessions,orders,revenue,avg_order_value,avg_time_on_site
5176,6,4,15955.15,2659.1916666666666,744.8333333333334
1738,3,3,13800.96,4600.32,1403.0
2994,6,3,12989.279999999999,2164.8799999999997,495.6666666666667
7574,4,2,12451.970000000001,3112.9925000000003,1380.5
1334,8,5,12203.21,1525.40125,794.0
1506,5,4,11867.1,2373.42,1118.6
3645,4,2,11806.82,2951.705,1150.25
7744,5,4,11728.23,2345.6459999999997,1026.0
4004,4,3,11708.76,2927.19,1251.5
6256,7,3,11609.37,1658.4814285714288,959.7142857142857
6085,5,3,11545.2,2309.04,819.4
9658,8,5,11532.05,1441.50625,905.375
8608,5,3,11392.83,2278.566,1445.4
9476,6,4,11059.96,1843.3266666666666,1107.0
8078,3,2,10990.96,3663.653333333333,1146.6666666666667
2939,7,5,10970.79,1567.2557142857145,807.4285714285714
2359,5,3,10788.55,2157.71,1344.6
7882,7,3,10689.26,1527.037142857143,678.1428571428571
6312,4,3,10562.77,2640.6925,1057.25
1973,5,2,10467.41,2093.482,1104.4
1661,5,3,10152.52,2030.5040000000001,1171.0
5952,5,3,10124.29,2024.8580000000002,785.2
3441,3,3,10079.25,3359.75,941.6666666666666
7015,7,5,10077.0,1439.5714285714287,1122.142857142857
2585,5,3,10070.72,2014.1439999999998,797.0
9990,6,2,10009.98,1668.33,820.5
7171,7,4,9938.119999999999,1419.7314285714285,892.4285714285714
7604,3,2,9822.45,3274.15,1460.0
3638,6,3,9572.16,1595.36,1163.8333333333333
3630,6,2,9547.78,1591.2966666666669,670.8333333333334
1316,7,5,9432.31,1347.472857142857,856.4285714285714
5403,3,2,9428.04,3142.6800000000003,196.0
7759,3,2,9361.09,3120.3633333333332,753.0
7986,7,3,9308.619999999999,1329.802857142857,962.2857142857143
3746,3,2,9284.9,3094.9666666666667,1158.3333333333333
7963,5,2,9165.64,1833.128,713.4
1187,3,2,9145.76,3048.5866666666666,1133.6666666666667
2509,5,4,9080.46,1816.0919999999999,278.8
4798,3,2,9076.93,3025.6433333333334,691.3333333333334
8085,3,2,9065.48,3021.8266666666664,1250.3333333333333
3950,5,2,9031.64,1806.328,726.2
7609,4,3,9031.48,2257.87,1209.25
7512,5,3,8996.67,1799.334,1401.2
5852,9,3,8973.34,997.0377777777778,884.8888888888889
4949,4,2,8753.49,2188.3725,1059.25
2041,3,2,8680.05,2893.35,1219.3333333333333
7437,2,2,8666.23,4333.115,390.5
4688,3,2,8653.130000000001,2884.376666666667,1053.0
1608,5,4,8634.02,1726.804,630.4
2607,2,2,8590.07,4295.035,602.0
7909,6,2,8588.0,1431.3333333333333,314.8333333333333
3927,3,2,8560.119999999999,2853.373333333333,776.0
5004,4,2,8443.94,2110.985,1207.25
4162,5,3,8425.67,1685.134,1144.4
7970,3,2,8419.46,2806.486666666666,912.0
9636,6,4,8408.52,1401.42,824.1666666666666
2574,6,3,8379.22,1396.5366666666666,1218.5
6126,4,2,8373.25,2093.3125,1133.25
4822,4,2,8346.199999999999,2086.5499999999997,738.75
8435,4,2,8343.869999999999,2085.9674999999997,1025.75
4479,3,2,8329.7,2776.566666666667,699.6666666666666
4152,5,2,8320.56,1664.1119999999999,1111.4
6754,3,2,8315.720000000001,2771.906666666667,684.3333333333334
1433,2,2,8307.94,4153.97,520.0
2821,7,3,8288.779999999999,1184.1114285714284,962.1428571428571
4083,9,5,8232.84,914.76,889.6666666666666
7148,4,2,8230.609999999999,2057.6524999999997,854.25
9869,4,2,8202.76,2050.69,1326.0
6116,5,4,8182.58,1636.516,634.6
5635,4,2,8180.68,2045.17,780.75
4879,4,2,8158.59,2039.6475,1032.5
1317,6,4,8119.4400000000005,1353.24,546.5
7522,3,2,8118.65,2706.2166666666667,424.6666666666667
2751,5,2,8097.55,1619.51,595.0
9059,6,3,8081.46,1346.91,975.8333333333334
2453,3,2,8017.26,2672.42,628.0
9219,4,2,8014.389999999999,2003.5974999999999,1422.0
4238,3,3,7986.4,2662.133333333333,1133.6666666666667
7462,6,3,7983.16,1330.5266666666666,1182.1666666666667
5793,7,3,7953.709999999999,1136.2442857142855,773.0
1550,5,2,7921.13,1584.226,729.4
6135,4,3,7899.21,1974.8025,1224.0
7839,5,3,7898.07,1579.614,757.0
1065,1,1,7889.36,7889.36,1586.0
6086,3,2,7884.4400000000005,2628.146666666667,655.3333333333334
7344,5,3,7873.650000000001,1574.73,924.0
9862,5,2,7869.07,1573.8139999999999,1166.0
5740,5,3,7861.7,1572.34,727.0
4364,4,2,7837.120000000001,1959.2800000000002,943.5
7961,6,4,7820.57,1303.4283333333333,863.8333333333334
1252,3,2,7790.94,2596.98,984.0
1275,4,2,7788.92,1947.23,1021.0
1880,3,1,7776.56,2592.186666666667,845.0
9494,5,1,7745.76,1549.152,822.4
2170,5,2,7742.3,1548.46,632.0
2671,4,3,7731.25,1932.8125,683.0
4631,7,4,7725.790000000001,1103.6842857142858,879.8571428571429
3767,3,3,7697.549999999999,2565.85,1000.6666666666666
6379,4,2,7686.69,1921.6725,965.25
9867,4,2,7683.61,1920.9025,927.25
2026,7,2,7683.26,1097.6085714285714,1055.4285714285713
5581,3,2,7678.41,2559.47,1232.6666666666667
5553,8,2,7667.139999999999,958.3924999999999,824.5
2287,3,2,7664.75,2554.9166666666665,807.0
4787,3,1,7657.8,2552.6,1055.0
5921,2,2,7634.02,3817.01,1671.0
1372,3,2,7627.08,2542.36,1100.6666666666667
9060,2,2,7606.759999999999,3803.3799999999997,496.0
7397,6,2,7561.35,1260.2250000000001,1089.1666666666667
8274,3,2,7555.72,2518.5733333333333,1032.3333333333333
7549,7,3,7543.19,1077.5985714285714,807.4285714285714
9274,3,2,7532.62,2510.8733333333334,703.6666666666666
8046,4,1,7524.36,1881.09,1183.75
2151,4,3,7503.79,1875.9475,974.25
9762,5,2,7499.860000000001,1499.9720000000002,1252.6
9759,5,2,7465.32,1493.0639999999999,937.4
7831,1,1,7463.4,7463.4,695.0
8851,4,2,7454.47,1863.6175,830.5
1040,5,2,7417.69,1483.538,1016.0
3665,2,2,7405.12,3702.56,732.0
6459,6,4,7390.51,1231.7516666666668,1014.3333333333334
2824,7,3,7341.73,1048.8185714285714,870.8571428571429
5760,7,2,7326.25,1046.607142857143,794.5714285714286
2950,4,1,7273.84,1818.46,625.25
2417,4,3,7266.429999999999,1816.6074999999998,1247.25
3831,6,1,7265.12,1210.8533333333332,1175.6666666666667
4199,5,1,7250.68,1450.136,483.8
3207,6,2,7242.75,1207.125,798.0
6341,4,3,7200.61,1800.1525,794.5
9881,6,2,7184.4400000000005,1197.4066666666668,832.3333333333334
7867,8,3,7183.530000000001,897.9412500000001,795.75
6545,5,3,7164.860000000001,1432.9720000000002,1073.2
8421,4,2,7162.7,1790.675,1067.5
8326,2,2,7153.35,3576.675,1303.0
2398,4,2,7151.139999999999,1787.7849999999999,707.5
6702,1,1,7142.29,7142.29,1483.0
8000,4,3,7130.549999999999,1782.6374999999998,1654.25
4959,3,2,7128.1900000000005,2376.0633333333335,990.3333333333334
6225,2,1,7110.36,3555.18,972.0
3092,6,2,7062.03,1177.0049999999999,1059.3333333333333
1134,8,3,7061.16,882.645,863.625
9959,6,5,7052.049999999999,1175.3416666666665,552.8333333333334
6283,6,3,7051.29,1175.215,1129.6666666666667
9362,2,2,7034.96,3517.48,334.5
6456,8,3,7025.41,878.17625,1022.0
4360,4,3,7021.110000000001,1755.2775000000001,1004.5
7339,3,1,7016.6,2338.866666666667,593.3333333333334
7714,6,2,7014.92,1169.1533333333334,764.1666666666666
7098,7,2,7012.71,1001.8157142857143,847.7142857142857
2558,7,3,7011.08,1001.5828571428572,770.0
1960,5,2,7002.41,1400.482,615.4
3412,5,2,6989.15,1397.83,726.6
2783,8,4,6986.240000000001,873.2800000000001,899.625
9845,4,2,6979.08,1744.77,1202.0
9064,6,1,6977.64,1162.94,924.0
4444,5,2,6973.95,1394.79,1278.6
4409,4,1,6970.42,1742.605,1289.5
1861,5,2,6969.4400000000005,1393.8880000000001,1418.6
3052,4,3,6955.42,1738.855,718.0
7923,6,3,6941.27,1156.8783333333333,907.6666666666666
4443,4,4,6934.299999999999,1733.5749999999998,989.25
3639,3,2,6934.1900000000005,2311.396666666667,1133.3333333333333
5557,6,4,6930.64,1155.1066666666668,906.5
6303,3,1,6920.28,2306.7599999999998,591.0
6111,4,2,6919.66,1729.915,1035.75
9395,6,3,6916.88,1152.8133333333333,855.5
3726,4,1,6909.44,1727.36,727.5
7263,3,1,6895.33,2298.443333333333,1199.3333333333333
1518,4,3,6890.76,1722.69,1506.25
4297,5,3,6885.57,1377.114,734.0
8772,4,2,6876.8099999999995,1719.2024999999999,787.5
8808,2,1,6869.81,3434.905,753.5
4725,5,2,6865.23,1373.0459999999998,1197.2
6436,4,4,6849.07,1712.2675,1348.5
7874,4,2,6848.200000000001,1712.0500000000002,1186.75
6819,4,2,6840.87,1710.2175,876.25
1977,5,3,6820.77,1364.154,856.8
9103,4,1,6811.12,1702.78,1026.5
3799,5,2,6810.64,1362.1280000000002,651.6
4337,6,2,6784.42,1130.7366666666667,897.5
7284,3,2,6763.8,2254.6,681.0
9777,4,1,6759.63,1689.9075,1108.25
5778,4,2,6754.82,1688.705,775.0
9528,6,3,6753.44,1125.5733333333333,982.1666666666666
5756,6,2,6746.84,1124.4733333333334,665.5
5066,2,1,6746.0,3373.0,1439.0
9509,4,2,6738.14,1684.535,1043.75
5808,5,2,6736.77,1347.354,1248.2
8087,7,1,6735.0,962.1428571428571,1086.142857142857
4529,3,2,6720.13,2240.0433333333335,1192.0
7766,4,1,6717.64,1679.41,732.5
2223,1,1,6708.92,6708.92,1623.0
1710,2,1,6703.32,3351.66,1109.0
3832,3,1,6699.59,2233.1966666666667,1062.3333333333333
4146,5,1,6681.54,1336.308,997.2
9336,4,4,6680.59,1670.1475,956.0
6861,8,3,6677.67,834.70875,876.5
4070,2,1,6676.36,3338.18,1383.5
3621,4,2,6670.0,1667.5,927.75
4334,5,2,6667.530000000001,1333.506,957.4
5827,3,1,6661.28,2220.4266666666667,382.0
7428,3,2,6649.44,2216.48,1079.0
1284,4,1,6649.04,1662.26,1320.0
9726,6,2,6634.26,1105.71,887.5
6639,4,2,6626.67,1656.6675,519.5
3550,3,1,6604.36,2201.4533333333334,966.3333333333334
9507,3,2,6597.48,2199.16,1144.3333333333333
7553,2,2,6591.74,3295.87,1055.0
7517,4,3,6569.68,1642.42,533.25
2780,7,2,6567.049999999999,938.1499999999999,852.1428571428571
3662,3,1,6559.04,2186.346666666667,752.6666666666666
4866,3,2,6544.44,2181.48,1030.6666666666667
4596,2,2,6535.43,3267.715,815.0
8651,8,2,6519.0599999999995,814.8824999999999,587.125
2648,6,3,6517.379999999999,1086.2299999999998,814.8333333333334
2799,3,3,6504.94,2168.313333333333,1274.0
6409,2,2,6503.26,3251.63,988.0
3193,4,2,6477.18,1619.295,999.5
9348,5,3,6469.54,1293.908,971.2
5942,2,2,6460.49,3230.245,1087.5
4986,2,2,6459.74,3229.87,772.5
7850,2,2,6450.37,3225.185,797.0
9278,3,1,6440.7,2146.9,796.3333333333334
6240,3,1,6439.0,2146.3333333333335,1210.3333333333333
4019,6,3,6437.1900000000005,1072.865,1137.5
3935,6,1,6430.12,1071.6866666666667,808.6666666666666
2082,3,2,6424.95,2141.65,544.3333333333334
2770,7,2,6422.71,917.53,1274.857142857143
3870,3,1,6415.09,2138.3633333333332,777.6666666666666
2814,3,2,6410.81,2136.936666666667,1049.0
9419,3,1,6409.44,2136.48,1562.3333333333333
2295,2,1,6400.47,3200.235,366.0
5757,6,2,6397.4,1066.2333333333333,881.6666666666666
3377,3,1,6388.2,2129.4,861.3333333333334
7072,6,3,6381.92,1063.6533333333334,954.5
7542,7,4,6380.799999999999,911.5428571428571,896.0
4818,6,4,6372.86,1062.1433333333332,906.5
3827,5,3,6372.849999999999,1274.57,1057.8
3976,4,2,6368.5599999999995,1592.1399999999999,739.0
9225,6,2,6360.83,1060.1383333333333,885.6666666666666
3543,7,3,6348.01,906.8585714285715,979.4285714285714
8379,8,2,6343.4400000000005,792.9300000000001,876.625
6208,3,1,6342.08,2114.0266666666666,813.6666666666666
4939,3,2,6339.5,2113.1666666666665,948.0
4459,2,2,6336.02,3168.01,701.5
8115,7,1,6333.5,904.7857142857143,773.1428571428571
4728,4,1,6321.76,1580.44,761.25
6088,7,4,6311.89,901.6985714285714,944.1428571428571
4168,6,2,6306.76,1051.1266666666668,543.6666666666666
2446,6,1,6305.0,1050.8333333333333,993.1666666666666
9921,4,2,6298.85,1574.7125,628.25
9552,3,1,6294.28,2098.0933333333332,763.6666666666666
7947,6,2,6286.3099999999995,1047.7183333333332,751.1666666666666
1840,3,2,6283.03,2094.3433333333332,962.3333333333334
8952,6,3,6278.0,1046.3333333333333,947.8333333333334
1058,3,2,6257.73,2085.91,903.3333333333334
6389,6,1,6243.88,1040.6466666666668,925.6666666666666
4265,1,1,6237.02,6237.02,1526.0
7225,3,2,6234.070000000001,2078.0233333333335,679.3333333333334
4635,3,1,6233.48,2077.8266666666664,1181.6666666666667
4575,3,1,6218.53,2072.8433333333332,731.0
7142,4,3,6206.889999999999,1551.7224999999999,902.75
1979,2,1,6200.4,3100.2,1460.0
3403,3,2,6197.36,2065.7866666666664,622.3333333333334
5909,4,2,6184.5,1546.125,704.75
7600,8,3,6181.150000000001,772.6437500000001,826.125
4816,3,1,6170.93,2056.976666666667,867.0
8973,2,1,6154.85,3077.425,803.0
5245,5,2,6146.6,1229.3200000000002,797.2
7494,4,2,6142.879999999999,1535.7199999999998,363.5
4330,3,3,6137.64,2045.88,742.6666666666666
9369,4,2,6135.46,1533.865,1110.25
4590,3,1,6133.61,2044.5366666666666,1093.0
7005,4,2,6127.66,1531.915,1080.75
5710,5,2,6117.19,1223.4379999999999,1291.4
1765,4,3,6114.2,1528.55,1160.75
7003,3,3,6094.67,2031.5566666666666,1241.3333333333333
3741,4,3,6094.389999999999,1523.5974999999999,940.5
6891,2,1,6089.47,3044.735,299.0
7701,4,3,6087.040000000001,1521.7600000000002,791.25
7122,5,2,6075.05,1215.01,905.8
9399,2,1,6064.42,3032.21,866.0
9634,3,1,6060.36,2020.12,1127.3333333333333
1312,3,2,6037.98,2012.6599999999999,665.3333333333334
7603,4,2,6031.84,1507.96,686.75
9931,5,2,6026.58,1205.316,771.6
6898,5,1,6021.52,1204.304,979.6
5148,3,3,6018.0599999999995,2006.0199999999998,1067.6666666666667
1501,1,1,6016.54,6016.54,127.0
2818,4,2,6011.61,1502.9025,795.25
5529,4,1,6006.6,1501.65,977.5
4336,3,1,5997.12,1999.04,1309.0
8032,7,2,5992.95,856.1357142857142,921.5714285714286
9075,2,1,5987.76,2993.88,1256.5
4185,1,1,5984.71,5984.71,1618.0
8848,3,1,5978.31,1992.7700000000002,1417.3333333333333
5858,5,2,5974.68,1194.9360000000001,939.8
1440,4,1,5960.25,1490.0625,1001.0
8260,2,1,5959.84,2979.92,1164.5
6058,3,3,5955.150000000001,1985.0500000000002,850.6666666666666
3240,3,2,5949.87,1983.29,626.6666666666666
6243,5,3,5940.6,1188.1200000000001,1037.2
4608,2,1,5934.75,2967.375,1397.5
6038,3,2,5932.62,1977.54,704.0
4089,7,1,5932.46,847.4942857142858,779.8571428571429
3245,7,2,5923.93,846.2757142857143,1227.857142857143
7658,10,2,5916.89,591.6890000000001,865.2
2435,4,2,5916.63,1479.1575,746.75
9629,6,3,5906.11,984.3516666666666,1155.1666666666667
5376,4,2,5905.45,1476.3625,760.25
9818,3,1,5903.7,1967.8999999999999,897.6666666666666
3342,5,1,5903.34,1180.6680000000001,1157.8
9068,6,3,5875.67,979.2783333333333,1107.3333333333333
6187,3,1,5872.2,1957.3999999999999,547.3333333333334
5039,1,1,5867.1,5867.1,1534.0
5464,2,1,5860.0,2930.0,608.5
5720,4,2,5847.68,1461.92,851.25
5779,1,1,5844.78,5844.78,1394.0
2546,5,1,5820.69,1164.138,374.4
1943,5,2,5817.66,1163.532,635.6
6364,4,1,5811.3,1452.825,1133.0
9785,3,1,5796.39,1932.13,867.6666666666666
2955,3,2,5796.3,1932.1000000000001,454.6666666666667
3211,3,1,5794.96,1931.6533333333334,1211.0
5514,7,2,5784.89,826.4128571428572,880.7142857142857
9983,3,2,5784.139999999999,1928.0466666666664,869.6666666666666
2506,6,1,5779.33,963.2216666666667,736.5
4523,5,1,5779.32,1155.864,1432.2
1487,3,1,5778.76,1926.2533333333333,961.0
2973,5,3,5777.7,1155.54,983.4
9188,5,2,5773.44,1154.6879999999999,874.8
5092,6,2,5768.9,961.4833333333332,791.6666666666666
9978,5,2,5745.68,1149.136,958.0
8898,2,1,5727.51,2863.755,1351.5
7639,6,2,5717.47,952.9116666666667,1089.5
6478,7,3,5704.41,814.9157142857142,674.1428571428571
1951,4,4,5702.030000000001,1425.5075000000002,530.25
6104,5,3,5695.15,1139.03,943.4
9817,2,2,5694.05,2847.025,463.5
8499,5,2,5686.5,1137.3,863.6
8399,3,1,5679.92,1893.3066666666666,838.3333333333334
4625,8,3,5667.76,708.47,1386.0
3980,5,2,5666.77,1133.354,542.0
5534,3,2,5666.76,1888.92,1647.0
8241,5,3,5663.889999999999,1132.7779999999998,570.8
3613,2,2,5662.04,2831.02,913.0
6473,3,1,5650.16,1883.3866666666665,1200.6666666666667
2155,5,3,5645.68,1129.136,964.2
5032,2,2,5641.2699999999995,2820.6349999999998,241.0
9168,3,2,5639.1,1879.7,1307.3333333333333
1196,5,2,5634.82,1126.964,1109.6
4912,7,2,5631.179999999999,804.4542857142857,854.2857142857143
7833,4,1,5630.64,1407.66,906.5
8023,4,2,5623.85,1405.9625,957.5
1159,4,1,5605.16,1401.29,452.0
7018,3,2,5590.009999999999,1863.3366666666664,734.0
9085,2,1,5586.68,2793.34,1283.0
8028,4,2,5580.9,1395.225,683.25
7097,6,1,5580.16,930.0266666666666,804.3333333333334
3383,5,2,5576.62,1115.324,459.0
1523,3,1,5576.1,1858.7,987.0
8603,1,1,5573.31,5573.31,1043.0
2705,3,1,5568.58,1856.1933333333334,991.3333333333334
6895,3,2,5557.8099999999995,1852.6033333333332,781.3333333333334
9707,4,1,5553.0,1388.25,1030.5
5288,6,2,5552.33,925.3883333333333,673.8333333333334
4786,6,3,5536.85,922.8083333333334,1034.3333333333333
6809,2,2,5535.290000000001,2767.6450000000004,869.0
6153,6,1,5532.55,922.0916666666667,886.3333333333334
8682,3,2,5531.929999999999,1843.9766666666665,1344.3333333333333
8345,5,1,5525.43,1105.086,1260.8
3934,4,3,5505.83,1376.4575,625.25
2378,5,2,5497.6,1099.52,942.2
1747,3,3,5489.889999999999,1829.9633333333331,811.6666666666666
4433,5,3,5489.330000000001,1097.8660000000002,1103.0
3559,5,2,5479.88,1095.976,1113.4
5889,4,3,5474.77,1368.6925,1027.0
5961,3,1,5472.29,1824.0966666666666,1109.0
4857,4,1,5463.21,1365.8025,942.75
3551,4,2,5448.4,1362.1,622.75
1851,3,1,5448.2,1816.0666666666666,249.33333333333334
6415,4,2,5423.620000000001,1355.9050000000002,788.25
7652,6,1,5412.63,902.105,975.3333333333334
2312,5,1,5409.68,1081.9360000000001,689.4
9205,4,3,5402.23,1350.5575,642.25
1646,8,2,5386.24,673.28,621.75
9765,2,2,5383.120000000001,2691.5600000000004,1059.5
7346,6,1,5381.88,896.98,737.1666666666666
3291,5,2,5370.21,1074.042,521.2
7249,4,3,5363.76,1340.94,964.75
4950,2,2,5362.47,2681.235,1196.5
5960,3,1,5352.26,1784.0866666666668,368.6666666666667
4965,4,1,5348.71,1337.1775,1208.75
9093,4,1,5346.25,1336.5625,1077.25
9633,4,1,5328.79,1332.1975,1257.5
9569,6,1,5326.77,887.7950000000001,1023.3333333333334
2602,4,1,5324.58,1331.145,1195.75
5770,3,2,5324.23,1774.743333333333,686.3333333333334
6223,6,1,5321.89,886.9816666666667,669.1666666666666
5869,1,1,5321.72,5321.72,1367.0
7787,3,3,5321.52,1773.8400000000001,1160.0
7507,2,1,5312.97,2656.485,1276.5
8708,9,3,5309.18,589.9088888888889,1073.4444444444443
3690,3,1,5307.62,1769.2066666666667,1090.0
1062,3,2,5304.35,1768.1166666666668,1032.0
5060,4,1,5304.18,1326.045,764.75
1498,4,1,5302.37,1325.5925,452.0
6406,3,1,5299.16,1766.3866666666665,1142.6666666666667
9477,3,1,5295.12,1765.04,1280.0
1183,4,1,5294.04,1323.51,1005.25
8377,7,3,5287.29,755.3271428571428,846.1428571428571
5915,2,1,5287.19,2643.595,789.5
4317,4,3,5285.85,1321.4625,682.5
8563,2,2,5281.4,2640.7,1030.5
3486,3,1,5275.04,1758.3466666666666,813.3333333333334
7509,5,1,5269.01,1053.8020000000001,1404.2
9187,5,1,5251.83,1050.366,1180.8
2325,4,1,5234.01,1308.5025,1024.5
9638,5,2,5225.09,1045.018,1032.8
7402,3,1,5223.94,1741.3133333333333,1205.6666666666667
3310,2,2,5221.030000000001,2610.5150000000003,485.0
1763,5,1,5219.03,1043.806,605.4
4310,3,2,5213.93,1737.9766666666667,1199.3333333333333
6276,6,3,5208.5,868.0833333333334,803.8333333333334
1675,5,2,5207.360000000001,1041.4720000000002,641.6
1419,6,2,5203.04,867.1733333333333,830.6666666666666
7391,4,3,5199.73,1299.9325,959.25
7899,2,1,5196.12,2598.06,303.5
7010,5,2,5193.19,1038.638,1119.6
3162,6,2,5189.4400000000005,864.9066666666668,818.1666666666666
4161,3,1,5184.08,1728.0266666666666,451.6666666666667
9723,3,1,5173.84,1724.6133333333335,910.0
2074,7,2,5171.09,738.7271428571429,816.0
6339,3,3,5153.5599999999995,1717.8533333333332,1147.0
8054,4,1,5136.36,1284.09,914.25
4251,4,2,5128.53,1282.1325,1051.25
4984,3,2,5128.49,1709.4966666666667,1032.0
7356,2,1,5128.03,2564.015,1525.0
6202,4,1,5126.22,1281.555,1041.75
3833,2,1,5109.3,2554.65,344.5
8744,4,1,5100.64,1275.16,760.25
4546,9,3,5091.650000000001,565.7388888888889,795.4444444444445
3848,5,2,5083.42,1016.684,764.2
5418,4,1,5081.0,1270.25,604.75
5956,5,1,5080.54,1016.108,1190.4
8136,3,1,5074.32,1691.4399999999998,1251.0
7384,6,1,5062.32,843.7199999999999,1232.3333333333333
9771,1,1,5050.12,5050.12,1645.0
8531,3,3,5049.22,1683.0733333333335,1300.6666666666667
4028,2,2,5048.360000000001,2524.1800000000003,1003.0
5601,4,2,5046.88,1261.72,251.0
8324,3,2,5046.5199999999995,1682.1733333333332,841.6666666666666
8534,5,1,5044.07,1008.814,829.2
3715,7,2,5040.16,720.0228571428571,795.1428571428571
5498,2,1,5022.84,2511.42,468.0
1497,2,1,5020.5,2510.25,1730.0
9860,7,2,5017.68,716.8114285714286,1012.8571428571429
8611,3,1,5016.35,1672.1166666666668,1313.6666666666667
4098,1,1,5001.84,5001.84,1411.0
8981,4,1,5001.12,1250.28,1004.0
5416,5,3,4996.34,999.268,969.2
7618,5,2,4994.63,998.926,647.2
2141,3,1,4993.64,1664.5466666666669,1524.6666666666667
1510,3,1,4993.48,1664.493333333333,1422.0
3534,4,2,4984.02,1246.005,1047.25
2832,1,1,4980.84,4980.84,1715.0
9479,4,1,4980.2,1245.05,997.0
3073,2,1,4979.55,2489.775,1414.0
6107,1,1,4978.23,4978.23,713.0
7060,3,2,4974.6,1658.2,607.3333333333334
9363,4,2,4971.89,1242.9725,966.0
7259,4,2,4965.61,1241.4025,899.75
2517,2,2,4964.02,2482.01,1471.0
7555,4,2,4962.84,1240.71,817.0
3119,3,2,4961.79,1653.93,1131.0
4187,6,2,4956.900000000001,826.1500000000001,490.8333333333333
5278,4,1,4951.04,1237.76,933.25
7544,3,2,4950.79,1650.2633333333333,736.3333333333334
1463,3,1,4949.6,1649.8666666666668,1130.6666666666667
5340,3,1,4948.2,1649.3999999999999,1166.3333333333333
6343,4,2,4942.68,1235.67,920.0
1331,3,1,4930.51,1643.5033333333333,434.0
6767,4,1,4927.84,1231.96,900.75
4846,4,2,4914.88,1228.72,823.0
1096,4,2,4912.93,1228.2325,846.5
6979,3,2,4909.82,1636.6066666666666,1137.0
3847,2,1,4909.18,2454.59,1301.0
1155,5,2,4908.51,981.702,805.8
9992,2,2,4906.209999999999,2453.1049999999996,777.5
9448,4,1,4905.51,1226.3775,916.25
2916,3,2,4901.32,1633.7733333333333,1072.6666666666667
6705,3,3,4900.120000000001,1633.3733333333337,743.3333333333334
3225,5,3,4888.14,977.628,952.0
2889,10,2,4884.33,488.433,727.0
5880,5,2,4883.01,976.6020000000001,967.4
2260,3,2,4882.51,1627.5033333333333,599.3333333333334
5669,6,3,4882.39,813.7316666666667,962.1666666666666
5188,4,1,4880.26,1220.065,877.0
4555,4,1,4871.5,1217.875,684.25
3658,4,3,4867.0,1216.75,450.5
9412,2,2,4866.42,2433.21,803.5
7030,2,1,4865.55,2432.775,924.0
7927,4,3,4852.77,1213.1925,1079.0
8707,3,1,4850.2,1616.7333333333333,812.3333333333334
7189,5,3,4847.74,969.548,634.8
1585,3,1,4847.17,1615.7233333333334,1178.6666666666667
5489,2,1,4844.2,2422.1,1334.0
6782,4,1,4833.27,1208.3175,1071.75
6443,4,2,4832.33,1208.0825,799.0
2402,3,2,4831.389999999999,1610.4633333333331,1154.3333333333333
8338,5,1,4820.48,964.0959999999999,699.8
4059,3,2,4818.08,1606.0266666666666,417.3333333333333
2215,3,2,4814.959999999999,1604.9866666666665,794.0
8341,6,3,4810.91,801.8183333333333,936.3333333333334
4405,5,2,4808.39,961.6780000000001,863.6
8311,3,2,4807.780000000001,1602.5933333333335,621.6666666666666
5838,3,2,4807.65,1602.55,965.3333333333334
9266,2,1,4807.57,2403.785,807.0
4296,3,1,4806.65,1602.2166666666665,1030.3333333333333
7073,6,2,4805.88,800.98,792.6666666666666
5508,3,2,4799.0599999999995,1599.6866666666665,962.0
8928,2,2,4793.14,2396.57,918.5
2421,2,2,4790.17,2395.085,888.0
3966,3,2,4789.88,1596.6266666666668,920.0
1348,4,1,4789.77,1197.4425,1083.0
5798,6,3,4788.68,798.1133333333333,615.8333333333334
6594,6,2,4785.469999999999,797.5783333333333,824.1666666666666
8629,3,2,4782.21,1594.07,1303.6666666666667
1728,2,1,4775.0,2387.5,1721.5
3627,2,1,4768.74,2384.37,1186.5
4522,2,1,4767.7,2383.85,1206.5
3629,2,1,4764.84,2382.42,1033.5
1789,4,1,4764.74,1191.185,705.0
9368,5,3,4764.46,952.892,1118.2
4283,6,2,4764.04,794.0066666666667,588.3333333333334
2631,3,1,4762.62,1587.54,1212.3333333333333
1773,5,4,4761.9400000000005,952.3880000000001,948.0
7878,1,1,4759.17,4759.17,86.0
5725,10,2,4757.410000000001,475.7410000000001,710.8
4692,2,2,4754.51,2377.255,740.0
2451,5,2,4754.38,950.876,699.6
8586,2,2,4753.72,2376.86,1010.0
5425,1,1,4752.42,4752.42,1202.0
5221,6,3,4751.84,791.9733333333334,766.6666666666666
9294,4,1,4750.29,1187.5725,1017.25
1368,4,2,4747.9400000000005,1186.9850000000001,832.0
3263,3,2,4747.86,1582.62,1140.0
6833,4,1,4737.48,1184.37,758.25
7508,4,3,4737.23,1184.3075,525.75
2064,5,1,4722.15,944.43,1189.6
4632,4,1,4713.37,1178.3425,703.75
7134,3,2,4711.66,1570.5533333333333,1539.3333333333333
4413,1,1,4710.4,4710.4,1000.0
5525,5,1,4709.6,941.9200000000001,649.2
3473,6,4,4706.65,784.4416666666666,750.1666666666666
3402,7,4,4704.38,672.0542857142857,1034.7142857142858
5518,7,2,4699.67,671.3814285714286,1118.4285714285713
3386,3,2,4699.51,1566.5033333333333,1070.3333333333333
1854,2,2,4694.13,2347.065,905.0
7949,4,2,4683.13,1170.7825,451.25
5466,4,2,4672.51,1168.1275,1031.75
2556,5,1,4668.81,933.7620000000001,793.4
7725,1,1,4667.68,4667.68,205.0
9431,5,2,4666.1,933.22,889.8
2688,7,4,4665.7699999999995,666.5385714285713,1060.4285714285713
7805,6,1,4663.52,777.2533333333334,845.5
7881,4,2,4655.64,1163.91,1246.25
4677,2,1,4654.66,2327.33,614.0
1351,2,1,4652.64,2326.32,537.0
6067,5,1,4645.32,929.064,905.6
2798,8,2,4643.15,580.39375,712.375
9197,6,4,4642.55,773.7583333333333,1218.3333333333333
5093,4,1,4636.12,1159.03,599.25
6121,3,1,4633.45,1544.4833333333333,273.0
6658,4,2,4624.110000000001,1156.0275000000001,519.0
4473,2,1,4621.36,2310.68,303.0
1009,5,3,4616.63,923.326,806.6
8129,5,1,4614.6,922.9200000000001,1409.6
2847,5,1,4613.8,922.76,884.4
9732,4,2,4610.57,1152.6425,808.0
1719,3,2,4606.89,1535.63,978.3333333333334
6471,4,2,4597.04,1149.26,632.5
1361,3,3,4596.29,1532.0966666666666,1319.6666666666667
1529,3,2,4588.91,1529.6366666666665,1317.6666666666667
7834,3,2,4587.71,1529.2366666666667,1348.0
8037,5,2,4587.35,917.47,1341.4
8942,5,2,4586.04,917.208,1033.4
9639,7,4,4585.86,655.1228571428571,476.2857142857143
2794,2,1,4580.96,2290.48,1054.0
7050,4,1,4573.62,1143.405,1177.0
7153,2,1,4571.76,2285.88,527.0
5213,5,3,4566.01,913.202,1230.8
6909,5,2,4565.71,913.142,962.2
2199,3,2,4552.85,1517.6166666666668,309.0
5484,3,2,4552.2,1517.3999999999999,771.0
3884,4,1,4545.56,1136.39,912.0
8215,4,3,4527.92,1131.98,474.0
5771,2,2,4523.67,2261.835,899.0
1118,1,1,4522.5,4522.5,500.0
3466,4,1,4520.0,1130.0,683.75
1197,4,1,4518.88,1129.72,1150.0
2226,2,1,4514.0,2257.0,1252.5
4512,4,1,4512.32,1128.08,913.25
1038,4,1,4503.98,1125.995,1076.0
3218,3,1,4502.4,1500.8,578.6666666666666
2438,3,1,4495.8,1498.6000000000001,1284.6666666666667
7388,5,1,4491.65,898.3299999999999,976.2
1985,6,1,4485.96,747.66,1161.1666666666667
1873,2,1,4479.51,2239.755,703.0
6634,9,2,4477.66,497.5177777777778,1092.888888888889
3358,3,1,4474.89,1491.63,1178.3333333333333
7950,2,1,4472.26,2236.13,670.0
5920,3,2,4470.3,1490.1000000000001,995.6666666666666
6279,2,1,4469.82,2234.91,317.5
7953,2,1,4467.16,2233.58,850.0
6863,4,2,4466.73,1116.6825,773.25
3300,5,3,4454.7300000000005,890.9460000000001,740.2
2349,5,2,4454.23,890.8459999999999,744.2
8373,2,1,4449.76,2224.88,1391.5
6734,2,1,4444.59,2222.295,622.5
7423,6,1,4441.77,740.2950000000001,1096.5
3438,4,3,4428.71,1107.1775,417.5
9614,6,3,4422.33,737.055,923.1666666666666
1539,4,2,4421.79,1105.4475,732.5
4349,2,1,4420.73,2210.365,415.5
8279,4,2,4420.73,1105.1825,569.5
7360,8,2,4415.95,551.99375,767.625
3258,2,1,4411.99,2205.995,724.5
7123,4,1,4408.56,1102.14,899.75
7248,3,1,4405.72,1468.5733333333335,371.0
7799,2,1,4404.24,2202.12,521.5
9668,1,1,4401.23,4401.23,45.0
4564,5,3,4397.78,879.5559999999999,1109.0
3883,6,2,4394.8,732.4666666666667,626.6666666666666
8176,6,2,4394.09,732.3483333333334,875.8333333333334
1620,3,1,4390.95,1463.6499999999999,920.0
8823,7,2,4389.32,627.0457142857142,550.8571428571429
3989,6,2,4387.52,731.2533333333334,636.0
5875,2,1,4387.44,2193.72,856.0
3121,3,2,4383.87,1461.29,946.6666666666666
2527,3,2,4376.7,1458.8999999999999,1126.6666666666667
2009,4,2,4369.6,1092.4,935.75
3939,1,1,4369.58,4369.58,1312.0
1278,4,2,4367.72,1091.93,581.75
9289,4,2,4367.049999999999,1091.7624999999998,1185.25
9888,3,1,4366.62,1455.54,1391.6666666666667
5397,3,1,4361.91,1453.97,1291.3333333333333
8552,3,1,4360.83,1453.61,961.3333333333334
9457,4,1,4352.02,1088.005,1310.25
1953,4,2,4341.24,1085.31,935.5
9704,1,1,4339.03,4339.03,1564.0
5151,3,1,4337.17,1445.7233333333334,717.0
2364,2,1,4331.28,2165.64,316.5
1042,5,3,4330.68,866.1360000000001,525.2
6476,4,1,4322.37,1080.5925,807.0
1543,4,1,4321.89,1080.4725,713.0
8262,3,1,4317.9,1439.3,603.3333333333334
4104,5,2,4315.97,863.1940000000001,1329.6
6393,2,1,4315.03,2157.515,541.5
1762,2,1,4314.87,2157.435,414.5
6177,2,1,4306.6,2153.3,1278.5
4750,3,1,4305.24,1435.08,1137.3333333333333
4096,2,1,4301.07,2150.535,682.0
1366,6,1,4299.17,716.5283333333333,1031.8333333333333
4105,3,2,4288.38,1429.46,584.6666666666666
4847,2,1,4287.6,2143.8,139.5
4175,3,1,4287.3,1429.1000000000001,877.0
3283,1,1,4274.84,4274.84,633.0
4622,3,2,4269.92,1423.3066666666666,917.3333333333334
4243,4,2,4260.97,1065.2425,1018.25
3887,4,1,4259.91,1064.9775,764.0
5206,2,1,4256.56,2128.28,1243.0
4714,2,2,4254.76,2127.38,1484.5
1079,4,1,4252.77,1063.1925,1218.0
7726,2,1,4252.35,2126.175,959.5
8035,2,2,4250.4,2125.2,1012.0
8327,5,3,4247.0599999999995,849.4119999999999,1172.6
4595,2,2,4245.41,2122.705,1006.0
4721,5,2,4242.63,848.5260000000001,796.2
9308,4,3,4242.59,1060.6475,1087.75
3881,4,1,4236.88,1059.22,692.5
3200,8,3,4233.42,529.1775,1119.0
8337,4,1,4229.2,1057.3,1279.75
1483,2,2,4226.91,2113.455,886.5
4318,3,2,4225.06,1408.3533333333335,728.0
5860,3,2,4225.01,1408.3366666666668,1361.3333333333333
7151,2,2,4224.4800000000005,2112.2400000000002,390.5
9940,5,2,4222.35,844.47,1428.0
7751,3,1,4220.6,1406.8666666666668,1516.6666666666667
1420,3,1,4219.62,1406.54,1197.0
5010,2,2,4216.62,2108.31,1190.5
3432,3,2,4211.07,1403.6899999999998,760.3333333333334
8284,4,1,4197.54,1049.385,657.5
8779,3,2,4196.82,1398.9399999999998,718.0
2097,5,3,4193.98,838.7959999999999,625.8
8453,3,2,4193.09,1397.6966666666667,1260.0
8737,5,2,4190.45,838.0899999999999,290.4
3988,4,2,4183.2,1045.8,1262.75
2680,7,2,4179.96,597.1371428571429,840.1428571428571
8953,3,1,4176.52,1392.1733333333334,915.0
3914,2,1,4176.51,2088.255,1557.0
5533,5,3,4167.73,833.5459999999999,994.8
8012,2,1,4163.64,2081.82,630.0
9924,4,2,4163.6,1040.9,648.5
4863,4,2,4157.91,1039.4775,1032.25
5939,3,1,4156.23,1385.4099999999999,978.3333333333334
6610,3,2,4152.37,1384.1233333333332,1156.3333333333333
1503,4,1,4151.74,1037.935,1148.0
5018,6,2,4148.030000000001,691.3383333333335,715.0
6599,3,3,4147.35,1382.45,839.3333333333334
3876,4,1,4145.45,1036.3625,500.5
6395,4,2,4144.370000000001,1036.0925000000002,921.75
2859,2,1,4138.96,2069.48,406.0
2526,3,2,4137.12,1379.04,811.3333333333334
7252,3,1,4129.66,1376.5533333333333,788.3333333333334
6319,5,2,4126.9400000000005,825.3880000000001,1130.6
2549,6,2,4126.59,687.765,1066.6666666666667
7943,5,3,4124.2,824.8399999999999,1347.4
5013,3,2,4122.15,1374.05,923.6666666666666
7611,6,2,4121.42,686.9033333333333,1054.3333333333333
8613,5,3,4117.28,823.4559999999999,669.2
3191,2,2,4114.66,2057.33,738.5
2871,3,2,4114.53,1371.51,788.0
6156,3,1,4108.1,1369.3666666666668,1128.6666666666667
2931,5,1,4104.24,820.848,1359.0
2586,3,1,4102.48,1367.493333333333,838.6666666666666
3072,3,2,4101.24,1367.08,1135.3333333333333
7741,3,2,4098.42,1366.14,402.6666666666667
5126,4,1,4094.21,1023.5525,634.75
7505,5,1,4091.46,818.292,623.6
8969,5,1,4089.69,817.938,851.4
6803,3,2,4089.4900000000002,1363.1633333333334,1231.0
7111,6,3,4088.6099999999997,681.435,992.6666666666666
3775,5,2,4084.83,816.966,922.2
7734,1,1,4079.31,4079.31,539.0
4254,5,4,4072.35,814.47,1206.2
1327,3,2,4069.45,1356.4833333333333,1089.6666666666667
2120,3,1,4068.52,1356.1733333333334,927.0
3894,3,1,4068.51,1356.17,1038.3333333333333
4379,3,1,4067.38,1355.7933333333333,1305.0
1941,6,3,4066.58,677.7633333333333,1064.3333333333333
4080,4,1,4065.77,1016.4425,1014.25
8201,2,1,4065.7,2032.85,1055.5
1382,3,2,4061.77,1353.9233333333334,992.6666666666666
7646,4,1,4060.86,1015.215,1155.25
9859,6,3,4057.34,676.2233333333334,905.8333333333334
9952,7,1,4054.2,579.1714285714286,1194.4285714285713
5999,9,3,4053.8099999999995,450.4233333333333,425.77777777777777
6743,6,3,4053.02,675.5033333333333,944.3333333333334
8750,4,3,4052.46,1013.115,903.25
6793,7,2,4052.34,578.9057142857143,872.2857142857143
1484,6,2,4044.9100000000003,674.1516666666668,704.5
4903,5,2,4042.13,808.426,941.8
7578,2,1,4041.07,2020.535,471.5
1227,2,1,4039.92,2019.96,363.0
7697,2,1,4039.74,2019.87,607.5
5406,4,2,4037.97,1009.4925,1205.0
8479,1,1,4037.22,4037.22,1042.0
5211,4,1,4036.14,1009.035,148.0
9443,4,1,4035.76,1008.94,1056.0
8080,6,3,4035.71,672.6183333333333,900.0
7099,2,2,4033.6400000000003,2016.8200000000002,691.0
1990,1,1,4020.52,4020.52,1454.0
1698,2,2,4020.0,2010.0,743.0
6494,3,2,4019.45,1339.8166666666666,747.0
6526,3,1,4015.68,1338.56,933.3333333333334
9932,4,2,4014.9900000000002,1003.7475000000001,1073.0
7062,3,1,4011.36,1337.1200000000001,421.6666666666667
9016,5,1,4004.72,800.944,1094.2
4009,3,1,4003.56,1334.52,938.3333333333334
8084,4,1,3994.6,998.65,780.0
3593,5,3,3994.54,798.908,669.0
2081,3,1,3992.52,1330.84,728.0
9839,4,2,3991.05,997.7625,1212.5
9050,3,2,3988.6499999999996,1329.55,978.3333333333334
1889,2,1,3985.24,1992.62,1251.0
5399,4,1,3984.39,996.0975,1248.75
5046,2,1,3983.36,1991.68,882.0
6047,5,1,3983.08,796.616,1181.8
9453,4,2,3981.11,995.2775,1216.0
9873,7,3,3978.3900000000003,568.3414285714287,1194.142857142857
6731,5,1,3974.24,794.848,650.2
2559,4,1,3969.94,992.485,838.5
5688,6,2,3969.02,661.5033333333333,1139.8333333333333
1388,7,1,3964.28,566.3257142857143,581.8571428571429
8217,4,1,3961.96,990.49,745.0
2335,5,2,3961.23,792.246,529.4
7127,4,1,3957.72,989.43,409.75
2429,4,1,3957.48,989.37,824.0
4079,6,2,3955.5099999999998,659.2516666666667,961.6666666666666
9264,5,2,3952.1899999999996,790.4379999999999,1085.6
8781,5,2,3952.1299999999997,790.4259999999999,745.0
5459,5,2,3951.57,790.3140000000001,788.2
3467,5,1,3949.23,789.846,696.6
1676,2,2,3942.9700000000003,1971.4850000000001,756.5
3419,4,2,3938.33,984.5825,1116.25
7469,2,2,3936.37,1968.185,913.0
3938,6,1,3931.06,655.1766666666666,899.8333333333334
7976,2,1,3931.05,1965.525,955.0
2841,2,1,3929.76,1964.88,1263.5
5981,3,2,3929.55,1309.8500000000001,876.6666666666666
7126,3,2,3929.1899999999996,1309.7299999999998,1321.3333333333333
4391,3,2,3928.09,1309.3633333333335,669.0
6464,4,1,3926.16,981.54,1146.25
3301,5,1,3925.78,785.1560000000001,1436.4
7293,6,2,3920.44,653.4066666666666,1073.0
4092,5,1,3916.67,783.3340000000001,809.8
4012,2,1,3915.48,1957.74,856.0
9328,2,1,3915.12,1957.56,645.0
8026,2,1,3906.7,1953.35,1295.5
8244,2,1,3905.96,1952.98,702.5
3824,5,3,3904.47,780.894,690.8
1926,8,3,3901.2299999999996,487.65374999999995,928.75
5302,2,1,3899.16,1949.58,999.5
1243,3,1,3898.5,1299.5,434.6666666666667
4514,2,2,3893.09,1946.545,1435.5
2717,2,2,3890.17,1945.085,1306.0
2591,2,1,3883.94,1941.97,1059.0
6578,2,2,3883.7700000000004,1941.8850000000002,675.5
7633,3,2,3881.13,1293.71,634.3333333333334
9228,4,2,3879.87,969.9675,692.75
3036,2,2,3871.66,1935.83,394.0
5496,2,1,3870.3,1935.15,1009.5
8794,3,1,3869.36,1289.7866666666666,1117.6666666666667
9422,6,2,3869.2799999999997,644.88,753.0
5378,4,1,3867.51,966.8775,1213.75
7367,2,1,3865.47,1932.735,922.5
4813,4,1,3862.44,965.61,1237.25
5863,5,2,3859.38,771.876,698.4
8911,3,2,3858.29,1286.0966666666666,636.3333333333334
4809,4,1,3851.35,962.8375,991.5
4587,4,1,3850.44,962.61,767.75
9954,2,1,3849.4,1924.7,326.5
1694,4,1,3849.17,962.2925,546.0
1270,4,2,3845.93,961.4825,728.5
9245,1,1,3844.34,3844.34,1768.0
4887,6,2,3840.1899999999996,640.0316666666666,768.8333333333334
3562,8,1,3824.88,478.11,907.625
2689,3,3,3816.79,1272.2633333333333,900.6666666666666
3962,5,2,3816.76,763.3520000000001,946.4
9685,4,2,3810.04,952.51,1100.75
2644,4,2,3809.29,952.3225,761.75
5328,2,1,3805.9,1902.95,1069.5
9446,3,1,3802.13,1267.3766666666668,1693.6666666666667
1853,5,2,3799.8199999999997,759.9639999999999,570.2
2753,5,2,3799.0899999999997,759.818,854.8
1336,3,1,3797.19,1265.73,899.0
4993,7,1,3796.27,542.3242857142857,707.2857142857143
1712,6,1,3794.86,632.4766666666667,979.6666666666666
2810,3,2,3787.02,1262.34,534.6666666666666
7615,5,1,3786.18,757.236,844.2
2759,3,1,3785.88,1261.96,1080.3333333333333
6672,3,1,3784.0,1261.3333333333333,1065.6666666666667
8512,4,1,3782.55,945.6375,1050.25
1934,4,2,3780.33,945.0825,1109.0
9366,3,2,3780.27,1260.09,1162.3333333333333
7031,2,1,3777.44,1888.72,743.5
6289,3,2,3774.6400000000003,1258.2133333333334,1053.0
3192,3,2,3772.46,1257.4866666666667,774.6666666666666
4122,5,2,3769.7599999999998,753.952,982.6
2533,4,1,3765.61,941.4025,1265.25
6806,4,1,3764.54,941.135,865.25
5709,3,2,3759.04,1253.0133333333333,1333.3333333333333
1886,1,1,3758.12,3758.12,1524.0
5431,2,1,3757.12,1878.56,452.0
4657,1,1,3754.47,3754.47,189.0
1430,2,1,3753.0,1876.5,472.0
9534,4,1,3751.99,937.9975,584.25
4165,2,1,3750.87,1875.435,735.5
8051,5,3,3749.42,749.884,808.2
3720,3,2,3747.54,1249.18,1172.6666666666667
4226,2,1,3746.3,1873.15,225.0
8653,5,3,3744.0,748.8,666.6
5627,5,1,3737.79,747.558,1319.8
5926,4,3,3734.0,933.5,1348.25
2701,3,1,3732.45,1244.1499999999999,795.6666666666666
6953,6,2,3730.21,621.7016666666667,1293.1666666666667
6204,2,1,3725.64,1862.82,1145.5
9263,3,1,3721.32,1240.44,538.3333333333334
7801,2,1,3719.24,1859.62,657.5
3022,3,1,3718.5,1239.5,595.0
7715,6,2,3705.77,617.6283333333333,1085.3333333333333
3558,4,2,3705.1299999999997,926.2824999999999,951.25
2448,3,1,3704.66,1234.8866666666665,1033.6666666666667
5322,3,1,3699.76,1233.2533333333333,967.6666666666666
4130,5,2,3697.2200000000003,739.4440000000001,630.4
9963,5,2,3696.62,739.324,760.6
1360,3,3,3696.46,1232.1533333333334,903.6666666666666
1385,1,1,3694.52,3694.52,1246.0
9268,5,1,3693.19,738.638,1223.0
8679,4,2,3688.9,922.225,546.0
1095,3,2,3681.54,1227.18,474.0
6969,3,2,3681.11,1227.0366666666666,973.6666666666666
9599,4,2,3676.37,919.0925,811.5
5339,4,1,3675.57,918.8925,1000.25
3850,2,1,3675.3,1837.65,788.0
4169,5,3,3673.29,734.658,1166.8
4431,4,3,3672.6099999999997,918.1524999999999,651.25
7731,4,1,3664.64,916.16,450.75
6330,4,1,3664.58,916.145,951.5
3021,3,2,3663.0899999999997,1221.03,701.0
5527,3,1,3662.71,1220.9033333333334,953.0
3387,2,1,3658.96,1829.48,1057.5
9985,2,1,3656.85,1828.425,1512.0
2936,4,3,3655.1000000000004,913.7750000000001,1297.0
1066,4,1,3654.18,913.545,852.0
3151,2,1,3652.0,1826.0,1089.5
1084,3,1,3648.04,1216.0133333333333,1055.6666666666667
7762,4,1,3646.88,911.72,465.75
6005,4,3,3645.11,911.2775,928.5
3654,4,1,3644.12,911.03,455.25
6295,2,2,3641.89,1820.945,1027.5
3909,2,1,3640.35,1820.175,462.5
8308,4,1,3630.95,907.7375,1013.25
6155,1,1,3630.6,3630.6,1142.0
6787,7,3,3630.08,518.5828571428572,534.4285714285714
4472,4,1,3625.96,906.49,1015.75
1570,3,1,3623.82,1207.94,1001.0
3029,3,1,3623.36,1207.7866666666666,584.6666666666666
3535,3,2,3622.63,1207.5433333333333,1126.3333333333333
8648,2,1,3620.26,1810.13,670.5
1203,6,2,3619.66,603.2766666666666,512.1666666666666
1241,6,2,3617.15,602.8583333333333,854.0
1894,1,1,3616.48,3616.48,1530.0
1647,3,2,3613.1000000000004,1204.3666666666668,1119.3333333333333
7711,4,2,3607.44,901.86,1304.5
4554,4,2,3604.8500000000004,901.2125000000001,891.5
3318,4,1,3604.26,901.065,293.75
1319,4,2,3602.98,900.745,1192.5
7436,4,1,3601.4,900.35,737.25
6454,2,1,3599.19,1799.595,1453.5
8972,3,1,3598.59,1199.53,780.3333333333334
8978,5,2,3596.89,719.3779999999999,482.2
4833,4,3,3596.5999999999995,899.1499999999999,1128.25
1950,5,1,3595.68,719.136,800.8
2020,3,1,3592.26,1197.42,889.0
5573,6,2,3589.67,598.2783333333333,471.3333333333333
8597,6,1,3589.02,598.17,397.5
8417,3,1,3586.6,1195.5333333333333,998.0
7144,4,1,3583.95,895.9875,910.5
5180,3,1,3580.77,1193.59,1211.3333333333333
5755,3,2,3578.55,1192.8500000000001,550.0
7216,3,2,3578.08,1192.6933333333334,1030.0
7496,2,1,3574.2,1787.1,481.5
8535,3,1,3574.05,1191.3500000000001,739.0
9976,5,1,3573.54,714.708,864.0
6706,2,1,3573.0,1786.5,1376.0
9305,3,2,3571.08,1190.36,1357.6666666666667
5578,3,1,3571.08,1190.36,459.6666666666667
4067,3,1,3567.62,1189.2066666666667,1294.0
4597,2,1,3567.6,1783.8,1696.5
6927,4,1,3566.13,891.5325,889.75
4227,3,1,3564.21,1188.07,1328.3333333333333
5561,3,2,3559.89,1186.6299999999999,331.6666666666667
2597,2,1,3559.62,1779.81,903.0
4901,2,1,3558.64,1779.32,127.0
9733,3,1,3555.88,1185.2933333333333,1155.0
2237,4,1,3555.01,888.7525,529.25
4571,3,2,3554.92,1184.9733333333334,518.3333333333334
5684,3,2,3551.24,1183.7466666666667,843.6666666666666
8515,4,1,3550.8,887.7,924.0
2659,1,1,3550.06,3550.06,275.0
6926,4,1,3549.36,887.34,1108.5
3015,6,2,3544.8,590.8000000000001,616.1666666666666
6642,2,2,3539.98,1769.99,1268.0
9382,9,2,3535.42,392.82444444444445,891.5555555555555
7057,3,1,3535.05,1178.3500000000001,663.6666666666666
4406,2,1,3534.66,1767.33,630.5
5310,3,1,3534.4,1178.1333333333334,456.3333333333333
7150,2,2,3531.63,1765.815,881.5
3079,3,1,3527.74,1175.9133333333332,1120.0
4236,3,1,3526.62,1175.54,670.6666666666666
1218,4,2,3526.43,881.6075,1397.5
1335,6,3,3522.92,587.1533333333333,1033.1666666666667
1324,4,1,3519.68,879.92,1069.25
2796,5,1,3518.39,703.678,1033.2
7789,3,1,3516.52,1172.1733333333334,1229.6666666666667
5763,4,2,3507.06,876.765,1008.25
8553,2,1,3504.67,1752.335,1613.0
8184,3,1,3504.28,1168.0933333333335,1464.6666666666667
9012,3,2,3502.39,1167.4633333333334,819.6666666666666
7287,2,1,3499.77,1749.885,650.5
6433,1,1,3494.94,3494.94,672.0
8878,6,1,3492.4,582.0666666666667,1015.1666666666666
8477,2,1,3485.94,1742.97,1068.5
6837,2,1,3485.44,1742.72,1162.0
7650,7,2,3484.2299999999996,497.7471428571428,836.8571428571429
3642,5,2,3481.49,696.298,1322.2
3793,5,3,3480.98,696.196,748.6
1132,3,2,3476.2200000000003,1158.74,901.0
7980,2,1,3475.52,1737.76,541.5
9692,2,1,3474.48,1737.24,549.5
1899,4,1,3473.2,868.3,929.5
9271,5,3,3472.7200000000003,694.5440000000001,911.4
8208,3,1,3471.06,1157.02,781.0
3346,2,1,3470.25,1735.125,398.5
8166,3,1,3468.5,1156.1666666666667,862.6666666666666
2487,4,1,3466.22,866.555,970.25
9381,2,1,3459.44,1729.72,941.5
5446,7,3,3457.06,493.86571428571426,650.4285714285714
9571,3,2,3456.59,1152.1966666666667,1063.3333333333333
9313,5,1,3455.61,691.1220000000001,736.8
6932,5,2,3453.45,690.6899999999999,940.6
5372,2,2,3448.7400000000002,1724.3700000000001,1517.5
6321,2,1,3448.11,1724.055,1265.0
8533,7,1,3440.16,491.45142857142855,1188.4285714285713
6700,3,1,3438.5,1146.1666666666667,596.0
7680,3,1,3438.16,1146.0533333333333,1194.3333333333333
7165,4,2,3437.56,859.39,923.5
5679,5,1,3437.48,687.496,924.8
3140,5,2,3433.88,686.7760000000001,717.8
3862,3,1,3433.82,1144.6066666666668,907.0
7928,1,1,3433.2,3433.2,1670.0
3722,4,1,3429.88,857.47,370.5
5048,2,2,3428.31,1714.155,1008.5
2396,4,2,3426.21,856.5525,952.25
8428,3,1,3418.56,1139.52,1351.6666666666667
7576,3,1,3417.58,1139.1933333333334,914.0
7736,4,2,3416.85,854.2125,1300.5
9993,4,2,3413.7200000000003,853.4300000000001,359.75
7401,4,1,3411.01,852.7525,612.0
9754,5,1,3407.82,681.5640000000001,880.8
3680,6,2,3406.58,567.7633333333333,1219.0
3326,5,3,3405.75,681.15,810.0
8711,3,2,3403.38,1134.46,837.6666666666666
5115,2,1,3400.42,1700.21,949.0
6993,2,1,3400.04,1700.02,746.0
8595,3,1,3399.54,1133.18,809.0
5059,5,3,3399.3100000000004,679.8620000000001,942.6
8147,2,1,3398.84,1699.42,753.5
7631,3,1,3397.02,1132.34,802.3333333333334
4061,3,1,3396.89,1132.2966666666666,1298.6666666666667
3818,2,1,3395.26,1697.63,504.0
4884,6,4,3392.8900000000003,565.4816666666667,544.8333333333334
9148,2,1,3392.49,1696.245,990.0
6129,2,1,3389.65,1694.825,722.5
7468,2,1,3384.9,1692.45,944.5
8332,2,1,3381.7,1690.85,726.5
5276,2,2,3381.56,1690.78,531.5
5681,5,1,3379.94,675.988,910.6
6896,2,1,3379.7,1689.85,1190.5
7170,1,1,3375.24,3375.24,1154.0
3458,3,1,3372.98,1124.3266666666666,928.3333333333334
5382,4,3,3372.62,843.155,1065.75
3393,3,1,3370.34,1123.4466666666667,1337.6666666666667
6011,4,1,3368.28,842.07,1153.75
7781,2,1,3366.72,1683.36,483.0
2896,2,1,3365.4,1682.7,1402.5
7562,4,1,3365.24,841.31,653.0
8151,2,1,3365.22,1682.61,859.0
5323,5,1,3361.66,672.332,1307.0
9780,4,1,3361.47,840.3675,144.75
3352,6,1,3358.76,559.7933333333334,1015.8333333333334
1347,3,1,3357.67,1119.2233333333334,1014.3333333333334
1362,3,1,3356.54,1118.8466666666666,1147.6666666666667
5415,3,2,3356.38,1118.7933333333333,1418.0
9825,5,2,3344.65,668.9300000000001,1106.6
5515,4,1,3339.2,834.8,1008.5
1996,6,1,3338.77,556.4616666666667,949.0
8784,2,1,3335.66,1667.83,1688.0
1090,7,1,3331.6,475.9428571428571,776.7142857142857
5362,3,1,3331.59,1110.53,1556.3333333333333
3890,4,1,3330.18,832.545,535.75
2255,5,2,3328.34,665.668,1167.8
1206,2,1,3324.51,1662.255,1118.0
4495,1,1,3321.72,3321.72,225.0
7322,4,1,3321.32,830.33,1227.0
9600,2,1,3321.07,1660.535,1087.5
9260,4,2,3319.98,829.995,997.75
2564,2,1,3319.36,1659.68,776.0
7623,5,2,3319.14,663.828,1101.0
9567,4,2,3318.52,829.63,1286.25
1184,3,2,3314.81,1104.9366666666667,519.6666666666666
8636,3,2,3314.53,1104.8433333333335,1162.0
8266,3,1,3312.18,1104.06,235.33333333333334
4780,4,2,3309.3,827.325,828.0
7940,4,1,3299.52,824.88,987.0
3681,3,1,3297.92,1099.3066666666666,517.6666666666666
3483,3,1,3297.71,1099.2366666666667,1329.6666666666667
6145,2,1,3296.76,1648.38,763.5
3555,1,1,3296.3,3296.3,306.0
2511,6,1,3293.65,548.9416666666667,891.1666666666666
4143,6,1,3290.92,548.4866666666667,619.6666666666666
9545,3,1,3289.61,1096.5366666666666,684.3333333333334
9408,4,1,3288.68,822.17,1141.25
7493,6,1,3287.17,547.8616666666667,819.1666666666666
4953,4,1,3283.82,820.955,1294.5
2757,5,1,3275.71,655.142,667.6
4215,4,1,3273.55,818.3875,1366.5
6375,4,1,3273.0,818.25,1003.75
5780,2,1,3272.59,1636.295,1527.0
5595,5,3,3271.27,654.254,1252.0
4072,6,1,3269.61,544.9350000000001,1483.3333333333333
9863,2,2,3268.36,1634.18,1003.5
4915,5,2,3262.0,652.4,991.6
8090,2,1,3257.98,1628.99,727.0
5924,4,3,3255.02,813.755,805.5
9928,4,2,3254.47,813.6175,939.0
1365,4,2,3247.63,811.9075,636.5
3537,3,2,3244.62,1081.54,1588.3333333333333
3619,6,2,3243.06,540.51,883.3333333333334
7682,5,2,3235.21,647.042,843.4
1798,3,1,3230.25,1076.75,799.0
5593,4,1,3227.0,806.75,885.5
6050,5,1,3225.6,645.12,1051.6
4927,5,2,3224.07,644.8140000000001,1016.8
5450,2,1,3222.07,1611.035,980.0
9259,2,1,3218.71,1609.355,781.0
4085,3,1,3217.4,1072.4666666666667,648.0
7740,2,1,3216.07,1608.035,881.5
1780,4,1,3213.85,803.4625,1069.25
4140,4,1,3213.84,803.46,900.5
1532,5,1,3212.5,642.5,892.8
7058,2,1,3211.59,1605.795,498.0
4937,2,1,3209.76,1604.88,802.5
7696,4,2,3199.42,799.855,1273.5
2462,6,2,3195.4700000000003,532.5783333333334,985.1666666666666
3816,3,1,3193.45,1064.4833333333333,964.3333333333334
9930,3,1,3192.74,1064.2466666666667,1404.0
1819,2,1,3192.12,1596.06,1061.0
4581,2,1,3190.78,1595.39,793.0
6838,5,2,3188.13,637.626,1147.8
9824,2,1,3184.17,1592.085,646.0
9730,4,1,3181.75,795.4375,1007.0
1279,6,1,3180.17,530.0283333333333,642.3333333333334
6197,1,1,3179.88,3179.88,1682.0
7869,5,1,3178.95,635.79,1112.8
2584,3,1,3175.56,1058.52,870.0
2424,3,1,3172.36,1057.4533333333334,1329.0
5119,5,2,3172.1499999999996,634.43,742.8
6828,5,1,3171.45,634.29,497.2
1667,3,1,3170.98,1056.9933333333333,961.6666666666666
1599,4,2,3167.7400000000002,791.9350000000001,755.5
1283,2,1,3166.32,1583.16,1113.5
3398,1,1,3165.84,3165.84,513.0
9547,3,1,3163.97,1054.6566666666665,464.3333333333333
2375,8,1,3161.86,395.2325,470.625
5696,4,1,3156.37,789.0925,931.5
5776,4,2,3154.48,788.62,571.25
6507,2,1,3154.12,1577.06,1273.0
2858,1,1,3152.38,3152.38,677.0
2418,5,3,3150.91,630.182,736.0
3238,4,1,3150.44,787.61,683.5
7629,5,2,3148.19,629.638,855.4
3239,3,1,3147.62,1049.2066666666667,889.3333333333334
1948,2,1,3147.14,1573.57,51.5
5109,2,2,3145.08,1572.54,1087.5
2189,3,1,3144.92,1048.3066666666666,1149.6666666666667
6066,8,2,3142.15,392.76875,956.125
7385,7,1,3140.45,448.63571428571424,1078.142857142857
2037,4,1,3138.17,784.5425,1287.5
2461,5,1,3136.9,627.38,982.2
3462,4,2,3136.1400000000003,784.0350000000001,499.75
4350,1,1,3135.84,3135.84,1698.0
3061,3,1,3134.76,1044.92,1163.3333333333333
3885,4,1,3134.36,783.59,666.75
1323,3,1,3132.29,1044.0966666666666,796.3333333333334
8270,2,1,3130.19,1565.095,167.5
9663,4,1,3129.52,782.38,1182.75
4753,4,1,3126.12,781.53,1193.75
3835,1,1,3122.06,3122.06,13.0
2970,2,1,3120.36,1560.18,569.0
8381,1,1,3119.76,3119.76,95.0
7797,3,1,3118.0,1039.3333333333333,1237.6666666666667
8376,6,1,3116.76,519.46,768.1666666666666
3609,3,2,3116.0299999999997,1038.6766666666665,1064.0
4982,2,1,3112.16,1556.08,1356.0
6571,4,3,3110.32,777.58,616.5
3528,4,1,3108.08,777.02,646.0
2073,2,1,3105.8,1552.9,1583.0
5513,2,1,3092.52,1546.26,893.0
2842,3,2,3089.34,1029.78,1136.3333333333333
1969,4,1,3084.52,771.13,806.75
3806,3,2,3081.5,1027.1666666666667,592.0
8646,3,1,3080.44,1026.8133333333333,853.6666666666666
1244,5,2,3078.65,615.73,1256.4
7900,5,1,3077.31,615.462,739.2
1292,2,2,3075.91,1537.955,789.5
8644,2,2,3074.87,1537.435,340.0
2908,2,1,3074.4,1537.2,1157.0
3872,2,1,3073.8,1536.9,669.5
9950,3,2,3073.7799999999997,1024.5933333333332,939.0
3137,2,1,3071.68,1535.84,632.5
5532,3,1,3069.25,1023.0833333333334,811.0
1645,2,1,3067.74,1533.87,843.5
6996,1,1,3065.95,3065.95,754.0
3623,2,1,3065.9,1532.95,711.5
1386,3,2,3064.78,1021.5933333333334,913.0
4999,5,1,3064.19,612.838,1099.2
3440,4,1,3063.96,765.99,952.25
1167,3,2,3059.2,1019.7333333333332,615.3333333333334
5918,2,2,3059.07,1529.535,1376.0
9337,3,2,3059.05,1019.6833333333334,1179.6666666666667
3437,4,2,3057.62,764.405,831.25
1214,2,1,3055.83,1527.915,1094.5
6902,6,2,3055.6800000000003,509.28000000000003,1027.0
8505,5,1,3055.39,611.078,445.8
1343,6,1,3053.36,508.8933333333334,799.8333333333334
2140,2,1,3053.3,1526.65,590.0
3221,4,2,3051.3599999999997,762.8399999999999,1335.0
8546,2,2,3048.68,1524.34,332.5
8402,3,1,3047.6,1015.8666666666667,622.6666666666666
9094,1,1,3043.33,3043.33,1750.0
3649,2,1,3040.89,1520.445,767.0
4611,3,1,3040.3,1013.4333333333334,950.0
5574,5,2,3038.9300000000003,607.7860000000001,875.0
3777,4,2,3038.35,759.5875,1332.5
7082,3,2,3036.1899999999996,1012.0633333333332,1154.6666666666667
2949,4,2,3033.5,758.375,1014.0
6497,6,2,3032.6,505.43333333333334,1135.1666666666667
3213,7,2,3030.91,432.9871428571428,1119.7142857142858
3792,3,2,3030.7200000000003,1010.2400000000001,1211.6666666666667
2684,4,2,3029.67,757.4175,863.5
3752,4,2,3028.48,757.12,811.5
6899,6,2,3025.88,504.31333333333333,1065.8333333333333
7804,3,1,3025.68,1008.56,1426.0
3424,2,1,3025.64,1512.82,1055.5
3693,3,1,3024.68,1008.2266666666666,640.0
6465,5,1,3022.43,604.486,563.2
7040,2,1,3022.36,1511.18,486.0
3803,2,2,3018.73,1509.365,1221.5
3204,3,1,3017.0,1005.6666666666666,1467.3333333333333
1332,4,1,3016.32,754.08,872.5
1958,3,2,3011.63,1003.8766666666667,954.3333333333334
8686,7,2,3010.2799999999997,430.03999999999996,746.0
5337,5,2,3008.5699999999997,601.7139999999999,1115.0
9885,4,1,3008.2,752.05,1046.75
3586,4,1,3007.06,751.765,1213.0
2347,6,2,3007.0,501.1666666666667,1033.1666666666667
1436,2,1,3005.46,1502.73,524.5
1690,5,2,3004.06,600.812,996.2
8634,6,1,3000.21,500.035,935.0
8133,4,1,2994.62,748.655,291.0
7870,3,1,2994.15,998.0500000000001,1108.6666666666667
5120,2,2,2992.91,1496.455,615.0
8903,1,1,2989.6,2989.6,1019.0
1092,2,1,2987.93,1493.965,173.0
6963,4,2,2985.01,746.2525,602.25
8161,7,3,2982.8999999999996,426.1285714285714,1016.2857142857143
5298,3,2,2981.79,993.93,855.6666666666666
8202,3,2,2980.89,993.63,356.6666666666667
9549,6,2,2978.63,496.43833333333333,669.8333333333334
5979,4,3,2977.09,744.2725,555.25
8950,2,1,2974.88,1487.44,330.5
9062,4,2,2974.7200000000003,743.6800000000001,1062.0
6790,2,1,2973.4,1486.7,1243.0
7892,4,2,2973.26,743.315,862.75
2802,6,1,2972.79,495.465,1241.5
8730,2,1,2972.55,1486.275,1166.5
2344,3,2,2970.8500000000004,990.2833333333334,908.0
8384,1,1,2970.6,2970.6,1372.0
8293,1,1,2968.16,2968.16,1314.0
4193,6,1,2965.89,494.315,929.8333333333334
5087,4,1,2965.56,741.39,628.0
3144,4,1,2964.06,741.015,917.75
3448,4,1,2963.9,740.975,766.25
9217,2,1,2963.13,1481.565,910.5
2665,1,1,2962.44,2962.44,982.0
9211,3,2,2960.7299999999996,986.9099999999999,984.3333333333334
6720,4,1,2958.72,739.68,759.5
8461,1,1,2957.64,2957.64,1482.0
4851,5,2,2957.42,591.484,781.8
2183,1,1,2957.16,2957.16,1644.0
7375,2,1,2955.24,1477.62,448.0
5938,3,1,2953.72,984.5733333333333,979.6666666666666
3761,5,2,2952.99,590.598,504.6
8826,2,1,2952.3,1476.15,1172.5
2708,1,1,2952.29,2952.29,665.0
9345,4,2,2951.66,737.915,1064.75
6947,3,3,2951.5299999999997,983.8433333333332,641.6666666666666
4820,2,1,2950.38,1475.19,1195.0
1146,4,1,2950.09,737.5225,859.0
7160,4,1,2949.7,737.425,1637.5
9916,6,1,2948.28,491.38000000000005,1016.0
4960,5,2,2946.5,589.3,967.4
1285,3,1,2942.34,980.7800000000001,1607.0
8926,3,1,2941.12,980.3733333333333,1045.3333333333333
3216,2,1,2933.06,1466.53,639.5
9420,5,1,2929.95,585.99,957.2
8192,7,2,2929.4399999999996,418.4914285714285,970.7142857142857
1496,5,2,2929.2999999999997,585.8599999999999,603.6
9497,3,1,2928.02,976.0066666666667,1134.0
3802,4,1,2927.54,731.885,1183.5
8079,5,3,2927.23,585.446,1067.0
1479,5,1,2925.48,585.096,840.2
5754,5,2,2924.19,584.838,646.6
9154,5,1,2923.17,584.634,712.4
3682,5,1,2922.6,584.52,246.0
2728,5,2,2921.7200000000003,584.344,640.2
4179,3,2,2921.35,973.7833333333333,1314.3333333333333
2210,2,1,2921.29,1460.645,394.5
7308,2,1,2919.4,1459.7,869.0
5413,1,1,2911.58,2911.58,1649.0
6359,3,1,2908.87,969.6233333333333,626.3333333333334
8736,2,1,2908.37,1454.185,1410.5
1846,4,1,2908.1,727.025,1114.75
8448,2,1,2907.24,1453.62,721.5
6229,2,1,2906.51,1453.255,586.0
8112,3,1,2903.94,967.98,1077.0
8160,7,3,2902.92,414.70285714285717,687.7142857142857
8958,1,1,2901.75,2901.75,965.0
1456,2,2,2899.21,1449.605,1511.5
7107,3,1,2898.6,966.1999999999999,980.6666666666666
6840,4,2,2896.77,724.1925,768.25
4464,2,1,2895.1,1447.55,1720.0
2667,3,2,2895.0600000000004,965.0200000000001,970.3333333333334
5138,2,1,2891.82,1445.91,641.5
8964,4,1,2891.28,722.82,641.25
5229,7,2,2889.7799999999997,412.82571428571424,891.5714285714286
9122,5,2,2888.73,577.746,578.6
5946,6,1,2888.49,481.41499999999996,1386.5
7695,1,1,2888.34,2888.34,1003.0
9558,1,1,2885.61,2885.61,1163.0
2760,2,1,2884.8,1442.4,428.0
2288,5,1,2882.34,576.4680000000001,652.2
7202,1,1,2882.12,2882.12,389.0
9948,3,2,2881.6,960.5333333333333,882.6666666666666
1569,5,1,2879.92,575.984,965.8
2474,2,1,2877.06,1438.53,1562.5
7069,3,1,2874.62,958.2066666666666,1005.0
5280,5,2,2874.03,574.806,949.6
9524,2,1,2873.3,1436.65,1210.0
3812,2,2,2872.67,1436.335,641.5
8162,4,2,2871.3199999999997,717.8299999999999,892.5
2930,3,1,2868.06,956.02,574.0
1825,4,2,2864.42,716.105,1248.25
1158,3,1,2864.37,954.79,948.3333333333334
5028,4,1,2863.78,715.945,902.5
8163,5,1,2861.35,572.27,745.2
3844,3,1,2859.8,953.2666666666668,850.6666666666666
6206,3,1,2858.81,952.9366666666666,837.3333333333334
1397,5,1,2856.24,571.2479999999999,1247.8
7177,4,2,2852.17,713.0425,605.0
6626,2,1,2847.24,1423.62,311.5
3617,3,1,2846.45,948.8166666666666,670.0
9587,2,1,2846.35,1423.175,1381.0
4621,2,1,2842.54,1421.27,613.0
8738,2,1,2842.11,1421.055,606.5
2647,1,1,2839.53,2839.53,617.0
3924,3,2,2837.02,945.6733333333333,1274.0
3514,4,1,2836.86,709.215,837.0
2469,2,2,2834.2,1417.1,1302.5
8425,1,1,2831.48,2831.48,841.0
7811,11,2,2831.05,257.3681818181818,881.8181818181819
3821,3,2,2830.43,943.4766666666666,906.0
6667,4,2,2829.16,707.29,795.75
9287,8,1,2827.8,353.475,788.75
8923,4,1,2826.22,706.555,1184.75
8363,7,3,2826.15,403.7357142857143,754.7142857142857
9796,3,2,2825.51,941.8366666666667,1067.0
6201,6,1,2824.14,470.69,1112.6666666666667
5661,3,1,2823.96,941.32,958.3333333333334
4438,1,1,2820.69,2820.69,1763.0
2601,4,3,2820.4300000000003,705.1075000000001,1296.5
3845,5,2,2819.12,563.824,522.2
6376,4,2,2818.32,704.58,951.5
7568,2,2,2816.3599999999997,1408.1799999999998,812.0
8034,2,1,2815.04,1407.52,1319.5
1477,3,1,2809.28,936.4266666666667,1105.6666666666667
5845,3,1,2803.58,934.5266666666666,702.3333333333334
7514,2,1,2801.16,1400.58,698.5
3727,2,1,2799.69,1399.845,1141.5
6036,1,1,2799.21,2799.21,1594.0
9078,5,1,2797.35,559.47,1111.0
4861,4,2,2796.2,699.05,850.25
7333,3,2,2795.84,931.9466666666667,505.0
7567,4,1,2793.26,698.315,1305.25
8904,7,2,2792.84,398.9771428571429,1396.4285714285713
2415,2,1,2792.32,1396.16,1302.0
9662,5,2,2792.1600000000003,558.432,908.0
1720,4,1,2791.04,697.76,922.5
5395,1,1,2786.42,2786.42,907.0
6045,7,2,2783.81,397.6871428571429,843.5714285714286
5787,1,1,2778.81,2778.81,1007.0
3886,3,1,2776.48,925.4933333333333,653.0
8001,4,2,2776.42,694.105,777.25
4877,3,1,2775.81,925.27,536.0
7232,4,1,2775.5,693.875,835.0
5698,6,1,2775.34,462.5566666666667,675.3333333333334
9246,8,2,2775.1800000000003,346.89750000000004,874.875
1445,4,2,2774.91,693.7275,1218.75
9082,3,1,2771.28,923.7600000000001,674.6666666666666
8815,6,1,2769.81,461.635,1008.6666666666666
4752,4,1,2768.64,692.16,1475.25
8346,5,1,2766.34,553.268,1018.4
8824,1,1,2766.2,2766.2,940.0
8113,3,2,2766.07,922.0233333333334,1048.3333333333333
8677,2,1,2762.84,1381.42,1387.5
3024,5,2,2757.8900000000003,551.5780000000001,1287.0
3524,8,1,2757.08,344.635,801.375
4396,3,1,2756.07,918.69,759.3333333333334
7254,4,2,2755.36,688.84,773.5
8058,2,1,2755.16,1377.58,1349.0
5255,4,2,2754.84,688.71,317.75
9185,3,2,2753.51,917.8366666666667,1024.6666666666667
5050,1,1,2751.56,2751.56,1153.0
3391,1,1,2749.4,2749.4,1277.0
3106,3,1,2749.36,916.4533333333334,1075.6666666666667
5609,4,1,2748.3,687.075,989.75
8240,4,2,2746.0600000000004,686.5150000000001,1146.0
2488,5,3,2745.75,549.15,1205.0
3465,3,1,2744.0,914.6666666666666,364.3333333333333
4544,3,1,2742.6,914.1999999999999,845.6666666666666
8774,2,1,2742.25,1371.125,711.5
7778,1,1,2742.1,2742.1,921.0
6627,3,1,2739.16,913.0533333333333,893.0
3284,2,1,2739.08,1369.54,799.0
8340,4,2,2735.21,683.8025,908.25
4648,1,1,2733.66,2733.66,876.0
3057,1,1,2733.19,2733.19,638.0
3765,3,2,2730.73,910.2433333333333,431.6666666666667
7946,4,3,2729.7799999999997,682.4449999999999,815.5
9833,2,1,2724.86,1362.43,437.5
6557,1,1,2724.21,2724.21,1207.0
4704,5,1,2722.9,544.58,612.8
6028,3,2,2721.99,907.3299999999999,595.3333333333334
3457,3,1,2720.07,906.69,1305.0
4933,6,1,2719.84,453.3066666666667,900.3333333333334
4392,6,3,2719.58,453.2633333333333,813.3333333333334
1099,5,1,2717.82,543.5640000000001,858.0
3222,4,1,2717.68,679.42,676.0
2515,6,2,2717.28,452.88000000000005,1016.6666666666666
8962,5,1,2714.78,542.956,971.6
2855,3,1,2712.04,904.0133333333333,1243.0
5782,6,1,2711.56,451.9266666666667,1377.3333333333333
3277,5,2,2710.45,542.0899999999999,1133.8
1966,4,1,2704.6,676.15,466.75
1395,7,2,2703.44,386.2057142857143,1112.4285714285713
1703,4,1,2702.64,675.66,1272.5
6686,2,1,2700.44,1350.22,1154.0
3774,2,1,2699.41,1349.705,543.0
3857,3,1,2698.49,899.4966666666666,427.6666666666667
8715,3,2,2696.56,898.8533333333334,879.6666666666666
8681,3,1,2696.42,898.8066666666667,978.0
8408,6,3,2694.22,449.03666666666663,918.3333333333334
6582,3,1,2692.74,897.5799999999999,1491.3333333333333
4307,4,2,2687.38,671.845,1080.25
1422,2,1,2685.78,1342.89,1415.0
9505,2,1,2681.46,1340.73,1613.5
6148,6,2,2677.02,446.17,1063.6666666666667
1811,4,2,2675.0099999999998,668.7524999999999,1086.75
8935,2,1,2674.83,1337.415,1350.0
6391,4,2,2673.88,668.47,1031.0
1175,3,2,2666.8900000000003,888.9633333333335,811.3333333333334
1212,6,3,2666.46,444.41,1062.5
5479,2,1,2663.02,1331.51,330.5
6775,3,1,2662.65,887.5500000000001,724.6666666666666
6479,2,2,2662.4300000000003,1331.2150000000001,1346.5
5312,5,2,2660.37,532.074,839.8
4561,2,1,2660.36,1330.18,880.5
3577,3,1,2658.4,886.1333333333333,810.0
9906,4,1,2658.15,664.5375,514.0
9533,4,1,2653.75,663.4375,1103.25
2035,5,1,2652.92,530.5840000000001,1044.8
8049,4,2,2652.58,663.145,1280.0
9557,1,1,2650.56,2650.56,1299.0
8727,3,1,2650.26,883.4200000000001,1159.6666666666667
6035,5,1,2649.55,529.9100000000001,730.0
4542,3,3,2648.98,882.9933333333333,659.6666666666666
7491,7,2,2648.45,378.34999999999997,975.7142857142857
6808,2,1,2644.04,1322.02,1398.5
7297,6,2,2643.7799999999997,440.62999999999994,270.1666666666667
8072,3,1,2643.48,881.16,942.6666666666666
7472,4,1,2642.6,660.65,866.0
2833,5,1,2638.71,527.742,678.2
2147,4,1,2638.53,659.6325,1007.5
3751,1,1,2637.54,2637.54,1647.0
7332,5,1,2636.98,527.396,610.2
9617,3,1,2634.8,878.2666666666668,621.6666666666666
9911,5,1,2633.7,526.74,721.4
2608,3,1,2632.28,877.4266666666667,1445.3333333333333
2472,3,1,2631.31,877.1033333333334,1144.6666666666667
1786,2,2,2626.37,1313.185,244.5
7539,2,1,2625.16,1312.58,720.0
9379,4,2,2624.3100000000004,656.0775000000001,1355.75
2977,2,1,2622.92,1311.46,434.5
4709,2,1,2622.78,1311.39,988.0
9727,2,1,2621.8,1310.9,704.5
3656,5,2,2618.1800000000003,523.6360000000001,1047.0
4240,2,1,2616.22,1308.11,666.0
2935,4,1,2615.72,653.93,752.0
5127,2,1,2613.52,1306.76,899.0
8455,4,1,2611.74,652.935,1240.5
1454,6,1,2611.03,435.1716666666667,792.0
3049,5,2,2610.6,522.12,861.8
5667,5,1,2610.47,522.0939999999999,1176.0
6724,4,2,2609.05,652.2625,947.75
3320,4,1,2607.94,651.985,996.0
3657,4,1,2605.69,651.4225,848.25
1378,3,3,2604.1,868.0333333333333,948.3333333333334
1555,3,1,2601.76,867.2533333333334,578.0
2980,6,2,2601.2,433.5333333333333,1064.0
6764,2,2,2600.16,1300.08,871.0
1531,1,1,2598.35,2598.35,1152.0
6543,4,2,2597.04,649.26,940.5
8846,4,3,2596.08,649.02,940.0
5128,1,1,2595.81,2595.81,809.0
9116,7,1,2593.2,370.45714285714286,1161.4285714285713
3597,2,2,2591.53,1295.765,184.5
2498,2,1,2589.03,1294.515,584.5
7678,2,2,2588.72,1294.36,1641.0
2076,4,1,2587.71,646.9275,768.25
5996,2,2,2586.74,1293.37,1692.0
4218,4,2,2586.7,646.675,943.0
6025,4,1,2584.7,646.175,701.75
2200,3,2,2584.41,861.4699999999999,1003.0
7476,8,2,2583.14,322.8925,923.0
7800,3,1,2582.55,860.85,690.6666666666666
5352,2,1,2582.32,1291.16,839.0
3910,3,2,2581.38,860.46,572.3333333333334
1434,3,1,2580.84,860.2800000000001,687.3333333333334
7473,5,1,2575.76,515.152,1322.8
7765,2,1,2573.94,1286.97,671.0
2804,6,1,2572.61,428.7683333333334,660.1666666666666
9538,9,3,2571.34,285.70444444444445,897.8888888888889
8454,4,1,2570.53,642.6325,497.5
7341,4,1,2565.0,641.25,859.25
8193,3,1,2563.56,854.52,1239.3333333333333
1571,2,1,2562.31,1281.155,1048.5
8909,3,1,2560.58,853.5266666666666,1306.0
7628,2,1,2560.16,1280.08,948.5
4043,1,1,2557.87,2557.87,129.0
6781,4,2,2557.13,639.2825,823.75
5804,3,2,2556.78,852.2600000000001,1234.3333333333333
2422,4,3,2554.2200000000003,638.5550000000001,1176.25
7439,6,2,2552.0299999999997,425.3383333333333,1033.3333333333333
8333,2,1,2551.71,1275.855,839.0
2726,3,2,2550.6800000000003,850.2266666666668,635.6666666666666
8088,5,1,2549.44,509.88800000000003,869.0
4943,5,1,2549.12,509.82399999999996,1204.2
3581,5,2,2547.36,509.47200000000004,1052.6
1801,2,1,2547.22,1273.61,1489.5
2722,3,1,2545.56,848.52,1565.0
6878,4,1,2543.81,635.9525,595.0
1112,5,1,2540.56,508.11199999999997,1001.4
3907,4,2,2540.27,635.0675,590.5
4071,3,2,2540.1,846.6999999999999,299.0
1612,2,1,2539.1,1269.55,411.5
5026,3,2,2539.03,846.3433333333334,772.6666666666666
7917,4,2,2538.21,634.5525,1177.75
8076,5,1,2536.72,507.34399999999994,467.8
2240,3,1,2536.47,845.4899999999999,1011.6666666666666
1682,3,1,2536.28,845.4266666666667,847.0
5686,4,1,2532.53,633.1325,850.75
5748,5,2,2531.29,506.258,653.0
7145,3,1,2531.1,843.6999999999999,1363.3333333333333
4705,2,1,2530.89,1265.445,529.0
2663,5,2,2529.43,505.88599999999997,783.0
5285,5,2,2528.77,505.754,1263.0
7931,2,1,2528.24,1264.12,588.5
8194,5,1,2524.81,504.962,878.4
6182,2,1,2524.68,1262.34,1557.5
9323,5,2,2524.2200000000003,504.84400000000005,622.8
6857,4,1,2523.62,630.905,972.0
9484,5,1,2522.52,504.504,854.0
8538,3,1,2521.33,840.4433333333333,1156.3333333333333
7533,5,1,2519.82,503.96400000000006,622.6
9104,3,1,2519.48,839.8266666666667,738.6666666666666
3361,4,1,2519.24,629.81,920.5
4290,1,1,2518.56,2518.56,1607.0
5781,8,2,2517.3900000000003,314.67375000000004,1106.625
4190,3,2,2516.34,838.7800000000001,793.0
7719,8,3,2515.23,314.40375,633.125
4192,5,2,2515.1,503.02,532.2
7251,2,1,2513.42,1256.71,875.5
6221,4,2,2513.08,628.27,703.75
5038,9,2,2512.57,279.1744444444445,1152.5555555555557
1923,3,1,2511.84,837.2800000000001,800.3333333333334
1736,1,1,2510.82,2510.82,286.0
7761,6,1,2510.24,418.3733333333333,1319.1666666666667
2136,2,1,2507.7,1253.85,1089.5
9240,5,2,2506.96,501.392,959.6
2164,4,1,2502.0,625.5,706.0
8082,4,1,2501.2,625.3,973.0
6021,5,1,2497.51,499.50200000000007,744.8
6228,3,2,2497.25,832.4166666666666,517.6666666666666
5270,3,1,2493.64,831.2133333333333,1210.6666666666667
5652,4,2,2492.8999999999996,623.2249999999999,473.25
9331,4,1,2490.54,622.635,1502.75
6173,4,1,2489.67,622.4175,412.25
8861,3,1,2485.73,828.5766666666667,1158.0
5471,5,2,2483.94,496.788,1030.8
9330,3,2,2483.03,827.6766666666667,686.0
9070,4,1,2482.94,620.735,1276.5
4295,4,1,2481.93,620.4825,1337.0
5694,4,1,2481.91,620.4775,693.75
4342,2,1,2480.58,1240.29,1773.5
7296,2,1,2480.14,1240.07,1519.0
6176,1,1,2478.35,2478.35,472.0
3128,5,3,2478.08,495.616,311.8
2385,5,1,2476.74,495.34799999999996,1326.0
8545,2,2,2476.46,1238.23,679.5
4741,3,1,2471.74,823.9133333333333,674.3333333333334
3507,5,1,2470.9,494.18,686.4
5941,3,1,2470.8,823.6,830.3333333333334
5504,5,1,2470.05,494.01000000000005,701.2
3892,4,2,2469.43,617.3575,792.75
8988,4,1,2466.45,616.6125,868.0
9385,5,4,2464.18,492.83599999999996,603.4
6723,2,1,2462.82,1231.41,1578.5
7245,2,1,2460.21,1230.105,1402.0
4300,4,1,2458.92,614.73,1075.25
1291,2,1,2457.68,1228.84,1307.5
2532,5,1,2456.1,491.21999999999997,796.4
9203,4,1,2455.95,613.9875,540.0
5904,4,2,2455.31,613.8275,903.5
4634,3,1,2452.52,817.5066666666667,976.0
5409,3,1,2449.83,816.61,1254.0
9498,2,2,2448.1800000000003,1224.0900000000001,364.5
4930,4,1,2446.4,611.6,663.75
4325,3,1,2445.17,815.0566666666667,604.6666666666666
6691,3,3,2444.6099999999997,814.8699999999999,719.6666666666666
1881,3,1,2444.0,814.6666666666666,857.3333333333334
3860,3,1,2441.37,813.79,299.3333333333333
1613,3,2,2440.56,813.52,915.6666666666666
8490,4,1,2438.69,609.6725,1026.25
3456,7,3,2437.7,348.24285714285713,934.4285714285714
4304,1,1,2436.72,2436.72,823.0
3122,5,1,2434.09,486.81800000000004,1134.6
2329,6,2,2434.0,405.6666666666667,808.6666666666666
7796,3,1,2433.42,811.14,1065.6666666666667
1997,4,1,2431.34,607.835,819.75
9979,4,1,2429.94,607.485,814.5
7096,2,1,2429.47,1214.735,1176.5
3545,5,1,2429.0,485.8,1149.6
7066,5,2,2428.31,485.662,1137.0
4665,4,1,2427.4,606.85,800.5
5252,6,2,2427.33,404.555,914.5
2971,5,1,2426.64,485.328,753.0
5707,4,1,2424.23,606.0575,651.25
1014,4,1,2423.92,605.98,985.0
6564,4,2,2423.6,605.9,670.25
1823,5,2,2421.66,484.332,1106.4
3374,2,2,2421.4700000000003,1210.7350000000001,970.5
9909,5,1,2419.52,483.904,971.0
4177,2,1,2418.4,1209.2,265.0
9361,4,1,2416.35,604.0875,966.5
8464,3,1,2416.21,805.4033333333333,1205.3333333333333
7100,6,2,2416.06,402.6766666666667,1015.6666666666666
4099,2,1,2414.06,1207.03,1062.0
9718,3,1,2410.31,803.4366666666666,1014.0
7862,3,1,2408.32,802.7733333333334,998.0
6718,3,1,2407.64,802.5466666666666,1291.0
4864,6,2,2406.74,401.1233333333333,1282.3333333333333
2296,3,2,2406.66,802.2199999999999,819.3333333333334
9257,2,1,2404.04,1202.02,1046.0
7922,5,2,2403.31,480.662,1056.2
6755,4,1,2399.89,599.9725,712.25
7215,4,2,2398.96,599.74,853.0
9540,4,2,2398.3,599.575,903.5
2838,2,1,2397.51,1198.755,749.5
7201,2,1,2397.48,1198.74,643.5
1356,2,1,2397.1,1198.55,988.0
5047,1,1,2393.85,2393.85,235.0
3982,3,1,2393.76,797.9200000000001,1057.3333333333333
2816,6,1,2391.37,398.56166666666667,644.3333333333334
2355,6,2,2391.05,398.5083333333334,966.5
2314,7,2,2389.71,341.38714285714286,702.0
3779,3,1,2386.57,795.5233333333334,972.3333333333334
8749,5,1,2386.46,477.29200000000003,932.8
9435,3,2,2384.99,794.9966666666666,678.3333333333334
1450,3,1,2384.76,794.9200000000001,620.3333333333334
7129,2,1,2383.98,1191.99,856.5
8528,3,1,2383.85,794.6166666666667,604.3333333333334
2894,4,1,2382.92,595.73,1046.75
7768,3,1,2382.05,794.0166666666668,1514.3333333333333
5505,6,2,2380.4700000000003,396.74500000000006,691.6666666666666
3094,5,1,2375.11,475.02200000000005,1190.4
8064,1,1,2374.28,2374.28,764.0
5944,5,3,2372.7200000000003,474.54400000000004,686.0
7210,5,1,2370.42,474.084,685.6
3916,4,1,2369.47,592.3675,981.25
8817,5,2,2367.32,473.46400000000006,706.8
6872,5,1,2364.55,472.91,1170.8
4883,2,2,2364.35,1182.175,321.0
4478,4,1,2363.85,590.9625,1219.75
6329,7,1,2361.48,337.3542857142857,970.4285714285714
9597,4,1,2360.92,590.23,652.0
3488,5,1,2360.82,472.16400000000004,1127.2
9592,4,1,2354.85,588.7125,847.75
8605,2,1,2349.79,1174.895,1062.5
5560,6,1,2349.4,391.56666666666666,959.3333333333334
1548,1,1,2348.55,2348.55,165.0
3145,5,1,2348.29,469.658,746.6
7852,4,2,2348.2799999999997,587.0699999999999,649.5
6825,1,1,2346.25,2346.25,1290.0
7687,4,1,2343.88,585.97,514.75
4007,6,1,2343.08,390.5133333333333,990.8333333333334
3991,4,1,2342.56,585.64,558.75
2431,4,2,2341.2799999999997,585.3199999999999,958.5
1150,3,1,2340.49,780.1633333333333,184.0
3573,3,1,2340.42,780.14,537.6666666666666
8922,3,1,2340.15,780.0500000000001,955.3333333333334
8572,1,1,2339.99,2339.99,307.0
4381,2,1,2339.8,1169.9,1267.5
2069,6,2,2338.08,389.68,1154.8333333333333
1631,3,1,2336.52,778.84,1277.6666666666667
4619,4,1,2335.77,583.9425,1527.0
3118,4,2,2332.74,583.185,1081.5
3515,2,1,2332.66,1166.33,804.5
4747,3,2,2332.3900000000003,777.4633333333335,1040.3333333333333
4733,4,1,2331.11,582.7775,1305.0
1615,5,1,2330.22,466.044,651.8
7538,2,1,2329.2,1164.6,644.0
1028,5,1,2328.44,465.688,956.6
3697,6,1,2325.48,387.58,718.3333333333334
1054,5,1,2322.16,464.43199999999996,535.0
3985,5,1,2319.93,463.986,573.0
7025,3,1,2319.08,773.0266666666666,730.3333333333334
6640,5,2,2318.94,463.788,351.8
7919,3,1,2318.88,772.96,901.6666666666666
2292,3,1,2318.59,772.8633333333333,1086.0
3116,6,2,2318.0699999999997,386.34499999999997,1203.5
1447,5,2,2317.7200000000003,463.54400000000004,553.4
8393,3,2,2315.84,771.9466666666667,1102.3333333333333
3849,2,1,2315.04,1157.52,1014.5
3000,4,2,2312.56,578.14,1559.75
3252,4,2,2312.12,578.03,1016.75
9108,4,1,2310.86,577.715,771.75
3205,3,1,2309.84,769.9466666666667,342.3333333333333
4618,4,1,2309.25,577.3125,1348.5
7969,3,1,2308.38,769.46,624.3333333333334
4170,3,1,2308.1,769.3666666666667,597.3333333333334
1492,6,2,2307.7699999999995,384.6283333333333,1171.0
8768,4,1,2304.68,576.17,959.75
4841,3,2,2304.5699999999997,768.1899999999999,797.0
8850,2,1,2304.21,1152.105,836.5
5596,3,1,2303.3,767.7666666666668,946.3333333333334
2738,2,2,2302.67,1151.335,1333.0
4138,3,2,2299.74,766.5799999999999,983.6666666666666
5082,3,2,2299.04,766.3466666666667,485.3333333333333
2066,5,2,2298.8,459.76000000000005,901.0
7958,4,1,2295.92,573.98,924.25
5485,2,2,2295.85,1147.925,673.0
4517,2,2,2295.0299999999997,1147.5149999999999,525.0
5443,2,1,2294.12,1147.06,699.0
8330,1,1,2293.24,2293.24,313.0
2534,5,1,2291.33,458.26599999999996,687.8
9784,5,1,2290.49,458.09799999999996,1161.6
5933,8,1,2290.32,286.29,1348.125
3420,2,1,2290.18,1145.09,258.5
4577,5,2,2289.94,457.988,945.2
1842,4,2,2288.83,572.2075,1070.25
9743,1,1,2288.69,2288.69,906.0
6629,3,1,2288.46,762.82,973.3333333333334
5668,5,1,2285.5,457.1,808.6
6556,7,1,2284.62,326.3742857142857,1102.0
4244,5,1,2282.56,456.512,1170.0
1427,4,1,2279.68,569.92,803.75
1814,5,2,2276.38,455.276,1218.8
6258,3,1,2273.91,757.9699999999999,438.6666666666667
9321,4,3,2270.53,567.6325,954.75
8429,2,1,2268.96,1134.48,800.5
9370,3,1,2268.9,756.3000000000001,763.0
4624,3,1,2266.72,755.5733333333333,946.3333333333334
7458,3,1,2266.28,755.4266666666667,1445.3333333333333
5876,3,1,2264.48,754.8266666666667,1068.6666666666667
4509,2,1,2263.75,1131.875,623.0
5030,2,1,2261.92,1130.96,402.5
6567,5,1,2260.56,452.11199999999997,958.2
3229,5,1,2260.08,452.01599999999996,1140.4
9341,5,1,2259.86,451.97200000000004,607.4
1957,3,2,2259.73,753.2433333333333,801.3333333333334
9019,3,2,2258.74,752.9133333333333,1035.3333333333333
5434,3,2,2254.5699999999997,751.5233333333332,1346.6666666666667
6511,8,3,2254.33,281.79125,812.875
7219,4,2,2253.31,563.3275,1120.75
9454,5,1,2253.24,450.64799999999997,897.6
5163,4,1,2251.19,562.7975,728.25
2716,3,1,2245.98,748.66,660.0
4262,4,1,2245.91,561.4775,1014.5
8694,4,2,2245.58,561.395,1536.75
2394,3,1,2244.2,748.0666666666666,529.6666666666666
5767,8,2,2244.07,280.50875,850.125
4352,3,1,2243.24,747.7466666666666,741.0
2406,6,1,2242.92,373.82,723.6666666666666
6524,2,1,2239.85,1119.925,1614.0
3366,4,2,2239.67,559.9175,899.25
7967,4,1,2239.58,559.895,755.25
1322,5,2,2239.44,447.88800000000003,660.8
7457,3,1,2239.22,746.4066666666666,529.3333333333334
3796,2,1,2238.27,1119.135,1063.5
5246,4,1,2238.2,559.55,907.25
3768,6,1,2236.3,372.7166666666667,935.1666666666666
8204,3,2,2233.63,744.5433333333334,881.3333333333334
1031,4,2,2231.42,557.855,1274.0
2278,5,1,2229.28,445.85600000000005,946.8
2811,4,1,2227.05,556.7625,1088.75
4572,3,2,2226.78,742.2600000000001,688.6666666666666
5266,3,1,2223.78,741.2600000000001,1463.0
6671,5,2,2223.46,444.692,880.6
9129,3,1,2223.39,741.13,648.3333333333334
4410,4,2,2222.85,555.7125,728.25
4827,3,1,2221.98,740.66,628.6666666666666
8006,3,2,2218.42,739.4733333333334,1121.3333333333333
9883,5,3,2216.86,443.372,722.6
7195,2,1,2215.76,1107.88,794.0
6858,2,1,2214.71,1107.355,402.5
5742,4,1,2210.87,552.7175,912.5
7842,5,2,2210.49,442.09799999999996,534.0
8445,2,1,2208.34,1104.17,1721.0
4024,3,1,2207.74,735.9133333333333,1094.0
6531,4,1,2206.14,551.535,1122.25
1803,6,1,2206.11,367.685,1016.3333333333334
7657,7,2,2204.82,314.9742857142857,899.2857142857143
7807,8,3,2204.38,275.5475,750.0
2289,8,1,2204.36,275.545,938.625
4211,5,1,2203.68,440.736,1040.0
3482,2,1,2203.12,1101.56,850.5
9090,2,1,2195.8,1097.9,1055.0
3823,2,1,2194.52,1097.26,1022.0
7351,5,1,2194.02,438.804,1029.8
7525,4,1,2191.66,547.915,725.0
1253,3,1,2191.33,730.4433333333333,974.6666666666666
3315,4,1,2191.24,547.81,918.75
6712,3,2,2190.92,730.3066666666667,1288.6666666666667
8306,7,2,2189.42,312.7742857142857,1024.7142857142858
5081,1,1,2189.33,2189.33,614.0
9095,4,1,2188.56,547.14,668.25
3197,2,1,2187.33,1093.665,899.0
9578,2,2,2187.15,1093.575,1134.5
8289,5,2,2183.03,436.60600000000005,1124.8
6467,5,2,2182.85,436.57,1128.4
5977,3,1,2180.96,726.9866666666667,684.6666666666666
4875,4,1,2180.9,545.225,819.75
9376,2,2,2177.17,1088.585,697.0
4270,3,1,2175.73,725.2433333333333,1309.6666666666667
2057,2,1,2175.32,1087.66,436.0
3520,5,1,2173.56,434.712,587.0
2772,7,1,2171.84,310.2628571428572,882.1428571428571
9023,3,1,2171.64,723.88,1000.0
1089,3,1,2169.46,723.1533333333333,856.3333333333334
4869,4,1,2169.25,542.3125,911.0
2201,2,1,2167.5,1083.75,1217.5
2551,4,2,2166.74,541.685,1171.0
9300,5,1,2165.7,433.14,1131.6
1929,3,2,2165.5699999999997,721.8566666666666,1151.3333333333333
7315,2,1,2164.1,1082.05,709.5
6191,4,2,2162.92,540.73,1275.5
6430,7,2,2162.6,308.9428571428571,720.7142857142857
3139,2,1,2161.92,1080.96,768.0
7299,4,2,2160.71,540.1775,869.5
9831,6,3,2157.76,359.6266666666667,584.1666666666666
3999,6,1,2157.54,359.59,592.1666666666666
6325,5,1,2156.11,431.22200000000004,283.0
2613,1,1,2156.08,2156.08,59.0
3436,5,2,2152.7,430.53999999999996,1153.6
3523,1,1,2151.97,2151.97,437.0
7363,4,2,2149.41,537.3525,318.0
8314,6,1,2147.47,357.91166666666663,1083.6666666666667
1722,2,2,2146.9700000000003,1073.4850000000001,1572.5
9643,3,2,2144.73,714.91,1124.0
4340,6,2,2141.76,356.96000000000004,1190.8333333333333
9568,4,1,2140.22,535.055,503.0
8174,3,1,2136.93,712.31,794.3333333333334
7938,2,1,2135.09,1067.545,1700.0
8224,4,1,2133.32,533.33,903.0
9880,4,1,2133.2,533.3,1016.5
9088,4,1,2131.62,532.905,580.5
7008,4,1,2127.85,531.9625,879.0
9275,2,1,2127.22,1063.61,1476.0
4268,2,1,2126.4,1063.2,512.0
1955,2,1,2123.25,1061.625,751.0
2848,2,1,2121.01,1060.505,497.0
7327,2,2,2120.2,1060.1,1131.5
4399,3,2,2117.3,705.7666666666668,1100.0
4614,6,1,2116.93,352.82166666666666,1241.6666666666667
2193,4,2,2115.64,528.91,776.0
5895,3,2,2113.96,704.6533333333333,756.3333333333334
2646,4,2,2113.0499999999997,528.2624999999999,1365.75
5371,1,1,2112.24,2112.24,1358.0
1080,4,1,2111.96,527.99,765.5
9124,5,2,2110.72,422.14399999999995,1058.0
7261,2,1,2108.41,1054.205,1200.5
9084,4,2,2106.41,526.6025,857.5
2297,5,2,2106.12,421.224,1016.2
6788,2,1,2106.1,1053.05,436.0
8776,4,1,2103.78,525.945,434.25
3851,3,1,2101.57,700.5233333333334,1476.0
5615,4,2,2101.19,525.2975,811.25
2008,5,2,2099.95,419.98999999999995,866.2
7275,2,1,2099.56,1049.78,1127.5
1110,4,1,2098.22,524.555,1089.75
4258,3,1,2097.84,699.2800000000001,614.6666666666666
7776,5,2,2097.81,419.562,619.4
4118,4,1,2096.38,524.095,585.0
6921,3,1,2092.75,697.5833333333334,1093.6666666666667
2107,3,1,2090.28,696.7600000000001,356.3333333333333
7133,2,1,2089.82,1044.91,1338.5
1486,2,1,2089.06,1044.53,668.0
8396,4,1,2087.94,521.985,1181.0
3282,2,1,2087.93,1043.965,1086.5
6413,3,1,2085.57,695.19,976.6666666666666
6503,4,2,2084.0,521.0,524.5
2202,4,2,2080.6000000000004,520.1500000000001,779.75
9276,2,2,2079.46,1039.73,1416.5
9176,5,2,2078.0600000000004,415.6120000000001,654.6
8167,3,1,2077.19,692.3966666666666,1290.0
5902,3,1,2075.62,691.8733333333333,1609.6666666666667
9030,3,1,2074.84,691.6133333333333,1313.6666666666667
3129,5,1,2074.68,414.936,703.8
9857,2,1,2072.57,1036.285,610.0
9134,6,1,2071.94,345.3233333333333,699.8333333333334
9073,2,1,2071.44,1035.72,715.0
2962,2,1,2069.36,1034.68,686.5
7274,4,1,2067.51,516.8775,638.5
1274,3,1,2065.7,688.5666666666666,1052.6666666666667
6239,5,2,2065.63,413.12600000000003,518.6
6266,2,1,2065.59,1032.795,857.0
4412,2,1,2063.49,1031.745,1191.0
8584,8,2,2063.11,257.88875,695.5
3948,1,1,2062.9,2062.9,284.0
8835,3,1,2062.68,687.56,753.3333333333334
4569,5,1,2062.38,412.476,965.4
8439,3,1,2060.77,686.9233333333333,346.3333333333333
2244,3,1,2059.52,686.5066666666667,1144.6666666666667
1160,6,1,2058.0,343.0,778.6666666666666
4492,5,2,2056.4300000000003,411.28600000000006,750.2
8998,7,1,2053.95,293.4214285714285,950.1428571428571
9749,3,1,2052.83,684.2766666666666,685.0
1126,4,2,2051.36,512.84,632.75
5521,3,1,2050.89,683.63,875.6666666666666
7110,6,1,2049.4,341.56666666666666,837.6666666666666
7454,2,1,2047.1,1023.55,783.0
9584,3,1,2046.94,682.3133333333334,1254.0
8970,4,1,2046.6,511.65,950.5
4332,5,2,2045.28,409.056,1001.6
8604,3,1,2045.2,681.7333333333333,877.3333333333334
3188,3,2,2043.6399999999999,681.2133333333333,632.0
1797,4,1,2043.63,510.9075,638.75
8615,5,2,2043.3,408.65999999999997,740.6
2522,3,1,2041.77,680.59,751.6666666666666
2185,2,1,2041.33,1020.665,1043.5
8066,2,2,2040.3500000000001,1020.1750000000001,824.0
1403,6,2,2038.8500000000001,339.80833333333334,1110.5
9230,3,1,2038.72,679.5733333333334,946.6666666666666
7067,2,1,2033.18,1016.59,269.0
2282,3,1,2032.3,677.4333333333333,725.0
1067,4,1,2032.07,508.0175,889.25
3077,7,1,2031.59,290.22714285714284,1061.0
5777,2,1,2031.06,1015.53,913.5
1517,4,1,2029.92,507.48,762.75
6736,3,1,2029.81,676.6033333333334,507.3333333333333
2599,1,1,2026.4,2026.4,1646.0
1458,5,2,2026.27,405.254,779.4
9550,1,1,2025.96,2025.96,918.0
5217,3,1,2023.81,674.6033333333334,606.3333333333334
4507,5,1,2014.81,402.962,604.0
6637,3,2,2012.6399999999999,670.88,1371.3333333333333
9342,2,1,2012.56,1006.28,467.5
7661,1,1,2009.44,2009.44,145.0
7119,5,1,2009.24,401.848,921.2
1947,4,1,2008.35,502.0875,979.5
2455,4,1,2008.08,502.02,849.5
3206,3,1,2005.05,668.35,612.6666666666666
8912,5,1,2004.94,400.988,632.2
6913,1,1,1999.79,1999.79,1179.0
6612,2,1,1997.46,998.73,1192.0
4252,2,1,1997.42,998.71,1657.0
6644,2,2,1997.2199999999998,998.6099999999999,1221.5
4800,2,1,1995.76,997.88,489.5
5973,3,2,1992.8,664.2666666666667,749.6666666666666
6955,3,1,1991.52,663.84,866.6666666666666
6499,4,1,1990.5,497.625,1060.75
4832,3,2,1990.24,663.4133333333333,817.6666666666666
1697,3,1,1989.62,663.2066666666666,1493.0
8430,6,1,1989.15,331.52500000000003,1266.5
2053,4,2,1988.96,497.24,891.0
7767,1,1,1987.18,1987.18,1785.0
4339,1,1,1984.44,1984.44,1278.0
8624,1,1,1983.42,1983.42,903.0
2410,5,1,1982.73,396.546,699.6
1812,3,1,1980.48,660.16,965.3333333333334
3632,4,1,1977.56,494.39,886.5
3135,5,2,1976.2,395.24,650.2
9922,2,1,1975.84,987.92,969.0
8269,5,2,1975.36,395.072,556.8
4212,3,1,1973.96,657.9866666666667,310.6666666666667
6092,4,1,1973.55,493.3875,910.25
4013,3,2,1972.88,657.6266666666667,428.3333333333333
9768,1,1,1970.75,1970.75,1075.0
8013,6,2,1969.25,328.2083333333333,809.5
4882,4,1,1967.73,491.9325,1094.25
2888,4,1,1966.66,491.665,650.75
8573,2,2,1965.52,982.76,331.5
5958,3,1,1965.47,655.1566666666666,1112.6666666666667
6647,4,1,1964.16,491.04,698.75
9466,1,1,1963.64,1963.64,1712.0
4249,2,1,1963.58,981.79,1112.5
3046,3,1,1960.17,653.39,686.0
1077,3,1,1959.6,653.1999999999999,526.0
7128,6,1,1957.65,326.27500000000003,696.8333333333334
3101,1,1,1956.67,1956.67,502.0
6142,4,1,1956.35,489.0875,1174.5
8386,4,1,1956.24,489.06,1201.25
7298,4,1,1955.52,488.88,1008.5
4749,7,2,1955.46,279.3514285714286,794.1428571428571
3566,4,1,1955.35,488.8375,636.25
2058,1,1,1955.16,1955.16,441.0
6607,6,2,1953.28,325.5466666666667,1030.3333333333333
3009,3,1,1952.78,650.9266666666666,563.3333333333334
4017,2,1,1952.4,976.2,1133.0
2656,2,1,1952.0,976.0,842.5
6019,2,2,1951.97,975.985,784.5
1622,4,1,1951.13,487.7825,1088.25
9445,7,1,1950.75,278.67857142857144,835.8571428571429
8558,5,1,1949.77,389.954,816.2
9378,1,1,1948.89,1948.89,1650.0
9462,3,1,1948.29,649.43,1002.6666666666666
4351,2,1,1947.43,973.715,1003.5
9782,4,1,1946.82,486.705,895.25
9031,4,1,1945.27,486.3175,1257.5
3425,3,2,1945.23,648.41,1336.0
4299,3,1,1944.66,648.22,1036.0
7526,3,2,1943.8799999999999,647.9599999999999,1255.3333333333333
2739,2,1,1943.51,971.755,564.0
9734,7,2,1942.9499999999998,277.5642857142857,752.5714285714286
2229,5,1,1940.76,388.152,823.4
8307,1,1,1939.05,1939.05,1543.0
1315,4,1,1937.57,484.3925,1050.5
8801,2,1,1935.4,967.7,1174.5
2576,3,1,1934.76,644.92,524.6666666666666
5934,3,1,1934.72,644.9066666666666,725.0
8130,4,2,1930.8999999999999,482.72499999999997,1453.5
4184,1,1,1930.11,1930.11,117.0
1649,2,1,1929.76,964.88,846.5
5519,2,1,1929.7,964.85,944.5
1683,3,1,1929.0,643.0,723.3333333333334
2887,1,1,1927.85,1927.85,1339.0
9744,3,1,1927.76,642.5866666666667,671.3333333333334
4850,6,1,1923.75,320.625,843.5
1370,2,1,1920.92,960.46,588.0
8562,1,1,1920.3,1920.3,787.0
1437,5,2,1919.23,383.846,852.8
9947,2,1,1919.04,959.52,1258.0
3804,2,1,1918.85,959.425,620.0
9307,4,1,1916.31,479.0775,741.75
5279,4,2,1914.4099999999999,478.60249999999996,1502.5
5824,5,1,1914.12,382.82399999999996,870.8
3237,3,1,1911.91,637.3033333333334,662.6666666666666
6435,2,1,1911.84,955.92,1256.0
6943,6,2,1909.97,318.3283333333333,789.3333333333334
8209,5,3,1909.0900000000001,381.81800000000004,1167.8
6007,2,1,1908.3,954.15,1021.0
3918,1,1,1907.28,1907.28,663.0
8521,3,1,1906.36,635.4533333333333,1394.0
7964,3,2,1906.0500000000002,635.35,1066.6666666666667
7321,3,1,1906.02,635.34,1101.3333333333333
4740,3,1,1905.8,635.2666666666667,537.6666666666666
6885,4,1,1905.38,476.345,1194.75
8211,9,1,1905.14,211.68222222222224,555.4444444444445
1834,5,2,1904.63,380.92600000000004,955.8
7654,3,1,1900.16,633.3866666666667,937.0
3513,3,3,1897.7,632.5666666666667,767.3333333333334
1200,4,1,1897.32,474.33,907.5
9160,1,1,1896.5,1896.5,741.0
5090,1,1,1895.4,1895.4,510.0
1121,2,1,1894.59,947.295,1424.0
8158,3,1,1891.73,630.5766666666667,760.0
1557,2,1,1890.24,945.12,733.0
1577,4,1,1887.37,471.8425,989.75
8501,5,3,1883.69,376.738,334.2
1240,3,1,1882.12,627.3733333333333,1336.0
4810,3,2,1880.1,626.6999999999999,870.3333333333334
3113,2,1,1879.1,939.55,707.0
4906,4,2,1877.35,469.3375,837.5
7724,5,2,1876.5400000000002,375.30800000000005,857.4
1709,2,1,1876.09,938.045,638.0
2490,2,1,1874.09,937.045,411.0
2117,3,1,1873.58,624.5266666666666,564.0
8347,4,2,1873.3,468.325,834.0
4944,3,2,1870.42,623.4733333333334,767.3333333333334
5463,5,3,1868.11,373.62199999999996,1277.8
9748,3,2,1867.56,622.52,1161.0
2938,4,1,1864.33,466.0825,1187.5
9630,5,2,1863.35,372.66999999999996,993.6
8963,3,1,1862.95,620.9833333333333,964.6666666666666
4649,2,2,1861.74,930.87,678.5
7865,2,1,1860.9,930.45,601.0
2286,2,2,1859.9899999999998,929.9949999999999,343.5
3027,3,1,1859.91,619.97,775.6666666666666
8756,5,1,1859.51,371.902,711.6
3202,6,1,1859.47,309.9116666666667,1262.5
3502,7,1,1859.06,265.58,1131.0
1533,1,1,1858.18,1858.18,989.0
4049,4,1,1857.63,464.4075,454.5
7235,6,1,1854.04,309.00666666666666,1300.5
1039,4,2,1852.98,463.245,1146.5
1560,2,1,1852.44,926.22,1141.5
4998,2,1,1850.24,925.12,889.0
6065,3,1,1849.16,616.3866666666667,869.6666666666666
6307,3,1,1847.48,615.8266666666667,409.3333333333333
1832,6,1,1846.82,307.80333333333334,1017.8333333333334
7310,3,1,1846.76,615.5866666666667,866.3333333333334
6210,7,3,1845.8,263.68571428571425,826.5714285714286
6128,3,1,1845.74,615.2466666666667,1047.3333333333333
2458,3,1,1843.14,614.38,645.0
7564,4,2,1842.81,460.7025,785.0
6830,4,1,1842.3,460.575,884.0
4314,2,1,1841.14,920.57,434.5
1111,2,1,1839.86,919.93,1010.0
9491,2,1,1838.66,919.33,693.0
4062,8,1,1836.99,229.62375,1106.625
4821,1,1,1836.24,1836.24,1685.0
5398,1,1,1835.82,1835.82,857.0
4952,5,1,1834.4,366.88,958.8
5949,2,1,1833.37,916.685,708.5
8507,4,2,1832.87,458.2175,1014.75
9008,2,1,1832.87,916.435,1210.0
4057,4,3,1832.0,458.0,576.75
7968,4,1,1829.14,457.285,757.25
2307,2,1,1828.44,914.22,840.5
2909,4,1,1826.85,456.7125,1025.25
8974,2,1,1826.78,913.39,944.5
7790,5,1,1823.39,364.678,685.2
6815,1,1,1823.12,1823.12,1735.0
3405,5,1,1821.53,364.306,876.6
1193,3,1,1818.94,606.3133333333334,1533.6666666666667
9444,1,1,1818.38,1818.38,1713.0
4242,1,1,1817.49,1817.49,1403.0
4150,5,1,1815.75,363.15,807.0
7777,8,2,1812.9,226.6125,915.875
3544,2,2,1812.22,906.11,707.0
4315,3,1,1811.52,603.84,1121.3333333333333
9277,2,1,1809.84,904.92,934.5
9891,3,1,1808.79,602.93,1010.0
7323,3,1,1806.66,602.22,1029.6666666666667
6568,3,1,1806.24,602.08,410.3333333333333
6332,3,2,1802.3799999999999,600.7933333333333,1175.3333333333333
5301,4,2,1802.29,450.5725,1328.5
9317,6,2,1801.12,300.18666666666667,710.6666666666666
2737,6,1,1798.58,299.7633333333333,964.5
6908,5,1,1797.84,359.568,656.6
3600,4,2,1794.19,448.5475,824.75
5605,3,1,1793.48,597.8266666666667,519.3333333333334
4052,4,1,1791.86,447.965,1141.0
2812,2,1,1791.55,895.775,1709.0
4432,2,1,1791.32,895.66,916.5
3409,3,2,1790.9299999999998,596.9766666666666,516.3333333333334
5580,3,1,1790.6,596.8666666666667,1357.3333333333333
8899,1,1,1790.1,1790.1,481.0
3333,3,1,1789.48,596.4933333333333,790.0
7841,5,1,1789.42,357.884,741.4
1830,2,2,1788.8899999999999,894.4449999999999,436.5
8852,2,1,1788.51,894.255,691.0
5475,4,1,1787.51,446.8775,962.5
1269,4,1,1787.02,446.755,650.75
4065,3,1,1786.8,595.6,685.6666666666666
6371,6,1,1786.32,297.71999999999997,749.6666666666666
6352,2,1,1784.88,892.44,1372.0
7712,5,1,1781.16,356.232,654.4
3891,3,1,1779.52,593.1733333333333,823.6666666666666
4638,5,2,1778.41,355.682,1278.8
4900,3,2,1777.66,592.5533333333334,969.6666666666666
4908,4,3,1773.8400000000001,443.46000000000004,606.25
5970,3,1,1772.96,590.9866666666667,1330.6666666666667
8745,5,1,1771.88,354.37600000000003,1072.0
6512,5,1,1769.36,353.87199999999996,954.6
2350,3,1,1769.0,589.6666666666666,1196.0
6525,1,1,1767.75,1767.75,1758.0
4731,1,1,1767.68,1767.68,242.0
5671,5,1,1765.91,353.182,1194.8
1220,3,1,1765.86,588.62,266.0
2492,4,1,1765.4,441.35,868.25
6399,3,1,1764.48,588.16,1408.6666666666667
1115,2,1,1763.68,881.84,1087.0
5146,4,1,1760.28,440.07,1078.5
9542,4,1,1758.43,439.6075,1009.5
8965,3,1,1756.46,585.4866666666667,625.3333333333334
3970,2,1,1755.35,877.675,366.0
6163,4,1,1755.32,438.83,1552.75
6574,2,1,1755.1,877.55,932.5
3107,2,1,1754.48,877.24,372.0
5611,4,1,1745.14,436.285,1205.0
3718,3,2,1744.21,581.4033333333333,892.3333333333334
7358,2,1,1741.08,870.54,952.0
2905,5,1,1739.54,347.908,911.8
6624,1,1,1736.4,1736.4,1250.0
1706,5,1,1735.8,347.15999999999997,745.4
9101,4,2,1734.7,433.675,993.25
4272,2,1,1733.94,866.97,851.5
3133,4,1,1733.53,433.3825,1056.0
2119,6,2,1731.77,288.62833333333333,1055.0
7859,3,2,1731.69,577.23,973.6666666666666
3493,2,1,1731.48,865.74,249.0
1711,5,3,1730.48,346.096,963.4
4263,5,1,1729.49,345.898,648.2
4153,2,1,1728.76,864.38,382.5
3422,1,1,1727.88,1727.88,980.0
5751,5,2,1727.17,345.434,853.6
5334,2,1,1727.08,863.54,955.0
3578,2,1,1727.02,863.51,869.5
4744,2,1,1725.16,862.58,1642.0
5071,4,1,1725.08,431.27,949.5
9526,4,1,1724.65,431.1625,566.5
5825,4,2,1723.68,430.92,1229.0
1915,6,1,1722.87,287.145,1149.3333333333333
7418,4,1,1722.82,430.705,731.25
5153,3,1,1722.1,574.0333333333333,1134.6666666666667
2423,4,2,1721.88,430.47,923.5
4363,2,1,1721.16,860.58,350.0
3350,4,2,1715.62,428.905,580.0
5045,4,1,1715.42,428.855,1375.75
7304,3,1,1715.31,571.77,1070.3333333333333
4703,5,1,1713.57,342.714,681.6
6230,5,2,1713.0500000000002,342.61,975.8
6383,1,1,1712.73,1712.73,1747.0
5639,3,1,1712.44,570.8133333333334,1225.0
1264,3,1,1712.22,570.74,1122.3333333333333
6992,4,3,1711.41,427.8525,709.25
4891,2,1,1709.76,854.88,886.0
8354,3,1,1709.72,569.9066666666666,725.6666666666666
7669,1,1,1699.0,1699.0,73.0
1635,5,2,1696.4,339.28000000000003,890.6
9327,3,1,1696.29,565.43,732.6666666666666
6432,3,1,1695.6,565.1999999999999,740.0
6063,4,1,1693.91,423.4775,683.75
4430,1,1,1693.71,1693.71,132.0
9029,2,1,1693.13,846.565,257.5
9496,4,2,1692.67,423.1675,800.75
1318,5,2,1692.53,338.506,922.0
9656,4,1,1691.63,422.9075,637.75
9652,5,2,1690.88,338.17600000000004,1327.0
3676,2,1,1690.0,845.0,1120.0
5118,1,1,1688.7,1688.7,915.0
9770,3,1,1688.2,562.7333333333333,1529.3333333333333
9822,3,1,1687.52,562.5066666666667,1110.6666666666667
2693,3,1,1687.28,562.4266666666666,512.0
6845,2,1,1685.42,842.71,1333.5
9680,3,1,1684.38,561.46,1078.0
1124,4,2,1684.02,421.005,897.0
1632,5,2,1683.59,336.71799999999996,817.2
7229,1,1,1683.48,1683.48,769.0
1003,3,1,1681.96,560.6533333333333,695.3333333333334
4920,2,1,1679.13,839.565,920.5
3647,2,1,1677.22,838.61,806.0
9425,5,1,1677.07,335.414,1113.6
8017,3,1,1676.36,558.7866666666666,1015.3333333333334
6595,4,1,1676.06,419.015,756.5
4910,3,1,1676.0,558.6666666666666,678.3333333333334
3874,7,1,1674.7,239.24285714285716,1132.7142857142858
8811,4,2,1674.1,418.525,1128.5
1890,5,1,1673.45,334.69,951.4
8181,6,2,1670.94,278.49,798.6666666666666
9411,3,1,1670.19,556.73,626.0
4180,3,1,1669.84,556.6133333333333,755.0
5840,2,1,1668.56,834.28,1274.5
7581,3,1,1665.69,555.23,649.0
2063,5,1,1665.32,333.06399999999996,516.6
6944,4,1,1665.29,416.3225,760.25
2590,3,2,1663.9,554.6333333333333,435.3333333333333
4476,3,2,1663.8899999999999,554.63,731.0
4246,3,1,1663.83,554.61,1229.0
1538,5,1,1661.69,332.338,762.4
9224,3,1,1661.51,553.8366666666667,803.0
5972,4,1,1660.75,415.1875,643.25
8866,1,1,1659.78,1659.78,690.0
3081,3,1,1658.87,552.9566666666666,1069.0
3784,4,2,1658.4,414.6,1337.5
4060,5,1,1658.27,331.654,766.8
9111,2,1,1658.09,829.045,427.0
7877,5,1,1653.03,330.606,890.4
3846,3,1,1652.19,550.73,217.33333333333334
3071,3,1,1649.41,549.8033333333334,842.3333333333334
5075,5,1,1648.8,329.76,762.2
1404,6,2,1646.99,274.49833333333333,712.0
9195,3,1,1646.84,548.9466666666666,1231.6666666666667
5351,3,1,1644.67,548.2233333333334,390.3333333333333
8029,2,1,1642.91,821.455,449.5
7601,4,2,1641.98,410.495,1062.5
1713,3,1,1641.2,547.0666666666667,688.6666666666666
4941,4,2,1640.37,410.0925,596.25
8987,3,1,1639.97,546.6566666666666,506.6666666666667
5872,4,1,1639.93,409.9825,925.25
4026,3,2,1639.45,546.4833333333333,944.3333333333334
2367,1,1,1637.1,1637.1,1215.0
2735,3,2,1635.5300000000002,545.1766666666667,1282.0
7895,4,1,1635.1,408.775,522.75
4726,1,1,1633.54,1633.54,725.0
9697,2,1,1631.68,815.84,1431.0
4136,3,2,1630.75,543.5833333333334,1107.6666666666667
3941,5,1,1630.36,326.072,1320.6
8525,4,1,1629.86,407.465,1246.5
7106,3,1,1627.92,542.64,992.3333333333334
6151,8,2,1626.8,203.35,1054.375
7853,1,1,1625.18,1625.18,1447.0
9480,2,1,1621.56,810.78,1027.5
5143,5,2,1620.78,324.156,1203.4
3666,5,2,1620.78,324.156,969.6
5313,2,1,1620.68,810.34,1011.5
4245,5,3,1619.72,323.944,1178.2
1965,7,1,1619.46,231.35142857142858,1001.1428571428571
8596,2,1,1619.06,809.53,1085.5
6745,5,1,1618.2,323.64,1323.6
8124,1,1,1617.56,1617.56,1116.0
2440,5,1,1616.89,323.37800000000004,580.4
5985,3,1,1616.39,538.7966666666667,744.3333333333334
9339,4,2,1615.92,403.98,972.25
9739,3,1,1615.15,538.3833333333333,830.0
6869,6,2,1614.65,269.10833333333335,1173.0
8288,3,1,1613.82,537.9399999999999,959.6666666666666
6756,1,1,1613.62,1613.62,148.0
5723,3,1,1612.0,537.3333333333334,1355.6666666666667
5886,3,1,1609.88,536.6266666666667,804.3333333333334
2013,3,2,1609.31,536.4366666666666,869.6666666666666
6382,6,1,1608.39,268.065,1156.1666666666667
8483,1,1,1608.1,1608.1,529.0
7461,4,1,1605.58,401.395,1121.5
5467,3,1,1604.38,534.7933333333334,1092.0
4940,7,1,1604.26,229.18,943.1428571428571
2886,2,1,1603.0,801.5,1006.5
1515,5,3,1602.91,320.582,1310.6
6907,4,1,1601.47,400.3675,967.0
1082,3,1,1601.42,533.8066666666667,1434.6666666666667
2072,5,2,1600.6,320.12,852.6
3888,4,2,1600.38,400.095,871.25
9272,8,1,1597.74,199.7175,1184.625
2840,6,1,1597.05,266.175,934.6666666666666
3858,3,1,1594.4,531.4666666666667,764.3333333333334
8951,4,1,1593.76,398.44,1128.25
2425,2,1,1592.51,796.255,477.5
6517,1,1,1591.33,1591.33,311.0
6547,4,2,1589.5099999999998,397.37749999999994,749.0
6288,2,2,1588.95,794.475,509.5
9677,7,1,1587.68,226.8114285714286,853.2857142857143
9961,1,1,1587.64,1587.64,1101.0
6657,1,1,1583.01,1583.01,1746.0
9997,3,1,1583.0,527.6666666666666,419.3333333333333
7179,2,1,1582.71,791.355,536.5
6813,7,1,1581.61,225.9442857142857,691.0
5813,3,1,1580.76,526.92,685.6666666666666
6138,2,1,1580.56,790.28,452.0
8316,1,1,1579.93,1579.93,1393.0
7868,3,1,1576.94,525.6466666666666,728.0
5448,5,1,1576.32,315.264,1282.0
6365,1,1,1575.87,1575.87,799.0
4015,2,1,1574.48,787.24,1016.5
3541,2,1,1572.76,786.38,1064.5
9651,2,1,1572.21,786.105,620.5
5597,3,2,1570.8000000000002,523.6,653.0
4548,3,1,1570.77,523.59,1120.0
4510,2,1,1570.05,785.025,1088.5
9546,4,1,1567.78,391.945,1325.75
5993,3,1,1566.6,522.1999999999999,619.3333333333334
1708,3,2,1565.29,521.7633333333333,895.6666666666666
6532,1,1,1564.69,1564.69,1273.0
6171,2,1,1563.53,781.765,1048.5
2787,2,1,1560.73,780.365,1186.5
9360,4,1,1559.58,389.895,489.5
9624,5,1,1558.96,311.79200000000003,817.8
4209,2,1,1557.32,778.66,796.0
7929,2,1,1554.11,777.055,181.5
1644,4,2,1552.99,388.2475,902.5
1188,4,3,1550.69,387.6725,751.5
7044,2,1,1550.44,775.22,1159.0
8712,4,1,1549.83,387.4575,1311.5
9504,5,1,1549.07,309.81399999999996,1100.0
4642,3,1,1548.43,516.1433333333333,662.0
4830,5,2,1547.7,309.54,306.4
1008,5,1,1546.42,309.284,829.2
5402,4,2,1546.35,386.5875,910.0
7132,2,2,1545.56,772.78,987.0
5834,6,1,1543.69,257.2816666666667,822.0
8369,4,1,1541.6,385.4,849.75
9109,2,1,1540.89,770.445,383.0
7155,3,1,1537.08,512.36,350.6666666666667
1564,5,1,1536.96,307.392,864.2
7372,3,2,1536.66,512.22,736.3333333333334
7981,4,2,1536.51,384.1275,657.75
7830,2,1,1536.27,768.135,1010.0
4804,5,2,1535.82,307.164,601.4
7071,5,2,1531.9199999999998,306.38399999999996,1268.2
9670,5,2,1531.63,306.326,880.8
1618,3,2,1529.82,509.94,932.0
5682,5,1,1529.45,305.89,716.8
6655,4,1,1528.97,382.2425,800.0
4518,5,1,1527.33,305.466,797.2
2960,5,1,1527.31,305.462,830.6
4876,3,2,1527.08,509.02666666666664,1494.6666666666667
8446,5,1,1526.76,305.352,1216.8
5749,5,2,1525.8200000000002,305.16400000000004,933.4
7823,5,2,1525.49,305.098,932.2
1936,4,1,1525.02,381.255,921.25
2308,2,1,1523.48,761.74,834.0
4419,5,1,1521.7,304.34000000000003,683.4
6549,2,1,1521.54,760.77,584.5
8255,4,1,1519.63,379.9075,891.75
6850,4,1,1519.53,379.8825,1199.0
7130,5,2,1519.06,303.812,1135.4
3571,2,1,1518.45,759.225,329.5
3474,3,1,1513.84,504.6133333333333,1088.3333333333333
6056,3,1,1512.9,504.3,709.6666666666666
8361,2,1,1512.3,756.15,1399.5
4852,2,1,1511.68,755.84,244.5
7905,2,1,1510.92,755.46,1098.5
2027,4,1,1507.9,376.975,879.5
1174,3,1,1507.02,502.34,1019.0
2281,5,1,1506.42,301.284,900.0
6534,3,1,1506.05,502.01666666666665,751.0
3376,3,1,1505.65,501.8833333333334,1327.3333333333333
8460,4,2,1505.1599999999999,376.28999999999996,1342.75
5174,6,2,1503.4,250.5666666666667,884.0
4319,3,2,1502.8600000000001,500.9533333333334,1140.6666666666667
6434,3,1,1502.8,500.93333333333334,996.6666666666666
9703,3,1,1500.01,500.00333333333333,1375.6666666666667
4054,4,2,1499.75,374.9375,1165.5
2157,4,2,1499.4299999999998,374.85749999999996,1093.75
8048,1,1,1498.6,1498.6,1345.0
5737,4,1,1497.16,374.29,1111.0
5502,3,1,1496.63,498.8766666666667,894.0
2577,3,1,1496.55,498.84999999999997,760.6666666666666
8368,4,1,1494.77,373.6925,1151.75
3691,3,2,1492.97,497.6566666666667,1102.6666666666667
2039,5,2,1490.94,298.188,1027.8
4825,3,2,1490.6,496.8666666666666,776.6666666666666
8111,4,1,1489.64,372.41,586.75
5569,4,1,1486.43,371.6075,634.0
2992,3,2,1485.57,495.19,627.0
7063,1,1,1484.67,1484.67,309.0
9926,5,1,1483.68,296.736,722.8
1624,4,2,1483.5700000000002,370.89250000000004,932.25
1162,1,1,1483.14,1483.14,487.0
8782,4,1,1482.06,370.515,1149.0
1350,6,3,1480.29,246.715,773.0
2572,2,1,1479.39,739.695,1220.5
5327,5,1,1477.92,295.584,524.4
9416,1,1,1477.35,1477.35,1135.0
8614,5,2,1475.46,295.092,908.8
7348,4,1,1475.24,368.81,1314.0
5253,3,1,1474.56,491.52,941.3333333333334
3580,3,1,1473.45,491.15000000000003,1242.6666666666667
4148,2,1,1473.2,736.6,1577.0
2184,2,1,1473.0,736.5,1186.0
2002,5,2,1472.05,294.40999999999997,892.8
6370,2,1,1471.64,735.82,316.0
6394,3,1,1471.56,490.52,724.3333333333334
2615,4,1,1471.45,367.8625,1249.5
6985,4,1,1470.74,367.685,735.25
4029,4,1,1469.52,367.38,888.75
7336,3,1,1468.75,489.5833333333333,464.3333333333333
2756,5,2,1468.6,293.71999999999997,1010.8
3292,7,1,1468.34,209.76285714285714,897.4285714285714
5478,4,1,1465.94,366.485,527.75
6428,4,1,1465.86,366.465,1012.25
3002,5,1,1464.6,292.91999999999996,732.8
6421,5,1,1462.36,292.472,851.4
4285,2,1,1462.23,731.115,898.5
3978,4,1,1462.08,365.52,987.5
2736,3,1,1461.58,487.1933333333333,664.3333333333334
7377,2,1,1461.32,730.66,1313.5
3790,3,1,1459.87,486.6233333333333,1170.3333333333333
9838,3,1,1458.73,486.24333333333334,693.3333333333334
4469,2,1,1458.63,729.315,1538.0
3936,2,2,1458.47,729.235,745.5
1190,4,2,1456.45,364.1125,1003.5
1268,3,1,1455.21,485.07,623.6666666666666
8982,4,1,1453.64,363.41,1125.25
8073,5,1,1453.04,290.608,870.2
9180,6,1,1451.76,241.96,509.8333333333333
9041,2,1,1450.28,725.14,1050.0
1076,4,1,1449.62,362.405,882.25
2294,4,2,1449.48,362.37,642.5
2649,3,1,1448.16,482.72,915.3333333333334
2191,4,1,1446.88,361.72,678.5
5241,3,1,1445.98,481.99333333333334,1093.6666666666667
4633,1,1,1445.38,1445.38,203.0
4090,3,1,1444.09,481.3633333333333,983.0
3933,4,1,1443.76,360.94,983.75
8450,5,1,1441.74,288.348,592.6
4853,6,1,1440.87,240.14499999999998,895.8333333333334
5905,3,1,1440.58,480.1933333333333,820.6666666666666
9155,6,1,1439.68,239.9466666666667,1089.5
7699,3,1,1435.14,478.38000000000005,1017.3333333333334
7857,3,1,1434.34,478.1133333333333,1014.6666666666666
8863,2,1,1434.13,717.065,640.5
8348,5,1,1433.37,286.674,883.2
8699,4,1,1432.62,358.155,1014.25
1971,5,1,1431.76,286.352,586.2
2746,3,1,1431.67,477.22333333333336,677.3333333333334
4811,4,1,1429.28,357.32,761.75
8554,4,1,1425.75,356.4375,1049.5
5903,3,1,1424.99,474.99666666666667,761.3333333333334
5107,4,1,1424.89,356.2225,1057.75
4273,3,1,1424.13,474.71000000000004,339.3333333333333
1787,3,1,1424.09,474.69666666666666,171.0
5864,6,2,1423.8500000000001,237.30833333333337,721.5
9208,4,1,1422.15,355.5375,893.5
5079,8,2,1421.5500000000002,177.69375000000002,815.25
3357,1,1,1420.48,1420.48,528.0
6165,3,1,1419.34,473.1133333333333,698.0
5140,2,1,1418.33,709.165,1335.5
1466,2,1,1417.23,708.615,326.0
9038,2,1,1415.85,707.925,432.0
1867,3,1,1414.74,471.58,611.0
8360,2,1,1413.61,706.805,1113.5
3975,4,1,1413.24,353.31,753.5
7710,5,1,1412.22,282.444,898.6
8684,2,1,1411.34,705.67,340.5
9046,1,1,1410.72,1410.72,1523.0
8729,4,2,1410.47,352.6175,1195.25
4278,4,1,1409.9,352.475,1029.25
8331,3,1,1409.88,469.96000000000004,1032.0
6485,4,2,1408.96,352.24,405.75
6024,3,1,1407.37,469.1233333333333,865.6666666666666
2557,3,1,1406.84,468.94666666666666,1322.0
2891,2,1,1406.27,703.135,669.0
2503,3,1,1406.12,468.70666666666665,800.3333333333334
6752,4,1,1405.98,351.495,1206.25
9151,4,2,1405.28,351.32,1143.0
6854,4,1,1402.02,350.505,1016.75
5703,2,1,1401.94,700.97,41.0
6408,4,1,1401.01,350.2525,1056.75
2976,1,1,1399.04,1399.04,1360.0
1963,3,1,1399.0,466.3333333333333,376.0
9836,3,2,1398.98,466.32666666666665,1222.6666666666667
2459,2,1,1398.81,699.405,484.0
1829,2,1,1398.4,699.2,517.5
7954,5,1,1396.65,279.33000000000004,773.2
1545,7,2,1395.81,199.40142857142857,570.0
4178,5,1,1395.26,279.052,957.4
8593,4,2,1393.39,348.3475,1263.0
6884,3,1,1393.38,464.46000000000004,821.6666666666666
9010,3,1,1390.79,463.59666666666664,1340.3333333333333
9485,1,1,1389.75,1389.75,65.0
4056,7,1,1388.4,198.34285714285716,632.7142857142857
5299,3,1,1387.8,462.59999999999997,417.6666666666667
7655,3,1,1386.23,462.07666666666665,304.0
4938,3,1,1386.1,462.0333333333333,1097.0
5274,6,2,1383.16,230.52666666666667,1096.0
7319,2,1,1382.92,691.46,1028.5
8498,4,1,1381.46,345.365,1139.5
8628,5,2,1378.9,275.78000000000003,682.0
4609,4,1,1378.16,344.54,685.0
4338,2,2,1376.1299999999999,688.0649999999999,1394.5
7002,4,1,1375.99,343.9975,729.75
4221,3,1,1375.28,458.4266666666667,282.6666666666667
7024,3,1,1375.11,458.36999999999995,1211.6666666666667
8114,4,1,1373.38,343.345,1047.25
7224,4,1,1369.68,342.42,810.75
4980,2,1,1369.58,684.79,449.5
6233,3,1,1369.14,456.38000000000005,936.3333333333334
9903,3,1,1368.84,456.28,824.0
5989,7,2,1368.8200000000002,195.5457142857143,602.1428571428571
2711,2,1,1368.76,684.38,846.0
9473,3,1,1368.67,456.22333333333336,775.6666666666666
4660,4,1,1366.91,341.7275,1417.5
2817,3,1,1364.4,454.8,911.6666666666666
8577,4,1,1363.78,340.945,1231.25
2436,1,1,1363.24,1363.24,154.0
7272,4,2,1362.17,340.5425,692.25
5427,5,1,1361.9,272.38,957.6
7265,2,1,1361.34,680.67,1610.5
2165,4,1,1361.19,340.2975,970.75
5281,4,2,1360.48,340.12,997.0
8481,4,1,1359.36,339.84,1345.25
3830,3,1,1358.58,452.85999999999996,725.0
5308,2,1,1357.89,678.945,1299.0
1165,5,2,1357.8700000000001,271.574,1153.0
3979,1,1,1357.1,1357.1,192.0
7012,3,1,1356.05,452.01666666666665,1456.6666666666667
2703,4,1,1355.73,338.9325,1364.75
3404,2,1,1355.7,677.85,1178.5
7435,3,1,1355.17,451.72333333333336,787.0
8795,2,1,1354.32,677.16,863.5
2376,4,1,1353.56,338.39,1189.5
8487,4,1,1353.2,338.3,558.75
5132,2,1,1352.01,676.005,231.5
9589,5,1,1351.04,270.20799999999997,1502.8
8007,4,1,1350.69,337.6725,612.75
6498,3,1,1349.02,449.67333333333335,1157.3333333333333
9923,1,1,1348.96,1348.96,639.0
8232,1,1,1348.53,1348.53,59.0
6864,6,2,1347.82,224.63666666666666,1211.3333333333333
4074,3,1,1346.17,448.72333333333336,820.3333333333334
4434,2,1,1345.54,672.77,536.5
3908,1,1,1345.32,1345.32,624.0
5936,4,1,1344.64,336.16,497.25
8057,2,1,1342.96,671.48,1450.0
6611,8,2,1341.6100000000001,167.70125000000002,1118.75
4355,3,1,1341.51,447.17,863.0
1101,1,1,1339.45,1339.45,168.0
1802,2,1,1337.24,668.62,989.5
3251,2,1,1336.07,668.035,206.5
2710,7,2,1335.5700000000002,190.7957142857143,1270.857142857143
8735,3,1,1335.54,445.18,458.6666666666667
9752,1,1,1334.88,1334.88,1360.0
5607,2,1,1332.66,666.33,1228.5
1071,5,1,1331.9,266.38,1117.6
8915,2,1,1330.45,665.225,840.0
7556,1,1,1330.44,1330.44,1746.0
7495,5,1,1330.18,266.036,792.4
5587,4,2,1328.86,332.215,1043.25
1215,4,1,1328.42,332.105,717.5
6377,2,1,1327.66,663.83,1039.5
1627,1,1,1327.0,1327.0,802.0
9755,3,2,1326.72,442.24,1229.6666666666667
8015,3,2,1324.69,441.56333333333333,1580.6666666666667
3921,3,1,1324.54,441.5133333333333,468.0
8840,6,1,1323.14,220.52333333333334,951.1666666666666
9719,6,2,1323.04,220.50666666666666,1318.1666666666667
6425,2,1,1321.52,660.76,966.5
3973,6,2,1321.01,220.16833333333332,911.8333333333334
8668,4,2,1320.7,330.175,703.0
6978,4,2,1319.74,329.935,1021.5
5179,2,1,1319.44,659.72,1404.5
1687,2,1,1318.78,659.39,176.5
5894,3,1,1318.08,439.35999999999996,1004.3333333333334
1352,5,2,1316.79,263.358,848.2
2156,3,2,1314.3600000000001,438.12000000000006,1139.6666666666667
6939,6,1,1314.31,219.05166666666665,690.5
5826,5,1,1313.32,262.664,780.2
4108,3,1,1312.99,437.66333333333336,480.3333333333333
3943,3,1,1311.95,437.31666666666666,1416.3333333333333
8542,4,1,1311.94,327.985,422.25
7237,5,1,1308.62,261.724,955.2
3635,4,1,1303.14,325.785,739.0
5429,3,1,1303.03,434.3433333333333,1068.6666666666667
7190,2,2,1302.8000000000002,651.4000000000001,892.5
7036,2,1,1302.04,651.02,873.0
2941,2,1,1301.2,650.6,436.0
2114,8,1,1299.41,162.42625,1275.25
4323,3,2,1299.37,433.1233333333333,1311.3333333333333
6125,1,1,1299.33,1299.33,666.0
8527,3,2,1299.31,433.1033333333333,1372.3333333333333
8452,5,1,1298.49,259.698,484.0
1405,3,1,1296.62,432.20666666666665,499.0
1041,2,1,1296.48,648.24,1041.5
2077,3,1,1295.93,431.9766666666667,881.0
9849,4,1,1295.74,323.935,1108.5
2130,4,1,1295.7,323.925,1115.25
9998,4,1,1295.58,323.895,884.75
4341,1,1,1294.19,1294.19,1052.0
8937,5,2,1293.58,258.716,955.2
8638,7,1,1292.67,184.66714285714286,870.1428571428571
7226,5,2,1291.97,258.394,777.8
6668,1,1,1291.31,1291.31,956.0
4527,7,1,1290.7,184.3857142857143,652.8571428571429
2048,4,1,1290.46,322.615,742.0
4598,3,1,1289.91,429.97,806.6666666666666
3769,4,2,1289.6499999999999,322.41249999999997,870.25
3915,3,1,1288.01,429.33666666666664,1068.6666666666667
2113,5,1,1287.54,257.508,793.0
1742,2,1,1286.8,643.4,1661.5
9520,4,1,1286.19,321.5475,627.25
8642,5,1,1284.44,256.88800000000003,959.6
2801,6,2,1282.23,213.705,653.3333333333334
3045,2,1,1281.66,640.83,812.5
7411,6,3,1281.23,213.53833333333333,1207.8333333333333
4819,5,1,1279.72,255.94400000000002,1026.6
3407,2,2,1278.8899999999999,639.4449999999999,983.5
7773,2,1,1278.8,639.4,992.0
1974,4,2,1278.26,319.565,1041.5
7847,2,1,1277.49,638.745,1216.0
5850,2,1,1276.46,638.23,956.0
5332,3,1,1275.4,425.1333333333334,614.6666666666666
6670,2,1,1274.92,637.46,865.5
6798,1,1,1274.76,1274.76,674.0
7637,4,1,1274.51,318.6275,615.25
9939,4,1,1273.44,318.36,1036.75
4139,2,1,1271.76,635.88,1171.5
5791,6,1,1268.46,211.41,486.1666666666667
4411,5,2,1267.95,253.59,1045.6
6714,4,2,1267.4499999999998,316.86249999999995,632.0
6972,2,1,1266.91,633.455,1006.0
9766,5,1,1265.31,253.06199999999998,739.6
4814,2,1,1264.95,632.475,704.5
3285,4,1,1263.83,315.9575,1095.5
8773,4,1,1260.34,315.085,1133.0
5222,2,1,1258.38,629.19,1764.0
6469,1,1,1258.17,1258.17,711.0
8018,3,1,1257.07,419.0233333333333,1544.6666666666667
6489,4,2,1257.0,314.25,776.5
2163,5,2,1255.83,251.166,766.6
8365,3,1,1254.16,418.05333333333334,500.0
9747,5,1,1253.28,250.656,457.0
9097,1,1,1253.28,1253.28,379.0
9892,4,1,1252.28,313.07,762.0
5297,2,1,1252.05,626.025,1145.5
1856,4,1,1251.12,312.78,593.0
5537,4,1,1249.43,312.3575,576.25
1202,2,1,1248.59,624.295,515.0
5162,4,1,1248.08,312.02,675.0
5228,1,1,1246.53,1246.53,1047.0
4388,3,1,1246.36,415.4533333333333,1514.0
4145,2,1,1245.78,622.89,831.5
5674,3,2,1245.6399999999999,415.2133333333333,413.6666666666667
4732,4,1,1245.51,311.3775,1056.25
1105,4,1,1244.58,311.145,761.75
8622,2,1,1243.98,621.99,1336.5
3347,2,1,1242.62,621.31,623.5
7616,2,1,1242.19,621.095,1292.0
5212,3,1,1241.29,413.7633333333333,868.0
4854,5,1,1240.29,248.058,657.2
6931,4,1,1239.66,309.915,1072.0
1464,5,2,1238.58,247.71599999999998,1342.6
2845,4,1,1238.5,309.625,822.75
4309,5,1,1238.01,247.602,690.6
6529,2,1,1237.77,618.885,406.0
7676,3,1,1237.41,412.47,1107.6666666666667
1086,3,1,1236.24,412.08,524.3333333333334
6558,4,1,1235.71,308.9275,1215.0
6917,2,1,1235.52,617.76,996.0
5379,5,1,1235.02,247.004,620.6
3931,3,1,1234.71,411.57,884.3333333333334
5528,5,1,1233.59,246.718,746.2
7545,3,1,1232.38,410.79333333333335,1079.3333333333333
1930,4,2,1232.25,308.0625,929.0
2733,3,1,1231.76,410.58666666666664,726.3333333333334
6311,3,1,1231.51,410.50333333333333,1362.6666666666667
6786,3,2,1231.25,410.4166666666667,918.3333333333334
8216,2,1,1230.89,615.445,625.5
8321,1,1,1230.16,1230.16,1186.0
5847,3,1,1229.98,409.99333333333334,934.3333333333334
3732,4,1,1229.92,307.48,1156.25
8574,4,1,1228.97,307.2425,724.0
1000,2,1,1228.72,614.36,1014.0
9807,2,2,1228.63,614.315,1398.0
2913,3,2,1228.38,409.46000000000004,610.0
5522,3,2,1226.31,408.77,766.6666666666666
6174,1,1,1226.08,1226.08,1235.0
8650,2,1,1225.52,612.76,422.0
4886,4,2,1225.46,306.365,959.25
5056,2,1,1225.19,612.595,902.0
6732,4,1,1224.56,306.14,987.0
8447,2,1,1223.2,611.6,833.5
4904,3,1,1223.08,407.6933333333333,758.6666666666666
4390,5,2,1222.6399999999999,244.52799999999996,799.6
3307,2,1,1220.33,610.165,477.0
8131,5,1,1220.33,244.06599999999997,1023.4
9514,2,1,1219.92,609.96,416.5
1195,3,1,1219.67,406.5566666666667,932.3333333333334
3435,2,1,1218.84,609.42,1068.0
2180,3,1,1217.97,405.99,1058.6666666666667
6663,1,1,1215.08,1215.08,533.0
6290,2,1,1214.27,607.135,1249.5
1473,3,1,1213.67,404.5566666666667,859.6666666666666
1982,5,1,1212.63,242.526,884.0
1490,4,1,1211.39,302.8475,506.0
7685,6,1,1211.11,201.85166666666666,639.8333333333334
3667,4,1,1210.41,302.6025,622.75
2919,3,2,1208.96,402.9866666666667,1396.0
2132,4,1,1207.19,301.7975,839.5
6087,4,2,1206.27,301.5675,698.0
8404,3,1,1205.43,401.81,292.3333333333333
6605,4,1,1204.71,301.1775,793.75
9452,3,1,1204.42,401.47333333333336,1160.6666666666667
3184,3,1,1203.93,401.31,854.6666666666666
4579,6,1,1203.75,200.625,862.1666666666666
7979,4,1,1203.17,300.7925,877.25
1226,3,1,1203.09,401.03,1239.0
8858,3,1,1202.04,400.68,1110.3333333333333
4195,3,1,1201.96,400.65333333333336,1187.3333333333333
4229,1,1,1200.71,1200.71,1293.0
9241,2,1,1199.8,599.9,1462.5
4956,3,1,1199.66,399.8866666666667,1424.6666666666667
1357,1,1,1199.55,1199.55,692.0
9962,1,1,1198.66,1198.66,1659.0
2964,3,1,1198.49,399.49666666666667,1129.6666666666667
8975,3,1,1198.22,399.4066666666667,1192.0
2786,2,1,1198.02,599.01,491.5
6946,5,1,1197.99,239.598,794.0
4907,2,1,1197.76,598.88,1700.5
9713,2,1,1197.58,598.79,59.0
7194,1,1,1193.87,1193.87,785.0
8885,5,1,1193.0,238.6,1035.8
4124,2,1,1192.32,596.16,485.5
1462,3,2,1191.03,397.01,1306.0
6496,5,1,1189.97,237.994,777.0
5291,3,1,1186.63,395.54333333333335,842.0
8754,2,1,1185.87,592.935,1216.5
2361,4,1,1184.9,296.225,710.5
5500,2,1,1184.51,592.255,1474.5
8785,3,1,1184.28,394.76,1247.0
4995,4,1,1183.12,295.78,986.75
5067,2,1,1183.0,591.5,808.5
1764,4,1,1182.76,295.69,641.5
6052,4,1,1180.78,295.195,475.25
5675,6,1,1180.09,196.68166666666664,686.6666666666666
4027,4,1,1179.36,294.84,629.0
5317,1,1,1178.38,1178.38,689.0
8476,1,1,1177.25,1177.25,665.0
2903,4,1,1175.54,293.885,694.75
2754,3,1,1175.41,391.80333333333334,723.0
8077,3,1,1175.29,391.7633333333333,419.6666666666667
3686,2,1,1174.43,587.215,886.0
3713,5,1,1173.89,234.77800000000002,896.2
9223,2,1,1172.7,586.35,1052.5
3244,3,1,1171.08,390.35999999999996,1217.0
8205,7,1,1170.69,167.24142857142857,1357.5714285714287
9821,4,1,1170.02,292.505,1209.75
5284,6,1,1169.3,194.88333333333333,860.1666666666666
2797,6,1,1169.0,194.83333333333334,973.6666666666666
2228,5,1,1168.78,233.756,1027.0
2388,6,1,1168.64,194.77333333333334,792.5
3716,3,1,1167.95,389.31666666666666,453.0
1601,2,1,1166.22,583.11,421.0
2519,3,2,1165.01,388.33666666666664,697.0
3065,1,1,1164.46,1164.46,1103.0
8526,3,1,1161.24,387.08,1276.3333333333333
1471,3,1,1161.18,387.06,1144.0
7588,3,1,1161.13,387.04333333333335,895.0
5643,3,2,1160.69,386.8966666666667,902.6666666666666
3173,6,1,1159.81,193.30166666666665,678.3333333333334
2115,6,1,1159.48,193.24666666666667,1089.3333333333333
5493,4,1,1158.28,289.57,1050.25
4132,2,1,1157.08,578.54,1280.5
1815,4,1,1156.8,289.2,895.0
5421,1,1,1156.78,1156.78,1488.0
8431,2,1,1156.05,578.025,198.0
7325,3,2,1155.9,385.3,817.0
9781,1,1,1155.25,1155.25,891.0
1800,3,1,1153.65,384.55,949.6666666666666
5659,5,1,1153.28,230.656,786.2
4247,3,1,1152.74,384.24666666666667,881.3333333333334
3170,4,1,1152.64,288.16,1238.5
5606,1,1,1151.22,1151.22,824.0
3253,6,2,1151.15,191.85833333333335,1119.6666666666667
5630,3,2,1151.0900000000001,383.6966666666667,599.6666666666666
1131,2,1,1150.86,575.43,739.0
3889,2,1,1150.2,575.1,1590.5
8925,2,1,1149.84,574.92,1270.0
4716,4,2,1149.72,287.43,1050.25
7214,1,1,1149.66,1149.66,777.0
3038,4,1,1149.52,287.38,594.5
8423,1,1,1148.1,1148.1,525.0
8936,3,1,1147.03,382.3433333333333,660.3333333333334
1589,3,1,1146.6,382.2,634.0
8914,5,1,1146.12,229.224,1114.0
6118,4,2,1146.08,286.52,874.75
7548,2,1,1145.56,572.78,1489.0
1688,3,1,1141.31,380.43666666666667,672.0
5108,2,1,1140.74,570.37,288.5
5037,6,2,1138.6,189.76666666666665,643.5
8291,4,2,1136.8400000000001,284.21000000000004,666.5
1208,4,1,1136.65,284.1625,1024.75
8924,2,1,1136.64,568.32,615.0
6096,3,1,1136.62,378.8733333333333,650.0
1699,2,1,1136.57,568.285,458.0
1956,3,1,1135.6,378.5333333333333,867.0
6097,4,1,1135.33,283.8325,618.25
8585,3,1,1133.7,377.90000000000003,646.0
8418,2,1,1131.79,565.895,745.5
8182,5,1,1131.14,226.228,638.2
6772,2,1,1130.59,565.295,226.5
1271,8,1,1130.35,141.29375,1140.25
1731,3,1,1130.1,376.7,669.0
7920,2,1,1129.34,564.67,1034.0
1751,5,1,1128.93,225.786,997.8
6380,5,1,1128.54,225.708,986.4
6750,4,1,1128.26,282.065,1104.5
8043,4,1,1128.24,282.06,1137.0
2390,3,1,1128.06,376.02,1064.3333333333333
1530,2,2,1126.92,563.46,910.5
1164,3,1,1126.58,375.52666666666664,781.3333333333334
7477,2,1,1125.6,562.8,888.0
9352,3,1,1125.18,375.06,623.0
3742,2,1,1125.14,562.57,514.0
2727,4,1,1124.67,281.1675,1104.75
3922,3,1,1124.12,374.70666666666665,1152.0
8664,2,1,1122.73,561.365,1076.0
1467,5,2,1121.45,224.29000000000002,1026.2
9772,4,1,1121.12,280.28,710.75
7433,4,1,1120.5,280.125,667.25
9575,8,1,1119.65,139.95625,875.875
2280,3,1,1117.05,372.34999999999997,1081.6666666666667
6081,4,1,1117.0,279.25,887.5
4797,3,1,1116.86,372.28666666666663,447.6666666666667
9965,4,2,1116.83,279.2075,1401.75
5982,3,1,1115.64,371.88000000000005,318.6666666666667
7262,2,1,1115.22,557.61,1034.5
7983,1,1,1115.12,1115.12,767.0
5432,3,1,1113.82,371.2733333333333,743.3333333333334
6356,4,1,1113.81,278.4525,945.75
5335,1,1,1113.81,1113.81,1545.0
1387,3,2,1111.73,370.57666666666665,1360.6666666666667
3852,2,1,1110.02,555.01,1245.0
7280,3,1,1107.99,369.33,1479.6666666666667
6685,2,1,1106.14,553.07,1613.5
8510,2,1,1105.66,552.83,1320.5
1673,1,1,1104.84,1104.84,304.0
5061,3,1,1104.81,368.27,1017.0
7139,2,1,1102.73,551.365,848.0
6697,5,1,1102.28,220.456,780.4
5722,4,1,1102.16,275.54,803.5
3626,2,1,1101.24,550.62,826.0
4294,3,1,1101.18,367.06,326.0
9758,4,1,1100.76,275.19,1087.25
9071,3,1,1099.88,366.6266666666667,969.3333333333334
4584,4,1,1095.97,273.9925,1410.5
9736,6,1,1095.18,182.53,735.6666666666666
2443,4,2,1095.1399999999999,273.78499999999997,905.75
5300,5,1,1095.1,219.01999999999998,886.6
1641,4,1,1094.88,273.72,1204.25
4623,4,1,1094.55,273.6375,648.5
4706,4,1,1093.93,273.4825,826.0
8933,4,1,1093.68,273.42,637.75
5552,1,1,1091.95,1091.95,1359.0
3930,2,1,1088.14,544.07,483.5
6661,5,1,1088.01,217.602,898.0
7271,5,1,1086.28,217.256,1050.2
4735,5,1,1084.0,216.8,1106.0
9183,4,1,1083.04,270.76,1136.25
9037,3,1,1083.01,361.00333333333333,853.3333333333334
9805,4,1,1082.08,270.52,980.25
3706,3,1,1081.96,360.65333333333336,877.0
2121,2,2,1081.49,540.745,726.5
3576,2,1,1079.81,539.905,867.0
9096,1,1,1079.43,1079.43,842.0
9292,4,1,1079.43,269.8575,642.25
6324,2,1,1079.25,539.625,575.5
6633,6,2,1078.9,179.8166666666667,1057.5
9641,3,1,1077.84,359.28,1232.6666666666667
7897,2,1,1077.54,538.77,877.5
2755,5,1,1076.95,215.39000000000001,1143.8
9391,3,1,1076.59,358.8633333333333,1020.0
7812,3,1,1076.07,358.69,1349.6666666666667
5480,5,1,1075.73,215.14600000000002,844.6
3332,4,1,1074.4,268.6,292.0
9655,4,1,1073.14,268.285,440.25
5292,3,1,1072.87,357.6233333333333,632.6666666666666
3067,3,1,1071.75,357.25,1094.3333333333333
5644,4,1,1070.96,267.74,862.5
1153,1,1,1069.29,1069.29,1351.0
9470,2,1,1069.28,534.64,1064.5
8081,4,2,1068.72,267.18,534.5
1657,3,2,1068.19,356.06333333333333,1091.0
4865,1,1,1068.18,1068.18,506.0
8854,4,1,1066.89,266.7225,968.75
6528,6,1,1066.81,177.80166666666665,976.6666666666666
1423,2,1,1066.1,533.05,950.5
3117,1,1,1065.5,1065.5,1313.0
4426,6,2,1065.17,177.52833333333334,670.3333333333334
7689,2,1,1063.08,531.54,1617.0
6363,7,1,1062.77,151.8242857142857,1044.0
5673,5,1,1062.0,212.4,865.8
5166,8,1,1061.77,132.72125,791.125
8148,2,1,1061.45,530.725,425.0
2465,4,2,1060.6599999999999,265.16499999999996,1101.0
4856,5,1,1059.04,211.808,639.2
7561,1,1,1058.06,1058.06,985.0
7349,3,1,1057.97,352.6566666666667,783.3333333333334
7612,3,1,1057.77,352.59,883.6666666666666
3406,3,1,1057.37,352.45666666666665,443.0
2491,2,1,1057.06,528.53,968.5
1083,4,1,1056.76,264.19,926.25
8685,6,1,1055.11,175.85166666666666,982.3333333333334
3897,5,2,1052.3000000000002,210.46000000000004,927.6
8659,3,1,1051.56,350.52,1061.6666666666667
7105,3,1,1051.32,350.44,1665.6666666666667
2742,3,1,1051.26,350.42,662.6666666666666
3182,4,1,1050.62,262.655,1000.25
2466,3,1,1050.38,350.1266666666667,1023.6666666666666
3449,1,1,1049.52,1049.52,1511.0
1658,2,1,1048.12,524.06,1014.0
3920,1,1,1047.76,1047.76,1099.0
4860,1,1,1047.66,1047.66,238.0
4203,3,1,1047.03,349.01,752.0
5088,6,1,1046.38,174.39666666666668,742.3333333333334
7537,2,1,1045.2,522.6,547.0
9573,1,1,1042.86,1042.86,1649.0
7934,7,1,1042.21,148.88714285714286,872.1428571428571
6080,2,1,1041.35,520.675,1011.0
3539,2,1,1041.32,520.66,982.0
6530,4,1,1041.03,260.2575,1330.5
6196,3,1,1040.85,346.95,877.6666666666666
9374,2,1,1038.82,519.41,1370.5
9994,5,1,1038.24,207.648,1031.6
5923,5,1,1037.8,207.56,1046.8
2405,3,1,1034.52,344.84,1214.0
3228,2,1,1034.3,517.15,469.0
8185,6,1,1032.75,172.125,766.8333333333334
7283,6,1,1032.07,172.01166666666666,888.5
2761,4,1,1030.62,257.655,765.5
2143,1,1,1030.14,1030.14,1361.0
9346,3,2,1029.6599999999999,343.21999999999997,1311.6666666666667
2192,2,1,1029.07,514.535,1253.0
5001,3,1,1028.84,342.94666666666666,1365.3333333333333
7173,5,1,1027.78,205.55599999999998,712.2
9861,5,2,1026.96,205.392,1006.0
5460,4,1,1026.87,256.7175,963.5
1130,2,1,1026.78,513.39,928.5
8465,2,1,1026.18,513.09,923.5
9574,2,1,1026.04,513.02,1146.5
8575,2,1,1024.64,512.32,660.5
6181,5,1,1024.35,204.86999999999998,975.4
4896,4,1,1024.17,256.0425,1012.5
5220,3,1,1020.52,340.17333333333335,590.6666666666666
5069,6,1,1020.28,170.04666666666665,1273.0
7624,1,1,1017.49,1017.49,1123.0
8101,2,1,1016.62,508.31,803.5
9429,6,1,1016.61,169.435,1010.6666666666666
3582,3,1,1015.69,338.56333333333333,613.6666666666666
1290,4,2,1015.65,253.9125,1117.5
2476,1,1,1014.83,1014.83,1120.0
5830,3,1,1014.56,338.18666666666667,826.0
4707,5,1,1013.44,202.68800000000002,770.4
1745,4,2,1012.98,253.245,1258.5
6867,3,1,1011.31,337.1033333333333,1059.6666666666667
4892,3,1,1010.33,336.7766666666667,942.0
8375,2,1,1009.08,504.54,984.0
1044,7,2,1008.62,144.08857142857144,888.5714285714286
7836,6,2,1008.52,168.08666666666667,1003.8333333333334
4985,4,1,1006.89,251.7225,1059.75
1778,1,1,1006.0,1006.0,346.0
3241,1,1,1005.99,1005.99,1514.0
3176,3,1,1004.96,334.9866666666667,1377.3333333333333
4387,5,1,1003.8,200.76,948.8
8818,5,2,1002.8199999999999,200.564,1154.8
5303,3,1,1001.53,333.8433333333333,607.0
3322,7,2,1001.37,143.05285714285714,511.7142857142857
6360,2,1,1000.13,500.065,414.0
4727,2,1,998.24,499.12,1151.5
3247,5,1,997.77,199.554,1357.0
1145,2,1,997.25,498.625,617.0
3590,3,1,996.11,332.0366666666667,1065.6666666666667
6438,3,1,995.43,331.81,1134.0
4327,3,1,994.55,331.51666666666665,458.6666666666667
3243,4,1,993.0,248.25,602.75
5729,2,1,992.72,496.36,606.5
5183,3,1,991.8,330.59999999999997,1303.0
6282,1,1,990.99,990.99,1195.0
7340,4,2,990.4300000000001,247.60750000000002,767.25
1303,1,1,989.88,989.88,1726.0
9026,3,1,989.5,329.8333333333333,1106.0
6748,4,1,988.68,247.17,632.5
2486,3,1,986.19,328.73,1242.0
7354,7,1,986.04,140.86285714285714,908.4285714285714
9929,6,1,981.5,163.58333333333334,1238.1666666666667
4394,7,1,980.67,140.09571428571428,955.7142857142857
6773,6,1,980.45,163.40833333333333,527.5
6959,5,2,978.48,195.696,1188.8
4228,2,1,977.43,488.715,923.0
8038,2,1,976.61,488.305,1201.5
4639,2,1,975.59,487.795,1102.0
6084,4,1,975.51,243.8775,931.25
1198,2,1,973.3,486.65,978.5
1524,5,1,972.99,194.598,728.0
1600,2,1,970.88,485.44,277.0
7915,2,1,970.56,485.28,534.0
2029,6,1,970.4,161.73333333333332,607.1666666666666
1204,5,1,969.32,193.864,1281.2
3381,3,2,969.0799999999999,323.02666666666664,1131.3333333333333
3834,2,1,968.5,484.25,373.5
8264,3,1,968.33,322.7766666666667,625.6666666666666
6154,2,1,967.94,483.97,1072.5
3087,3,2,967.83,322.61,682.0
7102,4,1,967.53,241.8825,1156.25
7094,2,1,966.74,483.37,1259.0
3142,3,2,965.03,321.6766666666667,761.0
6378,1,1,964.68,964.68,1774.0
2395,5,1,963.64,192.728,804.2
1509,2,1,963.2,481.6,1218.5
6643,2,1,962.45,481.225,682.5
3669,2,1,962.27,481.135,1211.5
3415,4,1,961.2,240.3,510.25
8751,1,1,961.12,961.12,806.0
4539,6,1,961.02,160.17,1018.5
1783,2,1,958.94,479.47,1475.0
7580,4,1,958.78,239.695,918.25
5792,4,1,958.41,239.6025,1002.5
9802,2,1,957.85,478.925,1041.5
8433,6,2,957.02,159.50333333333333,1047.5
1581,2,1,956.08,478.04,1053.0
6042,3,1,955.96,318.65333333333336,482.0
6346,3,1,955.08,318.36,846.3333333333334
6744,2,1,954.53,477.265,852.0
2277,3,1,951.32,317.1066666666667,1125.3333333333333
5516,1,1,950.89,950.89,695.0
5965,2,1,950.8,475.4,1282.0
6195,4,1,950.69,237.6725,937.5
3828,2,1,950.18,475.09,875.5
6974,3,2,949.52,316.50666666666666,1118.6666666666667
7121,2,1,947.94,473.97,756.5
1169,4,2,947.29,236.8225,1171.0
3661,2,1,947.05,473.525,730.5
5666,6,1,946.73,157.78833333333333,1061.5
1927,4,1,944.91,236.2275,757.25
2507,1,1,943.81,943.81,661.0
5488,3,1,943.28,314.4266666666667,948.6666666666666
8929,3,1,943.18,314.3933333333333,930.0
8879,2,1,942.82,471.41,878.5
4770,3,2,942.8,314.26666666666665,585.3333333333334
2835,2,1,941.6,470.8,1265.5
6598,1,1,941.4,941.4,94.0
5538,4,2,940.72,235.18,1213.0
5141,5,1,940.71,188.142,746.6
8842,4,1,940.44,235.11,1223.0
3598,4,1,940.04,235.01,859.5
7891,4,1,939.78,234.945,856.75
9192,2,1,938.58,469.29,967.0
5442,5,2,937.58,187.51600000000002,873.8
9951,2,1,937.36,468.68,1121.5
9306,5,1,936.59,187.318,818.8
7729,2,1,936.15,468.075,973.0
5225,4,2,935.03,233.7575,1554.0
2993,5,1,934.68,186.93599999999998,1193.2
6539,3,1,934.5,311.5,1140.6666666666667
1865,1,1,934.29,934.29,975.0
6493,6,1,932.87,155.47833333333332,846.6666666666666
6241,2,1,932.63,466.315,558.5
7662,6,1,932.44,155.40666666666667,1142.8333333333333
4532,3,1,931.34,310.44666666666666,705.6666666666666
5469,3,1,930.92,310.3066666666667,1341.6666666666667
2875,2,1,930.17,465.085,202.5
3788,2,1,929.44,464.72,485.5
6684,6,1,929.06,154.84333333333333,1068.8333333333333
5249,1,1,926.31,926.31,1082.0
4205,2,1,926.28,463.14,166.5
9738,1,1,925.88,925.88,1386.0
2863,1,1,924.69,924.69,551.0
1138,6,1,924.05,154.00833333333333,993.6666666666666
6883,3,1,923.33,307.7766666666667,1032.0
1047,5,1,922.92,184.584,783.2
9987,6,1,922.81,153.80166666666665,803.5
1759,4,1,922.11,230.5275,610.75
9982,3,2,921.9200000000001,307.3066666666667,1270.6666666666667
4654,3,1,921.82,307.27333333333337,497.6666666666667
3439,5,1,920.65,184.13,833.8
5690,2,1,920.54,460.27,803.0
5242,5,2,916.84,183.368,963.4
3763,3,1,915.39,305.13,934.6666666666666
4687,1,1,914.64,914.64,1242.0
3059,4,1,913.98,228.495,1159.75
5091,6,1,912.44,152.07333333333335,1060.8333333333333
3990,1,1,911.58,911.58,1752.0
3343,2,1,910.42,455.21,828.5
5932,1,1,909.21,909.21,1279.0
5676,3,1,907.08,302.36,1073.6666666666667
2924,3,1,907.07,302.3566666666667,1164.3333333333333
5422,2,1,906.09,453.045,1115.0
8896,3,1,905.89,301.9633333333333,660.6666666666666
3839,3,1,903.92,301.3066666666667,613.0
5172,5,1,903.48,180.696,788.4
8775,2,1,903.06,451.53,673.0
6178,3,2,902.99,300.99666666666667,1298.6666666666667
6369,1,1,902.62,902.62,935.0
4730,2,1,902.54,451.27,838.5
4003,1,1,899.28,899.28,357.0
7755,5,2,899.0699999999999,179.814,417.8
2046,2,1,898.84,449.42,1281.0
9179,4,1,898.8,224.7,982.75
4870,1,1,898.68,898.68,1751.0
1222,6,1,898.63,149.77166666666668,1123.3333333333333
4674,4,2,898.15,224.5375,1214.75
3745,4,1,896.08,224.02,604.5
6760,4,1,895.37,223.8425,681.25
3141,5,1,893.18,178.636,897.6
6270,3,1,893.04,297.68,1204.6666666666667
8200,3,1,891.44,297.1466666666667,1294.0
6255,6,1,890.75,148.45833333333334,748.8333333333334
2974,2,1,890.53,445.265,942.5
8947,5,1,888.98,177.796,689.8
2224,2,1,888.29,444.145,1124.0
3068,4,1,887.56,221.89,843.0
7234,5,1,887.02,177.404,701.8
8872,3,1,886.42,295.4733333333333,476.0
7269,5,1,886.36,177.272,1307.8
3452,3,1,886.34,295.44666666666666,1213.6666666666667
9691,1,1,885.92,885.92,401.0
4766,6,2,885.63,147.605,1144.5
1749,3,1,882.81,294.27,649.6666666666666
4366,4,2,881.91,220.4775,368.75
3131,5,1,881.86,176.372,1304.8
9706,5,1,881.33,176.26600000000002,1037.6
6897,4,1,881.22,220.305,1274.75
5199,3,1,880.7,293.56666666666666,270.6666666666667
6989,2,1,880.66,440.33,103.0
6327,5,1,880.27,176.054,727.0
9631,5,1,879.68,175.93599999999998,1436.4
5144,1,1,879.59,879.59,1657.0
9977,5,1,879.36,175.872,896.8
9384,6,1,878.97,146.495,934.6666666666666
8442,2,2,877.52,438.76,1058.0
6587,7,1,877.52,125.36,675.0
5651,3,1,876.37,292.12333333333333,1146.0
7061,3,1,874.51,291.50333333333333,1239.3333333333333
6144,2,1,874.13,437.065,432.0
4605,2,1,873.84,436.92,903.0
2934,2,1,873.0,436.5,870.0
8175,2,1,871.73,435.865,595.0
9249,5,1,870.14,174.028,794.2
2381,7,1,869.54,124.22,1014.7142857142857
2611,2,1,868.77,434.385,930.5
4167,3,2,868.72,289.5733333333333,1106.6666666666667
4219,6,1,868.6,144.76666666666668,826.0
5033,6,1,868.47,144.745,842.1666666666666
7217,5,2,868.3799999999999,173.676,1152.2
7962,4,1,866.79,216.6975,938.75
9139,2,1,866.75,433.375,1045.0
8841,3,1,866.52,288.84,790.6666666666666
4670,2,1,866.48,433.24,1083.0
6561,3,1,865.52,288.50666666666666,1073.0
5785,4,1,865.06,216.265,835.25
6254,2,1,865.04,432.52,1429.5
2225,2,1,864.8,432.4,1678.5
4538,3,1,863.99,287.99666666666667,1137.6666666666667
2079,4,1,863.97,215.9925,792.5
1379,1,1,863.94,863.94,1243.0
5244,4,1,863.44,215.86,1101.5
8118,3,1,863.1,287.7,1204.3333333333333
7515,3,1,862.74,287.58,948.3333333333334
5687,4,1,862.64,215.66,845.75
3961,2,1,862.45,431.225,651.0
7152,5,1,861.56,172.31199999999998,944.6
5202,3,1,861.31,287.1033333333333,951.6666666666666
6709,2,1,860.56,430.28,337.5
8625,3,1,860.52,286.84,633.0
5486,3,1,859.6,286.53333333333336,787.6666666666666
4720,1,1,858.28,858.28,1531.0
8004,5,1,858.02,171.60399999999998,922.8
9303,3,1,857.92,285.9733333333333,1132.3333333333333
3375,4,1,856.0,214.0,453.25
7705,2,1,854.89,427.445,1676.0
9390,2,1,854.8,427.4,1376.0
5724,2,1,854.45,427.225,1389.5
8567,4,1,852.8,213.2,1377.25
7227,6,2,851.82,141.97,920.5
8089,6,2,849.45,141.57500000000002,633.6666666666666
8392,2,1,849.1,424.55,1139.0
3565,4,1,848.64,212.16,513.75
2867,2,1,847.85,423.925,638.0
6407,5,1,846.92,169.384,1276.6
6046,1,1,846.77,846.77,1614.0
4356,3,1,844.92,281.64,1403.0
1148,4,1,843.58,210.895,928.0
2044,2,1,843.44,421.72,195.5
6018,1,1,843.21,843.21,801.0
2412,2,2,842.66,421.33,952.0
7147,2,1,842.44,421.22,249.5
9513,4,2,841.73,210.4325,991.5
8957,4,2,841.3499999999999,210.33749999999998,1440.25
6463,3,1,840.36,280.12,978.3333333333334
6768,4,1,839.94,209.985,859.25
3594,3,1,839.79,279.93,1010.0
5319,1,1,837.3,837.3,1372.0
3030,5,1,836.96,167.392,1125.0
7634,2,1,832.37,416.185,676.0
5358,2,1,831.26,415.63,394.5
1418,2,1,829.86,414.93,1283.5
1228,2,1,829.75,414.875,513.5
9388,3,1,828.62,276.20666666666665,878.6666666666666
7166,3,1,827.51,275.83666666666664,725.3333333333334
3160,4,1,825.21,206.3025,563.75
1959,3,1,825.0,275.0,993.3333333333334
5224,2,1,824.3,412.15,1126.0
2897,2,1,823.77,411.885,866.5
4269,4,2,823.76,205.94,1118.25
2595,5,1,822.96,164.592,812.8
2967,3,1,821.97,273.99,467.0
3801,3,1,821.75,273.9166666666667,1457.3333333333333
1302,2,1,821.62,410.81,518.0
3105,3,1,821.18,273.72666666666663,540.3333333333334
6020,3,1,821.05,273.68333333333334,779.0
2600,3,1,819.53,273.1766666666667,835.6666666666666
1209,7,1,816.6,116.65714285714286,787.5714285714286
9475,3,1,813.36,271.12,809.0
7326,4,1,812.97,203.2425,802.0
6077,2,1,812.71,406.355,361.5
6747,4,1,811.5,202.875,784.25
1659,5,1,809.91,161.982,789.4
7039,2,2,808.28,404.14,510.0
1672,4,1,807.22,201.805,898.75
3733,2,1,807.14,403.57,1516.0
3019,3,1,805.68,268.56,912.3333333333334
2831,2,1,805.68,402.84,1208.0
1702,2,2,805.1700000000001,402.58500000000004,779.5
6031,2,1,805.05,402.525,466.5
2236,3,1,802.98,267.66,507.0
6998,3,1,802.69,267.56333333333333,764.0
9371,2,1,800.95,400.475,679.5
2535,3,1,800.73,266.91,1012.6666666666666
8191,4,1,800.07,200.0175,759.5
4543,2,1,800.04,400.02,700.0
2319,5,1,799.92,159.98399999999998,1104.4
3267,1,1,798.8,798.8,1282.0
9695,3,1,798.58,266.1933333333333,969.3333333333334
1262,3,1,797.16,265.71999999999997,967.0
3196,3,1,796.46,265.4866666666667,841.3333333333334
5910,3,1,796.09,265.36333333333334,1134.0
1757,2,1,794.94,397.47,889.0
4710,3,1,794.66,264.88666666666666,628.0
2368,3,1,793.74,264.58,186.66666666666666
4805,6,1,792.16,132.02666666666667,880.5
5568,7,1,791.84,113.12,1144.7142857142858
2932,2,1,790.8,395.4,239.0
8990,3,1,789.99,263.33,380.0
8225,3,1,789.93,263.31,721.3333333333334
7185,2,1,789.26,394.63,836.0
1100,2,2,788.77,394.385,988.0
1862,4,1,787.95,196.9875,855.0
6257,3,1,787.64,262.5466666666667,1021.0
9907,3,1,787.37,262.45666666666665,711.6666666666666
5238,4,1,787.17,196.7925,367.25
4774,3,1,786.74,262.24666666666667,1000.0
6569,3,1,786.03,262.01,932.6666666666666
9004,2,1,785.67,392.835,750.0
5034,5,1,784.35,156.87,1325.8
2658,5,1,783.21,156.642,345.8
6851,1,1,783.21,783.21,707.0
1337,2,1,783.06,391.53,668.5
7510,3,1,782.25,260.75,1273.6666666666667
9279,2,1,780.74,390.37,689.0
8154,1,1,780.49,780.49,540.0
7543,5,1,780.36,156.072,1237.8
6026,3,1,776.79,258.93,501.0
5343,2,1,776.36,388.18,533.5
8437,1,1,775.08,775.08,105.0
5766,3,1,774.99,258.33,1134.6666666666667
4477,2,1,774.38,387.19,1176.5
8141,5,1,774.12,154.824,770.8
6990,2,1,773.79,386.895,608.0
8655,4,1,773.69,193.4225,416.25
1885,3,1,773.51,257.83666666666664,481.3333333333333
1152,1,1,772.78,772.78,1482.0
4964,3,1,772.32,257.44,930.3333333333334
6193,2,1,771.51,385.755,1556.0
6437,5,1,771.46,154.292,1010.4
4466,3,1,770.69,256.8966666666667,1270.3333333333333
6554,4,2,769.94,192.485,1156.0
5194,2,1,769.59,384.795,406.5
8541,3,1,769.54,256.5133333333333,639.6666666666666
9138,3,1,768.37,256.12333333333333,705.6666666666666
7991,5,1,768.33,153.666,582.8
8271,3,1,768.22,256.0733333333333,1153.6666666666667
6875,2,1,768.18,384.09,1122.0
2275,1,1,767.39,767.39,796.0
6109,8,1,767.02,95.8775,876.625
1607,4,1,766.55,191.6375,1076.25
6006,1,1,766.38,766.38,84.0
1640,2,1,765.98,382.99,1462.0
2743,3,1,765.41,255.13666666666666,405.0
9314,3,1,764.6,254.86666666666667,1105.0
6856,5,1,764.32,152.864,777.2
6264,2,1,763.27,381.635,491.5
2882,2,1,763.25,381.625,160.5
2771,3,1,762.26,254.08666666666667,654.6666666666666
5730,3,1,761.88,253.96,930.3333333333334
8609,4,1,761.8,190.45,666.5
6986,3,2,758.0,252.66666666666666,686.3333333333334
5098,3,1,757.4,252.46666666666667,866.0
1839,3,1,756.53,252.17666666666665,1037.3333333333333
1177,3,1,756.39,252.13,1207.0
1993,4,2,756.09,189.0225,670.25
7369,4,1,755.96,188.99,465.75
8949,3,1,755.68,251.89333333333332,1130.6666666666667
8221,3,1,754.82,251.60666666666668,1081.0
7101,5,1,754.52,150.904,728.8
7795,2,1,754.06,377.03,914.0
7875,4,1,754.02,188.505,987.75
9595,1,1,753.28,753.28,626.0
1781,6,1,752.89,125.48166666666667,1047.5
2650,2,1,752.76,376.38,817.0
4764,4,1,751.09,187.7725,893.0
5727,3,1,750.8,250.26666666666665,592.6666666666666
2668,1,1,749.17,749.17,904.0
3660,3,1,747.12,249.04,659.0
7984,2,1,746.06,373.03,859.0
8328,2,1,745.77,372.885,572.5
9521,2,1,745.72,372.86,765.0
7389,2,2,745.65,372.825,783.0
4676,3,1,745.51,248.50333333333333,1186.3333333333333
1213,6,1,744.78,124.13,999.0
3813,4,1,744.09,186.0225,802.5
1874,3,1,742.85,247.61666666666667,1279.0
1922,2,1,742.32,371.16,1264.0
7608,3,1,742.16,247.38666666666666,729.0
5817,2,1,742.07,371.035,756.0
4087,4,1,741.99,185.4975,723.75
1231,4,1,741.57,185.3925,894.0
4053,5,1,741.15,148.23,779.2
1945,2,1,740.14,370.07,1144.5
4636,4,1,739.65,184.9125,555.0
4496,4,1,739.44,184.86,1251.75
6057,4,1,738.37,184.5925,1088.25
2995,3,1,736.83,245.61,867.3333333333334
3575,1,1,735.45,735.45,1269.0
4796,4,1,735.32,183.83,1568.5
3090,2,1,734.66,367.33,456.5
9856,1,1,734.02,734.02,982.0
6520,2,1,732.78,366.39,924.5
7936,6,1,732.52,122.08666666666666,988.1666666666666
2707,6,1,731.68,121.94666666666666,1190.0
4333,3,2,731.19,243.73000000000002,825.6666666666666
1489,5,2,730.27,146.054,874.6
3942,5,1,730.25,146.05,619.6
9150,3,1,729.84,243.28,1699.6666666666667
5738,3,1,728.72,242.90666666666667,1366.0
3460,2,1,727.54,363.77,432.5
8203,2,1,727.13,363.565,844.0
7011,5,1,725.98,145.196,556.2
8583,9,1,725.88,80.65333333333334,718.8888888888889
1695,2,1,725.39,362.695,377.5
3126,3,1,724.99,241.66333333333333,973.3333333333334
8020,3,1,723.1,241.03333333333333,1127.6666666666667
1986,6,1,723.1,120.51666666666667,521.5
1668,3,1,722.8,240.9333333333333,1243.0
3339,2,1,721.76,360.88,355.5
9141,3,1,721.74,240.58,881.3333333333334
6925,3,1,721.67,240.55666666666664,1302.3333333333333
8722,1,1,720.51,720.51,736.0
5426,3,1,720.48,240.16,791.3333333333334
3005,4,1,720.4,180.1,862.0
6340,2,1,715.67,357.835,446.5
4502,1,1,714.18,714.18,996.0
9865,1,1,713.19,713.19,1058.0
9006,3,1,712.8,237.6,728.0
5747,4,1,712.32,178.08,975.25
9039,2,1,708.89,354.445,1310.5
9886,2,1,708.13,354.065,1397.5
3020,5,1,707.3,141.45999999999998,529.8
2788,1,1,707.16,707.16,856.0
7434,3,1,706.11,235.37,559.3333333333334
3336,2,1,705.1,352.55,254.5
7218,1,1,704.41,704.41,12.0
6027,1,1,704.19,704.19,1347.0
5975,8,1,704.02,88.0025,553.375
9666,1,1,703.68,703.68,1298.0
6987,4,1,703.02,175.755,698.75
7393,3,1,702.9,234.29999999999998,1117.6666666666667
7074,2,1,702.41,351.205,1724.0
3717,4,1,701.42,175.355,1020.25
4301,3,1,700.53,233.51,508.0
8688,5,1,700.49,140.098,1042.8
1380,2,1,700.35,350.175,1237.5
7396,2,1,698.68,349.34,250.5
1412,3,1,698.61,232.87,1168.3333333333333
7187,1,1,698.56,698.56,1739.0
8875,2,1,696.68,348.34,924.0
5435,2,1,695.71,347.855,895.0
3567,2,1,694.84,347.42,1384.5
7204,2,1,694.69,347.345,1742.5
2205,2,1,694.49,347.245,1259.5
7513,2,1,692.0,346.0,833.5
8169,5,1,690.6,138.12,678.0
1841,3,1,689.02,229.67333333333332,691.0
7390,4,1,688.74,172.185,991.0
1733,2,1,688.34,344.17,936.0
4213,2,1,688.26,344.13,544.5
4929,5,1,687.46,137.49200000000002,1092.8
7606,4,1,687.39,171.8475,877.75
8667,4,2,687.1899999999999,171.79749999999999,423.5
5064,3,1,685.66,228.5533333333333,822.3333333333334
3311,4,1,685.27,171.3175,749.75
5994,5,1,684.72,136.94400000000002,771.2
5884,2,1,684.24,342.12,1759.5
3944,4,1,683.05,170.7625,877.25
1730,3,1,681.53,227.17666666666665,757.6666666666666
7945,2,1,680.4,340.2,620.0
3967,5,1,680.25,136.05,1030.4
2089,3,1,679.29,226.42999999999998,561.0
7846,3,1,678.63,226.21,423.6666666666667
1770,2,1,678.33,339.165,1541.0
3725,1,1,676.94,676.94,21.0
9270,3,1,676.67,225.55666666666664,1133.3333333333333
4842,2,1,676.41,338.205,1291.5
3069,2,1,676.4,338.2,1025.0
8881,4,1,675.05,168.7625,1090.75
3772,4,1,674.32,168.58,1168.0
1151,5,1,673.69,134.738,1165.0
7281,1,1,673.44,673.44,994.0
2669,5,1,673.05,134.60999999999999,854.8
6791,2,1,671.26,335.63,1176.0
6912,4,2,669.31,167.3275,855.0
6101,5,2,669.14,133.828,1060.6
9699,5,1,668.82,133.764,808.4
2167,4,2,667.13,166.7825,789.5
4836,3,2,666.77,222.25666666666666,923.0
1756,2,1,666.3,333.15,669.5
8855,5,1,665.74,133.148,1190.2
9434,3,1,665.15,221.71666666666667,1081.0
4486,6,1,664.62,110.77,815.8333333333334
4037,3,1,664.41,221.47,562.6666666666666
1398,4,1,663.37,165.8425,918.75
9009,2,1,662.15,331.075,1721.5
7412,3,1,662.09,220.6966666666667,1034.3333333333333
8353,3,1,661.66,220.5533333333333,462.0
8024,4,1,660.96,165.24,613.0
6477,5,1,660.68,132.136,695.8
5839,1,1,660.25,660.25,205.0
7176,1,1,657.44,657.44,844.0
6553,5,2,657.22,131.44400000000002,1073.6
9214,3,1,657.21,219.07000000000002,1204.6666666666667
1478,3,1,656.62,218.87333333333333,1012.6666666666666
7209,3,1,656.09,218.6966666666667,818.3333333333334
9812,5,1,655.88,131.176,886.0
2510,1,1,655.47,655.47,1587.0
3189,2,1,653.14,326.57,722.5
4442,3,2,652.86,217.62,743.3333333333334
3854,4,1,652.25,163.0625,1116.5
1229,5,1,651.56,130.31199999999998,951.4
4292,3,1,650.52,216.84,993.6666666666666
3750,3,1,650.18,216.72666666666666,1243.3333333333333
3434,3,1,648.62,216.20666666666668,236.66666666666666
2131,3,1,648.46,216.15333333333334,560.6666666666666
5545,2,1,644.84,322.42,1053.0
3281,3,1,644.69,214.89666666666668,613.0
8412,1,1,644.06,644.06,1594.0
5541,4,1,643.98,160.995,1252.0
9681,2,2,643.62,321.81,1380.5
2387,2,1,643.25,321.625,1210.5
2829,2,1,643.17,321.585,1341.5
7343,4,1,642.38,160.595,1331.5
7858,3,1,642.33,214.11,650.6666666666666
9598,2,1,642.27,321.135,855.0
2430,2,1,641.88,320.94,572.0
1551,4,1,641.61,160.4025,465.75
2266,1,1,641.5,641.5,672.0
8491,5,1,641.31,128.262,819.4
3640,3,1,640.66,213.5533333333333,1063.0
4563,4,1,639.9,159.975,812.75
8916,6,1,639.85,106.64166666666667,1272.5
8734,3,1,639.1,213.03333333333333,1055.6666666666667
3418,3,1,638.0,212.66666666666666,357.0
7591,3,1,637.2,212.4,1336.0
8796,2,1,637.1,318.55,788.5
4234,3,1,636.91,212.3033333333333,1203.0
3214,2,1,634.7,317.35,109.0
2460,2,1,634.56,317.28,245.0
6794,2,1,634.5,317.25,880.0
2169,5,1,633.88,126.776,804.8
8617,2,1,633.84,316.92,1599.0
5227,5,1,633.0,126.6,473.6
2324,2,1,632.77,316.385,640.0
1788,3,1,632.04,210.67999999999998,791.3333333333334
2632,5,1,631.96,126.39200000000001,413.2
9162,2,1,631.18,315.59,671.0
2944,4,1,629.29,157.3225,861.5
9815,5,1,626.42,125.28399999999999,518.2
5490,3,1,626.14,208.71333333333334,1339.6666666666667
3296,4,1,625.81,156.4525,624.75
8919,3,1,625.41,208.47,753.3333333333334
3754,4,1,623.83,155.9575,855.75
8741,3,1,622.52,207.50666666666666,546.6666666666666
6013,2,1,621.54,310.77,1100.5
6500,3,1,621.07,207.02333333333334,863.3333333333334
8212,4,1,621.0,155.25,782.75
3608,8,1,620.78,77.5975,727.5
8529,2,1,619.92,309.96,1291.5
1908,3,1,619.54,206.51333333333332,1252.0
2478,1,1,619.42,619.42,404.0
8791,3,1,618.21,206.07000000000002,497.0
2884,3,1,617.88,205.96,835.0
5764,3,1,617.48,205.82666666666668,585.0
2258,2,1,617.2,308.6,885.5
7599,4,1,615.53,153.8825,785.0
4629,5,1,615.47,123.09400000000001,1011.4
9910,3,1,613.1,204.36666666666667,940.3333333333334
4374,2,1,613.03,306.515,894.5
1903,3,1,611.98,203.99333333333334,1093.0
4591,2,1,611.71,305.855,614.0
6521,5,1,611.07,122.21400000000001,732.0
8800,2,1,609.54,304.77,412.5
2813,7,1,609.45,87.06428571428572,1138.0
7832,2,1,608.66,304.33,711.0
6780,5,1,608.31,121.66199999999999,605.2
4131,3,1,607.71,202.57000000000002,1200.3333333333333
1766,4,1,606.83,151.7075,1104.5
3783,2,1,604.38,302.19,935.0
3134,3,1,604.0,201.33333333333334,718.3333333333334
9206,1,1,603.46,603.46,856.0
2567,4,1,602.4,150.6,1445.0
6213,4,1,600.99,150.2475,1420.25
4899,1,1,600.81,600.81,1563.0
3345,3,1,600.6,200.20000000000002,843.0
9648,5,1,599.94,119.98800000000001,924.2
8632,2,1,599.67,299.835,520.0
4474,1,1,599.22,599.22,692.0
7817,2,1,598.42,299.21,1212.0
2182,1,1,597.85,597.85,707.0
6166,3,2,597.67,199.22333333333333,738.3333333333334
7064,5,1,596.59,119.31800000000001,1408.6
4158,4,1,596.49,149.1225,748.5
4493,4,1,596.07,149.0175,963.5
4647,2,1,595.87,297.935,1107.5
5239,2,1,594.6,297.3,934.0
6411,3,1,594.02,198.00666666666666,1452.0
2748,1,1,592.78,592.78,972.0
3414,2,1,592.12,296.06,1228.0
5544,3,1,591.86,197.28666666666666,1367.0
5265,3,1,591.32,197.10666666666668,637.3333333333334
5400,4,1,590.27,147.5675,876.0
8894,7,1,590.08,84.29714285714286,1277.857142857143
1566,3,1,589.15,196.38333333333333,797.6666666666666
6000,3,1,588.74,196.24666666666667,1121.6666666666667
4094,4,1,588.27,147.0675,669.0
2758,3,1,587.9,195.96666666666667,1413.6666666666667
5133,1,1,586.87,586.87,813.0
9267,6,2,586.41,97.735,938.8333333333334
2957,1,1,584.86,584.86,1391.0
6262,4,1,583.32,145.83,894.5
9608,2,1,582.94,291.47,629.0
5540,4,1,580.56,145.14,842.5
7518,4,1,579.58,144.895,580.0
1461,1,1,579.51,579.51,988.0
8427,5,1,578.45,115.69000000000001,1004.0
3560,9,1,576.52,64.05777777777777,912.2222222222222
6801,1,1,575.16,575.16,1368.0
5893,5,1,574.56,114.91199999999999,648.2
1505,4,1,574.4,143.6,884.0
9375,4,1,574.1,143.525,758.25
4034,1,1,571.17,571.17,227.0
1033,5,1,571.06,114.21199999999999,480.2
8025,3,1,570.85,190.28333333333333,515.0
2986,2,1,569.71,284.855,393.5
3753,4,1,569.7,142.425,280.0
4890,4,1,568.79,142.1975,795.75
4829,3,1,568.17,189.39,1434.0
7871,3,1,567.78,189.26,998.3333333333334
5468,4,1,567.43,141.8575,401.75
1308,4,1,566.61,141.6525,987.75
8883,1,1,566.58,566.58,1150.0
1381,3,1,566.3,188.76666666666665,994.0
6555,2,1,564.98,282.49,1021.5
3829,4,1,564.28,141.07,667.5
1987,2,1,564.16,282.08,1095.5
5614,4,1,563.73,140.9325,907.25
2176,2,1,563.42,281.71,1584.5
8830,2,1,560.76,280.38,1473.5
6209,2,1,560.63,280.315,596.5
3672,4,1,559.71,139.9275,955.25
8388,3,1,559.57,186.52333333333334,663.6666666666666
7373,2,1,558.55,279.275,1018.0
2690,7,1,557.97,79.71000000000001,1280.7142857142858
4050,8,1,556.25,69.53125,698.5
5294,5,1,555.14,111.02799999999999,917.8
9149,6,1,555.1,92.51666666666667,686.0
7032,2,1,554.44,277.22,1092.5
5877,2,1,554.03,277.015,927.5
1307,2,1,553.52,276.76,776.5
6127,3,1,552.51,184.17,512.3333333333334
4897,3,1,551.66,183.88666666666666,696.6666666666666
8710,5,1,551.11,110.22200000000001,666.2
1868,4,1,550.28,137.57,1300.0
6337,3,1,550.22,183.40666666666667,436.6666666666667
5642,4,1,548.44,137.11,1016.0
7242,1,1,548.38,548.38,229.0
9100,3,1,547.08,182.36,1296.3333333333333
2636,2,1,545.95,272.975,1271.0
2116,7,1,545.1,77.87142857142858,1173.142857142857
3595,3,1,544.64,181.54666666666665,852.3333333333334
2524,6,1,544.2,90.7,1313.3333333333333
3947,2,1,543.58,271.79,1259.5
3701,4,1,542.49,135.6225,1177.75
4164,2,1,542.22,271.11,422.0
9741,4,1,542.19,135.5475,1244.25
2370,6,1,540.62,90.10333333333334,932.0
2106,3,1,539.16,179.72,985.0
1767,2,1,537.62,268.81,248.5
2988,3,2,537.24,179.08,1061.0
7282,6,2,536.6400000000001,89.44000000000001,883.8333333333334
8199,2,1,536.47,268.235,963.0
9712,3,1,535.5,178.5,741.0
6472,3,1,535.48,178.49333333333334,563.3333333333334
5430,2,1,533.86,266.93,1410.0
3259,1,1,533.81,533.81,1032.0
8359,3,1,533.12,177.70666666666668,696.0
6186,1,1,532.81,532.81,141.0
5342,3,1,532.5,177.5,1168.0
7856,3,1,531.08,177.02666666666667,1016.3333333333334
8159,3,1,531.01,177.00333333333333,1115.6666666666667
7055,1,1,530.37,530.37,1677.0
1339,5,1,530.31,106.06199999999998,1079.4
5015,2,1,529.96,264.98,920.0
1304,2,1,529.27,264.635,1683.5
1795,4,1,527.61,131.9025,445.25
1400,2,1,527.51,263.755,858.5
9887,3,1,526.18,175.39333333333332,815.3333333333334
8011,3,1,524.31,174.76999999999998,1577.0
1223,2,1,522.78,261.39,834.5
2036,2,1,522.43,261.215,1152.5
3293,3,1,521.76,173.92,1049.6666666666667
4487,4,1,521.72,130.43,496.0
8740,8,1,521.32,65.165,975.875
7572,2,1,520.47,260.235,531.0
8939,3,1,518.71,172.90333333333334,1069.6666666666667
1425,4,1,518.32,129.58,1112.5
2730,6,1,518.11,86.35166666666667,843.5
3521,3,1,516.03,172.01,1465.6666666666667
5848,3,1,515.5,171.83333333333334,868.0
2714,3,1,514.09,171.36333333333334,768.0
1424,2,1,513.7,256.85,1408.0
7827,2,1,511.66,255.83,1286.0
4237,7,1,509.78,72.82571428571428,541.8571428571429
6306,3,1,509.73,169.91,1361.6666666666667
9577,5,1,509.34,101.868,814.0
8761,2,1,509.3,254.65,991.5
5531,1,1,508.56,508.56,1141.0
2227,2,1,508.2,254.1,1379.5
2051,2,1,507.47,253.735,1047.5
1808,3,1,506.2,168.73333333333332,712.6666666666666
3344,2,1,505.66,252.83,1395.5
3822,3,1,505.58,168.52666666666667,851.3333333333334
7211,2,1,504.7,252.35,1569.0
3688,6,1,504.6,84.10000000000001,790.6666666666666
1441,3,1,503.92,167.97333333333333,1008.6666666666666
7353,1,1,502.51,502.51,772.0
8833,1,1,501.55,501.55,989.0
8356,2,1,500.76,250.38,73.0
5631,3,1,499.9,166.63333333333333,485.3333333333333
8755,4,1,498.93,124.7325,355.0
9350,3,1,498.91,166.30333333333334,834.3333333333334
8047,3,1,497.81,165.93666666666667,1200.3333333333333
9753,1,1,497.21,497.21,78.0
4378,1,1,497.05,497.05,348.0
8771,1,1,496.95,496.95,1616.0
4176,2,1,496.25,248.125,1123.0
2365,3,1,495.65,165.21666666666667,1047.6666666666667
5801,4,1,495.59,123.8975,830.5
8884,3,1,494.97,164.99,870.6666666666666
1995,3,1,493.96,164.65333333333334,977.3333333333334
3338,1,1,492.48,492.48,229.0
9698,2,1,490.67,245.335,578.0
2232,3,1,490.58,163.52666666666667,1596.3333333333333
3928,1,1,490.16,490.16,1651.0
1078,2,1,490.0,245.0,1327.0
4862,4,1,488.26,122.065,1072.75
4925,2,1,484.65,242.325,1064.5
2357,1,1,484.42,484.42,925.0
8960,2,1,483.83,241.915,1048.0
4922,1,1,483.1,483.1,1285.0
4643,3,1,483.06,161.02,642.6666666666666
2078,1,1,482.55,482.55,187.0
7959,5,1,481.52,96.304,1126.8
7706,3,1,481.13,160.37666666666667,945.6666666666666
4454,4,1,480.07,120.0175,795.75
6246,4,1,480.02,120.005,666.25
3584,1,1,478.91,478.91,1751.0
2883,6,1,478.52,79.75333333333333,550.5
1527,1,1,476.82,476.82,294.0
7429,6,1,476.52,79.42,857.5
2740,2,1,476.04,238.02,1295.0
5943,4,1,475.63,118.9075,1600.5
5612,5,1,475.44,95.088,1084.2
5022,8,1,474.8,59.35,1322.5
8198,3,1,473.9,157.96666666666667,852.0
2583,6,1,473.5,78.91666666666667,683.1666666666666
8067,3,1,473.21,157.73666666666665,1215.0
5264,5,1,472.87,94.574,546.8
8153,2,1,472.34,236.17,604.0
7558,5,1,472.02,94.404,828.0
1451,2,1,471.13,235.565,1287.5
3861,2,1,470.39,235.195,397.5
5113,3,1,469.93,156.64333333333335,1313.3333333333333
5665,3,1,469.09,156.36333333333332,484.3333333333333
2745,1,1,468.55,468.55,1199.0
8108,1,1,467.03,467.03,752.0
9137,1,1,466.59,466.59,1454.0
8503,3,1,465.46,155.15333333333334,845.0
5888,1,1,464.76,464.76,1135.0
3937,2,1,464.54,232.27,1143.5
4210,3,1,462.73,154.24333333333334,833.6666666666666
6112,1,1,461.97,461.97,221.0
3880,2,1,461.33,230.665,508.0
2914,3,1,461.23,153.74333333333334,997.6666666666666
6923,7,1,459.88,65.69714285714285,609.7142857142857
5640,1,1,459.4,459.4,1259.0
9011,3,1,458.42,152.80666666666667,700.6666666666666
4981,1,1,458.07,458.07,1710.0
8305,3,1,455.16,151.72,361.0
2869,3,1,454.2,151.4,612.3333333333334
6054,2,1,454.09,227.045,1116.0
9789,6,1,451.66,75.27666666666667,876.6666666666666
6302,2,1,451.17,225.585,322.5
1937,3,1,450.44,150.14666666666668,1092.3333333333333
2247,2,1,450.13,225.065,1156.0
5147,4,1,446.38,111.595,531.5
8367,2,1,445.64,222.82,1056.0
6274,4,1,444.39,111.0975,1343.25
6692,4,1,444.28,111.07,611.0
5295,2,1,444.02,222.01,1393.0
1329,4,1,443.01,110.7525,894.5
2484,4,1,442.98,110.745,911.25
5503,3,1,442.61,147.53666666666666,1266.3333333333333
1946,4,1,442.42,110.605,1087.75
3461,3,1,442.26,147.42,493.0
7246,3,1,441.9,147.29999999999998,363.0
9432,5,1,439.86,87.97200000000001,688.4
3203,5,1,438.66,87.732,901.4
6562,2,1,438.65,219.325,693.5
9164,2,1,438.48,219.24,1516.0
7887,5,1,438.16,87.632,647.2
3773,1,1,437.63,437.63,1719.0
9816,5,1,436.59,87.318,733.8
3508,3,1,436.31,145.43666666666667,1290.0
2732,4,1,435.85,108.9625,934.25
5453,3,1,434.92,144.97333333333333,890.3333333333334
7819,2,1,433.68,216.84,996.0
2054,2,1,433.5,216.75,1290.0
8132,3,1,433.2,144.4,523.6666666666666
6450,3,1,432.13,144.04333333333332,737.0
1629,3,1,432.01,144.00333333333333,886.0
5349,4,1,431.06,107.765,648.5
9646,3,1,431.04,143.68,1223.0
8588,4,1,429.02,107.255,894.75
2819,4,1,427.93,106.9825,971.0
3945,2,1,427.77,213.885,572.5
2177,3,1,427.52,142.50666666666666,728.0
1604,5,1,425.65,85.13,969.6
2596,2,1,425.54,212.77,906.0
8557,5,1,425.09,85.018,972.6
2363,4,1,423.72,105.93,981.0
3273,2,1,423.2,211.6,1053.0
5714,6,1,422.94,70.49,1083.1666666666667
8994,3,1,420.51,140.17,989.6666666666666
5800,2,1,419.94,209.97,941.0
8674,2,1,419.8,209.9,1263.0
9606,4,1,418.9,104.725,703.25
1493,1,1,416.59,416.59,419.0
1732,2,1,415.91,207.955,342.0
2262,6,1,415.06,69.17666666666666,915.0
7045,3,1,415.06,138.35333333333332,1287.3333333333333
2030,3,1,415.02,138.34,893.0
2123,2,1,414.46,207.23,1267.5
1277,4,1,414.36,103.59,993.75
3893,9,1,413.16,45.906666666666666,791.3333333333334
7056,2,1,410.94,205.47,1549.5
6170,4,1,409.22,102.305,960.25
1681,2,1,407.71,203.855,1142.0
5105,4,1,407.7,101.925,1092.0
2025,3,1,407.23,135.74333333333334,1054.6666666666667
3453,3,1,405.05,135.01666666666668,735.3333333333334
4858,4,1,404.22,101.055,623.5
3964,2,1,404.17,202.085,1342.0
6776,2,1,404.06,202.03,1062.0
1163,5,1,403.7,80.74,798.4
2303,2,1,403.28,201.64,709.0
3123,5,1,403.01,80.602,1138.8
9166,2,1,402.79,201.395,964.0
8977,4,1,402.56,100.64,1000.5
8616,3,1,402.05,134.01666666666668,1042.3333333333333
3183,6,1,401.2,66.86666666666666,632.8333333333334
7317,5,1,400.06,80.012,1243.0
9512,2,1,396.98,198.49,1197.5
2978,3,1,395.35,131.78333333333333,858.3333333333334
1036,3,1,395.17,131.72333333333333,170.0
5526,3,1,395.05,131.68333333333334,882.0
3368,3,1,394.78,131.59333333333333,1091.6666666666667
9200,1,1,394.1,394.1,1038.0
3382,4,1,391.84,97.96,986.25
2920,1,1,391.61,391.61,1665.0
7162,3,1,391.58,130.52666666666667,882.6666666666666
2135,4,1,390.76,97.69,1046.75
5599,1,1,390.62,390.62,1159.0
5218,4,1,390.54,97.635,1064.75
8320,3,1,389.97,129.99,925.6666666666666
2721,1,1,389.03,389.03,1114.0
6515,4,1,388.03,97.0075,399.75
4653,4,1,387.64,96.91,715.75
3280,2,1,386.38,193.19,1194.5
5805,1,1,384.64,384.64,1303.0
2489,5,1,384.48,76.896,1490.8
4589,2,1,383.64,191.82,1003.5
7756,6,1,381.48,63.580000000000005,781.5
4582,2,1,381.47,190.735,645.0
9024,4,1,380.27,95.0675,1234.25
9760,1,1,378.47,378.47,1151.0
3956,2,1,378.45,189.225,975.5
6010,2,1,377.58,188.79,877.5
1234,3,1,377.35,125.78333333333335,1082.0
9389,1,1,376.57,376.57,445.0
9627,1,1,376.56,376.56,850.0
9250,2,1,376.18,188.09,1006.0
9254,5,1,374.38,74.876,1022.6
6119,2,1,374.3,187.15,400.0
2629,4,1,372.65,93.1625,417.25
3392,4,1,372.63,93.1575,1006.5
2928,4,2,372.48,93.12,840.0
5677,4,1,370.56,92.64,1297.5
6839,2,1,370.03,185.015,911.0
7078,1,1,369.08,369.08,1642.0
9157,4,1,368.5,92.125,981.5
5424,1,1,365.8,365.8,1456.0
1723,3,1,365.57,121.85666666666667,819.6666666666666
8299,4,1,364.97,91.2425,640.0
6726,3,1,364.42,121.47333333333334,405.3333333333333
5419,5,1,364.26,72.852,916.0
6358,1,1,364.23,364.23,53.0
2972,4,1,363.71,90.9275,1263.25
6881,5,1,362.81,72.562,891.0
6164,3,1,362.7,120.89999999999999,1287.3333333333333
5736,5,1,361.68,72.336,552.8
5799,5,1,361.09,72.21799999999999,635.2
6482,3,1,357.37,119.12333333333333,1026.3333333333333
5774,4,1,357.36,89.34,1351.25
1029,1,1,357.02,357.02,272.0
5055,3,1,356.62,118.87333333333333,765.0
3444,1,1,356.44,356.44,1453.0
6141,3,1,356.04,118.68,754.3333333333334
8391,1,1,356.0,356.0,578.0
1994,2,1,355.84,177.92,1674.5
3048,4,1,354.54,88.635,1226.25
6546,3,1,354.37,118.12333333333333,704.0
2327,1,1,354.06,354.06,1698.0
6198,3,1,351.14,117.04666666666667,1016.0
3150,4,1,351.11,87.7775,595.75
6654,2,1,351.02,175.51,323.5
2207,3,1,348.62,116.20666666666666,590.3333333333334
8188,1,1,347.82,347.82,1483.0
7737,4,1,347.17,86.7925,568.75
9763,1,1,346.78,346.78,57.0
8059,1,1,346.25,346.25,442.0
9761,3,1,346.2,115.39999999999999,851.0
1056,1,1,345.71,345.71,375.0
5697,6,1,345.63,57.605,741.0
6071,3,1,345.57,115.19,967.3333333333334
1837,2,1,343.86,171.93,1031.0
2769,2,1,343.64,171.82,1102.0
8062,3,1,343.08,114.36,760.0
2892,5,1,342.8,68.56,1130.2
7213,3,1,341.49,113.83,334.0
3605,2,1,341.07,170.535,796.0
1914,4,1,337.89,84.4725,1309.5
3992,3,1,337.88,112.62666666666667,758.6666666666666
8125,6,1,337.34,56.22333333333333,716.1666666666666
5375,4,1,336.52,84.13,851.75
5054,4,1,335.14,83.785,984.25
1521,3,1,334.46,111.48666666666666,807.0
4427,2,1,334.12,167.06,1002.5
5012,2,1,333.74,166.87,1238.0
2749,4,1,333.0,83.25,913.75
1172,4,1,332.26,83.065,506.0
8406,4,1,332.05,83.0125,743.75
2793,2,1,331.95,165.975,620.5
6592,3,1,331.04,110.34666666666668,1150.0
8769,3,1,330.88,110.29333333333334,972.6666666666666
5558,5,1,330.65,66.13,734.0
9559,3,1,330.64,110.21333333333332,997.6666666666666
7081,6,1,328.49,54.748333333333335,420.8333333333333
1035,4,1,325.77,81.4425,733.0
2017,3,1,325.76,108.58666666666666,707.6666666666666
2528,5,1,325.58,65.116,643.6
6679,3,1,323.27,107.75666666666666,1450.0
8876,3,1,322.82,107.60666666666667,761.0
7550,6,1,322.1,53.68333333333334,725.8333333333334
8630,4,1,321.92,80.48,793.5
8709,2,1,321.04,160.52,1389.5
2633,4,1,320.26,80.065,1350.25
2068,1,1,319.95,319.95,995.0
5997,6,1,319.13,53.18833333333333,808.3333333333334
3923,5,1,318.92,63.784000000000006,772.0
3699,4,1,318.05,79.5125,932.75
9917,4,1,317.7,79.425,742.75
3634,2,1,317.66,158.83,234.5
8556,3,1,317.38,105.79333333333334,1137.3333333333333
3651,2,1,317.03,158.515,1092.5
5509,2,1,316.54,158.27,793.0
9067,2,1,316.04,158.02,1145.0
9489,2,1,315.89,157.945,1364.0
2004,2,1,315.81,157.905,1025.0
4359,4,1,314.25,78.5625,713.75
1438,3,1,313.88,104.62666666666667,1319.3333333333333
9142,2,1,313.57,156.785,995.0
6082,3,1,311.67,103.89,1001.6666666666666
6906,4,1,309.9,77.475,869.25
2543,1,1,308.43,308.43,450.0
7519,3,1,308.12,102.70666666666666,1336.0
8932,3,1,307.76,102.58666666666666,543.0
1349,4,1,307.29,76.8225,875.0
3503,4,1,305.54,76.385,782.5
4604,1,1,305.32,305.32,1505.0
7345,3,1,304.65,101.55,1074.6666666666667
2154,5,1,304.51,60.902,616.0
8660,3,1,303.18,101.06,612.3333333333334
4223,4,1,302.58,75.645,792.5
7028,1,1,302.12,302.12,342.0
6217,3,1,299.92,99.97333333333334,1017.0
2990,7,1,299.85,42.83571428571429,541.5714285714286
2698,8,1,296.98,37.1225,923.0
3531,3,1,296.31,98.77,1006.0
7977,1,1,294.93,294.93,118.0
5702,2,1,294.26,147.13,1416.5
8277,4,1,294.08,73.52,1188.25
8641,2,1,293.78,146.89,271.5
2501,4,1,289.33,72.3325,1488.5
9398,4,1,288.14,72.035,1285.75
1746,3,1,288.04,96.01333333333334,553.3333333333334
9056,2,1,287.88,143.94,998.5
9320,3,1,287.63,95.87666666666667,711.3333333333334
5083,1,1,286.18,286.18,400.0
7313,2,1,285.46,142.73,1087.5
8095,2,1,285.3,142.65,901.0
1298,1,1,285.16,285.16,918.0
5103,4,1,285.07,71.2675,641.25
6536,4,1,283.74,70.935,872.5
1282,2,1,281.46,140.73,1346.0
3362,5,1,279.9,55.98,501.2
5617,5,1,278.64,55.727999999999994,579.8
6812,5,1,277.66,55.532000000000004,1212.2
5610,1,1,277.34,277.34,479.0
7727,4,1,277.07,69.2675,1209.5
6098,3,1,276.84,92.27999999999999,640.3333333333334
4694,1,1,276.81,276.81,651.0
5111,2,1,275.99,137.995,665.5
3510,2,1,273.54,136.77,476.0
9291,2,1,273.41,136.705,792.5
4789,2,1,273.35,136.675,866.0
8547,1,1,269.49,269.49,1368.0
1225,4,1,268.76,67.19,799.5
1295,4,1,267.34,66.835,1431.25
9442,4,1,267.3,66.825,921.5
7051,3,1,263.76,87.92,1087.6666666666667
3592,6,1,263.01,43.835,684.1666666666666
2940,3,1,262.75,87.58333333333333,822.0
2419,3,1,262.53,87.50999999999999,1109.3333333333333
5461,3,1,262.45,87.48333333333333,841.6666666666666
7450,3,1,262.27,87.42333333333333,770.0
9338,4,1,261.72,65.43,931.75
6474,5,1,261.0,52.2,1164.8
4610,1,1,260.97,260.97,1323.0
9830,3,1,260.1,86.7,1052.3333333333333
4600,4,1,259.79,64.9475,660.0
7047,6,1,259.26,43.21,743.8333333333334
3475,6,1,257.44,42.906666666666666,1122.6666666666667
3155,4,1,257.28,64.32,983.25
5745,2,1,257.17,128.585,1624.0
2399,3,1,256.94,85.64666666666666,867.3333333333334
1345,4,1,256.67,64.1675,570.25
8459,2,1,256.5,128.25,585.0
7774,1,1,256.13,256.13,544.0
2179,2,1,255.85,127.925,1226.5
2933,3,1,255.36,85.12,1230.0
3561,3,1,254.86,84.95333333333333,1086.6666666666667
1455,3,1,254.85,84.95,1184.6666666666667
5634,1,1,254.67,254.67,1054.0
3728,3,1,254.29,84.76333333333334,1697.0
1595,2,1,253.56,126.78,1225.0
2144,1,1,251.92,251.92,931.0
8242,3,1,251.78,83.92666666666666,454.6666666666667
3384,4,1,251.7,62.925,1355.75
2952,3,1,251.28,83.76,899.0
5906,4,1,250.93,62.7325,1112.5
3499,4,1,250.58,62.645,1340.25
5823,1,1,250.03,250.03,525.0
4018,4,1,249.86,62.465,1109.75
6345,2,2,248.44,124.22,164.5
8654,5,1,247.18,49.436,607.8
3088,1,1,246.29,246.29,1553.0
4711,3,1,244.78,81.59333333333333,1269.6666666666667
3863,3,1,244.54,81.51333333333334,559.0
9302,2,1,244.52,122.26,431.0
1026,3,1,244.3,81.43333333333334,603.0
8996,2,1,244.1,122.05,747.5
7753,1,1,242.85,242.85,674.0
2407,3,1,242.01,80.67,605.3333333333334
6388,1,1,240.69,240.69,1600.0
3279,3,1,240.42,80.14,752.3333333333334
3124,1,1,240.26,240.26,1731.0
4361,2,1,238.8,119.4,998.5
2678,5,1,236.89,47.378,1380.8
2622,3,1,236.64,78.88,865.0
6445,4,1,234.08,58.52,928.5
2573,3,1,233.0,77.66666666666667,651.3333333333334
2014,4,1,232.87,58.2175,803.25
3705,3,1,232.75,77.58333333333333,1076.6666666666667
4311,1,1,232.62,232.62,868.0
8304,1,1,230.98,230.98,1717.0
7571,5,1,228.42,45.684,1269.2
8633,3,1,228.21,76.07000000000001,1025.3333333333333
3622,5,1,224.89,44.977999999999994,1095.6
3078,1,1,224.83,224.83,300.0
2692,4,1,223.47,55.8675,737.75
8589,1,1,222.62,222.62,1749.0
1087,3,1,222.61,74.20333333333333,951.0
9684,2,1,220.97,110.485,782.0
1472,3,1,220.52,73.50666666666667,1233.3333333333333
7001,5,1,218.74,43.748000000000005,658.2
6414,3,1,217.46,72.48666666666666,877.0
2569,6,1,217.17,36.195,1019.5
5648,3,1,216.78,72.26,819.6666666666666
6552,3,1,216.49,72.16333333333334,566.6666666666666
6984,2,1,216.35,108.175,917.5
9809,4,1,213.74,53.435,346.5
9193,2,1,213.68,106.84,683.0
2055,5,1,213.01,42.602,682.2
1916,5,1,211.63,42.326,1324.6
4077,4,1,210.68,52.67,1298.5
6361,4,1,210.37,52.5925,1139.5
7843,2,1,210.0,105.0,1318.0
9566,4,1,209.07,52.2675,988.25
3423,1,1,207.01,207.01,760.0
8610,1,1,206.4,206.4,328.0
3798,5,1,205.98,41.196,725.0
4680,4,1,205.97,51.4925,350.5
9728,2,1,205.35,102.675,997.0
6722,2,1,203.16,101.58,686.5
6053,1,1,202.98,202.98,1514.0
9919,3,1,202.41,67.47,820.3333333333334
3711,9,1,202.3,22.477777777777778,898.5555555555555
6215,2,1,200.52,100.26,897.0
3968,4,1,199.8,49.95,763.25
3394,2,1,196.74,98.37,699.5
8670,4,1,192.56,48.14,1216.75
7772,2,1,190.58,95.29,440.5
8509,1,1,189.03,189.03,66.0
3599,3,1,187.98,62.66,767.3333333333334
5837,3,1,187.52,62.50666666666667,1121.3333333333333
7080,1,1,187.4,187.4,448.0
5775,3,1,186.55,62.18333333333334,606.6666666666666
8829,3,1,185.95,61.98333333333333,986.6666666666666
4599,3,1,184.9,61.63333333333333,396.0
5925,2,1,184.5,92.25,915.0
7930,6,1,183.63,30.605,1150.5
4745,4,1,183.36,45.84,778.5
8864,2,1,182.49,91.245,537.0
1363,4,2,181.93,45.4825,808.75
8214,2,1,181.72,90.86,1284.5
7400,2,1,181.69,90.845,956.0
8280,5,1,181.58,36.316,1133.6
2666,6,1,180.92,30.153333333333332,526.5
3013,4,1,180.62,45.155,1008.0
8021,3,1,179.97,59.99,945.6666666666666
9227,3,1,179.16,59.72,1066.3333333333333
8234,4,1,178.82,44.705,1191.0
5200,4,1,178.74,44.685,932.75
1835,2,1,177.68,88.84,1116.5
2494,5,1,174.93,34.986000000000004,587.8
3481,4,1,174.59,43.6475,804.25
5976,7,1,173.72,24.81714285714286,1030.7142857142858
4504,2,1,173.14,86.57,615.5
8389,2,1,172.62,86.31,1351.5
9693,2,1,171.78,85.89,641.0
5812,3,1,171.39,57.129999999999995,1175.6666666666667
3111,3,1,169.29,56.43,1115.0
3624,2,1,168.82,84.41,283.5
9344,3,1,168.58,56.193333333333335,909.3333333333334
8873,2,1,167.64,83.82,431.0
5470,5,1,167.16,33.432,789.8
7077,4,1,167.03,41.7575,1219.0
3166,4,1,165.26,41.315,441.5
1513,4,1,165.17,41.2925,933.75
4693,2,1,164.45,82.225,1131.5
1410,5,1,162.49,32.498000000000005,925.4
8301,1,1,161.23,161.23,1666.0
8152,3,1,158.47,52.82333333333333,760.3333333333334
6212,3,1,154.87,51.623333333333335,831.0
5014,4,1,152.16,38.04,800.0
1777,5,1,150.84,30.168,1116.8
4972,1,1,150.38,150.38,1779.0
6301,2,1,148.19,74.095,1173.0
3287,3,1,147.91,49.303333333333335,1236.3333333333333
5364,2,1,147.89,73.945,865.5
2865,3,1,146.24,48.74666666666667,1001.0
7288,3,1,142.75,47.583333333333336,544.6666666666666
8716,4,1,142.61,35.6525,908.0
5123,2,1,140.4,70.2,737.5
6950,3,1,138.5,46.166666666666664,276.6666666666667
3316,5,1,137.74,27.548000000000002,677.8
1499,5,1,131.96,26.392000000000003,941.4
6650,2,1,131.26,65.63,1134.0
3180,1,1,119.71,119.71,1638.0
9602,4,1,115.49,28.8725,1251.75
7312,2,1,114.34,57.17,1503.0
7192,7,1,113.22,16.174285714285713,1009.7142857142857
3199,3,1,113.04,37.68,479.3333333333333
9460,2,1,111.47,55.735,909.5
3735,4,1,110.17,27.5425,1051.25
2790,4,1,108.44,27.11,270.75
8806,4,1,107.6,26.9,421.0
8251,2,1,105.49,52.745,1594.5
5074,2,1,105.26,52.63,1111.0
9711,1,1,104.4,104.4,634.0
7802,3,1,102.31,34.10333333333333,849.0
6093,1,1,97.93,97.93,1130.0
2691,1,1,92.11,92.11,1757.0
9110,2,1,86.36,43.18,935.5
5885,6,1,84.96,14.159999999999998,705.8333333333334
9757,3,1,81.54,27.180000000000003,887.3333333333334
4983,6,1,79.71,13.284999999999998,510.0
7569,2,1,79.11,39.555,1052.0
9167,2,1,67.71,33.855,660.5
2234,6,1,66.76,11.126666666666667,816.0
8845,1,1,60.08,60.08,164.0
3334,3,1,59.89,19.963333333333335,1050.3333333333333
5161,4,1,58.43,14.6075,918.25
4021,1,1,52.83,52.83,1648.0
5232,2,1,43.35,21.675,118.0
4931,2,0,0.0,0.0,1579.0
4932,4,0,0.0,0.0,790.75
4934,1,0,0.0,0.0,1620.0
4935,1,0,0.0,0.0,36.0
5165,1,0,0.0,0.0,663.0
5167,3,0,0.0,0.0,814.0
5168,1,0,0.0,0.0,1454.0
5169,1,0,0.0,0.0,967.0
5170,2,0,0.0,0.0,1175.0
5171,3,0,0.0,0.0,746.3333333333334
5173,4,0,0.0,0.0,651.75
5175,3,0,0.0,0.0,570.3333333333334
5177,1,0,0.0,0.0,281.0
5178,2,0,0.0,0.0,1622.0
5181,4,0,0.0,0.0,1028.75
5184,5,0,0.0,0.0,1269.4
5185,2,0,0.0,0.0,533.0
5186,4,0,0.0,0.0,826.0
5187,1,0,0.0,0.0,681.0
5189,1,0,0.0,0.0,926.0
5190,1,0,0.0,0.0,1289.0
5191,3,0,0.0,0.0,963.6666666666666
5192,2,0,0.0,0.0,1745.5
5193,2,0,0.0,0.0,1046.0
5195,2,0,0.0,0.0,987.0
5196,3,0,0.0,0.0,1090.6666666666667
5197,1,0,0.0,0.0,1458.0
5198,4,0,0.0,0.0,856.5
5201,1,0,0.0,0.0,1121.0
5203,1,0,0.0,0.0,63.0
5204,2,0,0.0,0.0,1246.5
5205,2,0,0.0,0.0,1277.5
5207,2,0,0.0,0.0,1230.0
5208,2,0,0.0,0.0,1341.0
5209,3,0,0.0,0.0,956.6666666666666
5210,1,0,0.0,0.0,120.0
5214,4,0,0.0,0.0,867.5
5215,4,0,0.0,0.0,636.75
5216,2,0,0.0,0.0,1392.5
5219,3,0,0.0,0.0,1055.6666666666667
3234,3,0,0.0,0.0,912.0
3235,3,0,0.0,0.0,1320.6666666666667
3236,2,0,0.0,0.0,1284.5
3246,2,0,0.0,0.0,883.5
3248,3,0,0.0,0.0,1229.0
3249,6,0,0.0,0.0,817.6666666666666
3250,2,0,0.0,0.0,1391.0
5223,3,0,0.0,0.0,772.6666666666666
5226,2,0,0.0,0.0,1326.0
5231,5,0,0.0,0.0,931.0
5235,1,0,0.0,0.0,1489.0
5237,2,0,0.0,0.0,1047.0
4111,1,0,0.0,0.0,1644.0
4112,5,0,0.0,0.0,491.4
4113,3,0,0.0,0.0,1303.6666666666667
4889,1,0,0.0,0.0,1684.0
4893,1,0,0.0,0.0,1684.0
4895,1,0,0.0,0.0,1150.0
4898,3,0,0.0,0.0,972.0
4902,6,0,0.0,0.0,565.3333333333334
4905,4,0,0.0,0.0,864.25
4909,4,0,0.0,0.0,984.75
4911,4,0,0.0,0.0,1104.75
4913,2,0,0.0,0.0,1275.5
4914,4,0,0.0,0.0,468.25
5240,1,0,0.0,0.0,29.0
5243,3,0,0.0,0.0,1692.0
5247,4,0,0.0,0.0,599.0
5248,3,0,0.0,0.0,1192.0
5251,3,0,0.0,0.0,641.0
5254,2,0,0.0,0.0,939.5
5256,4,0,0.0,0.0,1208.0
5257,3,0,0.0,0.0,852.3333333333334
5258,2,0,0.0,0.0,1176.5
5259,3,0,0.0,0.0,737.3333333333334
5260,3,0,0.0,0.0,614.3333333333334
5262,1,0,0.0,0.0,1035.0
5263,2,0,0.0,0.0,1369.0
5267,4,0,0.0,0.0,1433.0
5268,3,0,0.0,0.0,238.0
5269,3,0,0.0,0.0,1084.0
5271,1,0,0.0,0.0,110.0
5272,4,0,0.0,0.0,1069.75
5273,3,0,0.0,0.0,155.0
5275,3,0,0.0,0.0,755.3333333333334
1573,3,0,0.0,0.0,962.0
1574,2,0,0.0,0.0,906.5
1575,4,0,0.0,0.0,1327.5
1576,1,0,0.0,0.0,1426.0
1578,1,0,0.0,0.0,74.0
1579,4,0,0.0,0.0,933.75
1580,1,0,0.0,0.0,1461.0
1582,4,0,0.0,0.0,746.5
1583,3,0,0.0,0.0,1274.6666666666667
4069,3,0,0.0,0.0,584.0
4073,5,0,0.0,0.0,865.4
4075,1,0,0.0,0.0,1141.0
4076,2,0,0.0,0.0,1033.5
4081,3,0,0.0,0.0,851.0
4082,2,0,0.0,0.0,825.0
4084,3,0,0.0,0.0,694.6666666666666
1792,1,0,0.0,0.0,580.0
1793,1,0,0.0,0.0,567.0
1794,2,0,0.0,0.0,1436.0
1799,6,0,0.0,0.0,990.8333333333334
1584,2,0,0.0,0.0,859.0
1586,4,0,0.0,0.0,873.25
1587,1,0,0.0,0.0,268.0
1588,1,0,0.0,0.0,220.0
5277,2,0,0.0,0.0,204.0
5282,4,0,0.0,0.0,225.75
5283,1,0,0.0,0.0,1454.0
5286,3,0,0.0,0.0,1464.0
5287,3,0,0.0,0.0,808.3333333333334
5290,3,0,0.0,0.0,933.3333333333334
5293,4,0,0.0,0.0,923.25
5296,3,0,0.0,0.0,840.0
3217,1,0,0.0,0.0,1250.0
3219,3,0,0.0,0.0,1073.6666666666667
3220,4,0,0.0,0.0,922.25
3223,3,0,0.0,0.0,331.3333333333333
3224,2,0,0.0,0.0,1556.0
3226,1,0,0.0,0.0,1044.0
3227,2,0,0.0,0.0,779.5
3230,3,0,0.0,0.0,1202.6666666666667
3231,2,0,0.0,0.0,746.5
3232,2,0,0.0,0.0,346.5
3233,2,0,0.0,0.0,823.5
5304,1,0,0.0,0.0,987.0
5305,3,0,0.0,0.0,640.3333333333334
5306,3,0,0.0,0.0,529.0
5307,2,0,0.0,0.0,913.5
5309,5,0,0.0,0.0,996.4
5311,2,0,0.0,0.0,284.0
5314,3,0,0.0,0.0,1222.0
5316,2,0,0.0,0.0,312.0
5318,2,0,0.0,0.0,490.0
5320,3,0,0.0,0.0,857.3333333333334
5321,2,0,0.0,0.0,723.5
5324,3,0,0.0,0.0,1064.3333333333333
5325,1,0,0.0,0.0,62.0
5326,1,0,0.0,0.0,94.0
5329,2,0,0.0,0.0,917.5
5330,1,0,0.0,0.0,1770.0
5331,1,0,0.0,0.0,1065.0
5333,1,0,0.0,0.0,62.0
3198,2,0,0.0,0.0,686.5
3201,2,0,0.0,0.0,128.5
3208,2,0,0.0,0.0,1162.5
3209,3,0,0.0,0.0,763.0
3210,1,0,0.0,0.0,311.0
3212,3,0,0.0,0.0,559.6666666666666
3215,1,0,0.0,0.0,423.0
5336,1,0,0.0,0.0,1160.0
5338,2,0,0.0,0.0,1096.5
5344,1,0,0.0,0.0,30.0
5345,4,0,0.0,0.0,1577.0
5346,1,0,0.0,0.0,1141.0
5347,1,0,0.0,0.0,13.0
5348,3,0,0.0,0.0,1288.6666666666667
5350,4,0,0.0,0.0,1278.5
5354,1,0,0.0,0.0,1188.0
5355,3,0,0.0,0.0,1229.6666666666667
5356,2,0,0.0,0.0,330.0
5357,2,0,0.0,0.0,1150.0
5359,1,0,0.0,0.0,28.0
5361,1,0,0.0,0.0,1395.0
5365,1,0,0.0,0.0,977.0
5367,1,0,0.0,0.0,298.0
5368,1,0,0.0,0.0,526.0
5369,3,0,0.0,0.0,563.0
5370,1,0,0.0,0.0,259.0
5373,3,0,0.0,0.0,802.0
5374,4,0,0.0,0.0,992.75
5377,1,0,0.0,0.0,567.0
5383,2,0,0.0,0.0,1052.5
5385,1,0,0.0,0.0,835.0
5386,2,0,0.0,0.0,357.0
5387,5,0,0.0,0.0,1551.0
5388,2,0,0.0,0.0,1135.0
5389,1,0,0.0,0.0,61.0
5390,3,0,0.0,0.0,1406.6666666666667
5391,2,0,0.0,0.0,661.0
5393,4,0,0.0,0.0,1043.25
5394,2,0,0.0,0.0,1578.5
5396,3,0,0.0,0.0,1473.0
5401,1,0,0.0,0.0,809.0
5404,4,0,0.0,0.0,950.75
5405,4,0,0.0,0.0,1044.5
5407,3,0,0.0,0.0,1172.0
5408,4,0,0.0,0.0,540.25
5410,1,0,0.0,0.0,714.0
5411,2,0,0.0,0.0,625.0
5412,1,0,0.0,0.0,1038.0
5414,4,0,0.0,0.0,800.25
1826,4,0,0.0,0.0,1386.5
1827,1,0,0.0,0.0,1088.0
1831,1,0,0.0,0.0,80.0
1833,2,0,0.0,0.0,840.0
1836,1,0,0.0,0.0,434.0
1838,3,0,0.0,0.0,1474.6666666666667
3324,1,0,0.0,0.0,1283.0
3325,1,0,0.0,0.0,147.0
3327,2,0,0.0,0.0,862.5
4093,5,0,0.0,0.0,1316.6
4095,3,0,0.0,0.0,1235.0
4097,2,0,0.0,0.0,358.0
4100,4,0,0.0,0.0,958.75
4101,2,0,0.0,0.0,775.0
4102,4,0,0.0,0.0,737.5
4103,4,0,0.0,0.0,748.25
4106,1,0,0.0,0.0,1328.0
4107,2,0,0.0,0.0,1230.0
4109,3,0,0.0,0.0,1195.3333333333333
4110,3,0,0.0,0.0,1185.3333333333333
3195,1,0,0.0,0.0,1625.0
1558,2,0,0.0,0.0,1353.0
1559,1,0,0.0,0.0,1440.0
1561,2,0,0.0,0.0,1039.0
1562,3,0,0.0,0.0,1122.0
1563,3,0,0.0,0.0,785.0
1565,1,0,0.0,0.0,1566.0
1567,1,0,0.0,0.0,929.0
1568,1,0,0.0,0.0,442.0
1572,2,0,0.0,0.0,913.0
5417,3,0,0.0,0.0,285.6666666666667
5420,4,0,0.0,0.0,954.75
3568,2,0,0.0,0.0,1625.5
3569,3,0,0.0,0.0,859.6666666666666
3574,3,0,0.0,0.0,835.3333333333334
4045,3,0,0.0,0.0,619.6666666666666
4046,1,0,0.0,0.0,743.0
4047,5,0,0.0,0.0,733.8
4051,4,0,0.0,0.0,970.25
4055,2,0,0.0,0.0,1062.0
4063,2,0,0.0,0.0,1368.5
4064,4,0,0.0,0.0,885.0
4066,3,0,0.0,0.0,529.3333333333334
4068,1,0,0.0,0.0,421.0
5423,5,0,0.0,0.0,616.2
5428,4,0,0.0,0.0,795.75
5433,1,0,0.0,0.0,1585.0
5436,2,0,0.0,0.0,1035.0
5437,2,0,0.0,0.0,184.5
5438,3,0,0.0,0.0,594.3333333333334
5439,2,0,0.0,0.0,397.0
5440,2,0,0.0,0.0,314.0
5441,1,0,0.0,0.0,668.0
5444,2,0,0.0,0.0,880.0
5445,2,0,0.0,0.0,843.0
5447,3,0,0.0,0.0,1552.0
5452,3,0,0.0,0.0,870.0
5455,2,0,0.0,0.0,919.5
5457,3,0,0.0,0.0,380.3333333333333
5458,1,0,0.0,0.0,732.0
5462,1,0,0.0,0.0,437.0
5465,1,0,0.0,0.0,1340.0
5472,3,0,0.0,0.0,910.3333333333334
5473,1,0,0.0,0.0,534.0
1610,1,0,0.0,0.0,94.0
1611,5,0,0.0,0.0,419.4
1614,2,0,0.0,0.0,845.0
1616,2,0,0.0,0.0,423.5
1617,1,0,0.0,0.0,714.0
1619,2,0,0.0,0.0,567.5
1621,1,0,0.0,0.0,617.0
4888,4,0,0.0,0.0,518.75
3312,1,0,0.0,0.0,816.0
3313,1,0,0.0,0.0,1309.0
3314,4,0,0.0,0.0,633.25
3317,4,0,0.0,0.0,678.5
3319,1,0,0.0,0.0,1783.0
3321,1,0,0.0,0.0,1293.0
3177,3,0,0.0,0.0,215.33333333333334
3178,3,0,0.0,0.0,840.3333333333334
3179,1,0,0.0,0.0,928.0
3181,2,0,0.0,0.0,1162.5
3186,2,0,0.0,0.0,1042.5
3187,4,0,0.0,0.0,730.75
3190,1,0,0.0,0.0,223.0
3194,2,0,0.0,0.0,680.0
5476,3,0,0.0,0.0,771.3333333333334
5477,2,0,0.0,0.0,800.0
5481,3,0,0.0,0.0,1583.3333333333333
5483,1,0,0.0,0.0,424.0
5487,2,0,0.0,0.0,1359.5
5491,3,0,0.0,0.0,1068.6666666666667
5492,5,0,0.0,0.0,822.0
5494,3,0,0.0,0.0,339.6666666666667
5495,1,0,0.0,0.0,1221.0
5499,3,0,0.0,0.0,461.6666666666667
5501,6,0,0.0,0.0,820.3333333333334
5506,2,0,0.0,0.0,1365.0
5507,3,0,0.0,0.0,941.0
5510,3,0,0.0,0.0,355.0
5511,3,0,0.0,0.0,780.0
5512,1,0,0.0,0.0,1129.0
5517,2,0,0.0,0.0,409.5
1541,1,0,0.0,0.0,1405.0
1542,2,0,0.0,0.0,1252.5
1544,4,0,0.0,0.0,702.0
1546,1,0,0.0,0.0,146.0
1547,3,0,0.0,0.0,871.0
1552,1,0,0.0,0.0,437.0
1553,2,0,0.0,0.0,849.5
1554,3,0,0.0,0.0,1134.6666666666667
1556,4,0,0.0,0.0,479.0
5520,1,0,0.0,0.0,352.0
5523,1,0,0.0,0.0,1279.0
5524,1,0,0.0,0.0,1365.0
3341,5,0,0.0,0.0,895.0
4867,1,0,0.0,0.0,972.0
4868,3,0,0.0,0.0,579.0
4871,2,0,0.0,0.0,820.0
4873,1,0,0.0,0.0,1554.0
4874,2,0,0.0,0.0,774.5
4878,2,0,0.0,0.0,637.0
4880,1,0,0.0,0.0,570.0
4881,5,0,0.0,0.0,757.2
1606,2,0,0.0,0.0,716.5
1609,2,0,0.0,0.0,789.0
5535,1,0,0.0,0.0,1006.0
5536,1,0,0.0,0.0,149.0
5539,1,0,0.0,0.0,1215.0
5542,2,0,0.0,0.0,1619.5
5543,1,0,0.0,0.0,1562.0
5546,1,0,0.0,0.0,838.0
5547,2,0,0.0,0.0,1085.5
5548,2,0,0.0,0.0,1135.0
5549,4,0,0.0,0.0,570.25
5550,1,0,0.0,0.0,746.0
5551,6,0,0.0,0.0,753.1666666666666
5554,3,0,0.0,0.0,349.3333333333333
5555,2,0,0.0,0.0,1659.0
5556,4,0,0.0,0.0,1164.75
3159,3,0,0.0,0.0,1100.0
3161,1,0,0.0,0.0,127.0
9949,2,0,0.0,0.0,846.5
3164,3,0,0.0,0.0,479.3333333333333
3165,2,0,0.0,0.0,915.5
3167,1,0,0.0,0.0,65.0
3168,8,0,0.0,0.0,802.375
3169,1,0,0.0,0.0,1262.0
3171,4,0,0.0,0.0,987.5
3172,2,0,0.0,0.0,594.0
3174,3,0,0.0,0.0,917.0
3175,2,0,0.0,0.0,825.5
5559,2,0,0.0,0.0,1347.0
5562,3,0,0.0,0.0,896.0
5563,3,0,0.0,0.0,782.6666666666666
5564,5,0,0.0,0.0,954.2
5565,2,0,0.0,0.0,465.0
5566,2,0,0.0,0.0,513.5
5567,2,0,0.0,0.0,149.0
5570,3,0,0.0,0.0,931.0
5571,2,0,0.0,0.0,855.5
5572,1,0,0.0,0.0,654.0
5575,1,0,0.0,0.0,917.0
5576,2,0,0.0,0.0,875.0
5577,5,0,0.0,0.0,1226.4
5579,4,0,0.0,0.0,704.75
5582,5,0,0.0,0.0,569.2
5583,3,0,0.0,0.0,453.0
5584,4,0,0.0,0.0,892.0
5585,1,0,0.0,0.0,1071.0
5586,1,0,0.0,0.0,1199.0
5588,2,0,0.0,0.0,973.0
5589,4,0,0.0,0.0,695.5
5590,1,0,0.0,0.0,1405.0
5592,3,0,0.0,0.0,461.6666666666667
5598,3,0,0.0,0.0,645.0
5600,5,0,0.0,0.0,730.0
5602,2,0,0.0,0.0,1280.0
5603,4,0,0.0,0.0,1394.0
4035,2,0,0.0,0.0,1368.0
4036,1,0,0.0,0.0,873.0
4038,1,0,0.0,0.0,763.0
4040,2,0,0.0,0.0,1359.5
4041,4,0,0.0,0.0,803.25
4042,2,0,0.0,0.0,1094.0
4044,2,0,0.0,0.0,565.5
3553,3,0,0.0,0.0,664.3333333333334
3554,1,0,0.0,0.0,770.0
3556,3,0,0.0,0.0,1291.6666666666667
3557,1,0,0.0,0.0,823.0
3563,1,0,0.0,0.0,1400.0
5604,2,0,0.0,0.0,940.0
5608,2,0,0.0,0.0,847.5
5613,2,0,0.0,0.0,1182.0
5616,2,0,0.0,0.0,187.5
5618,2,0,0.0,0.0,387.5
5619,1,0,0.0,0.0,300.0
5620,1,0,0.0,0.0,146.0
5621,1,0,0.0,0.0,699.0
5622,4,0,0.0,0.0,824.0
5623,1,0,0.0,0.0,1378.0
5624,2,0,0.0,0.0,1124.5
5625,4,0,0.0,0.0,869.25
3146,2,0,0.0,0.0,1053.0
3147,1,0,0.0,0.0,1210.0
3148,5,0,0.0,0.0,337.4
3149,1,0,0.0,0.0,1340.0
3152,2,0,0.0,0.0,913.5
3154,2,0,0.0,0.0,1020.5
3156,1,0,0.0,0.0,1168.0
3157,3,0,0.0,0.0,1218.0
3158,4,0,0.0,0.0,712.0
5626,1,0,0.0,0.0,1563.0
5628,3,0,0.0,0.0,839.3333333333334
5629,1,0,0.0,0.0,969.0
4844,1,0,0.0,0.0,1525.0
4848,1,0,0.0,0.0,838.0
4849,2,0,0.0,0.0,467.0
4855,5,0,0.0,0.0,801.4
3328,2,0,0.0,0.0,407.5
3329,4,0,0.0,0.0,634.25
3330,1,0,0.0,0.0,886.0
3331,2,0,0.0,0.0,1003.5
3335,2,0,0.0,0.0,508.5
3337,4,0,0.0,0.0,803.5
5632,1,0,0.0,0.0,644.0
5633,6,0,0.0,0.0,1035.3333333333333
5636,3,0,0.0,0.0,997.3333333333334
5637,1,0,0.0,0.0,333.0
5638,2,0,0.0,0.0,818.0
5641,3,0,0.0,0.0,1073.6666666666667
5646,3,0,0.0,0.0,685.3333333333334
5647,5,0,0.0,0.0,1197.8
5650,5,0,0.0,0.0,601.0
5653,1,0,0.0,0.0,1280.0
5654,1,0,0.0,0.0,259.0
5656,1,0,0.0,0.0,1674.0
5657,4,0,0.0,0.0,1048.25
5658,2,0,0.0,0.0,752.5
5660,2,0,0.0,0.0,1250.5
5662,1,0,0.0,0.0,1735.0
5663,4,0,0.0,0.0,847.0
5664,4,0,0.0,0.0,425.25
5672,2,0,0.0,0.0,385.0
5680,1,0,0.0,0.0,1792.0
3125,1,0,0.0,0.0,652.0
3127,4,0,0.0,0.0,1222.25
3130,4,0,0.0,0.0,970.0
3132,1,0,0.0,0.0,1677.0
3138,1,0,0.0,0.0,873.0
5683,3,0,0.0,0.0,571.6666666666666
5685,3,0,0.0,0.0,780.0
5689,1,0,0.0,0.0,1085.0
5691,4,0,0.0,0.0,1116.0
5692,4,0,0.0,0.0,370.5
5693,2,0,0.0,0.0,914.0
5695,1,0,0.0,0.0,1154.0
5699,3,0,0.0,0.0,487.0
5700,4,0,0.0,0.0,749.5
5701,2,0,0.0,0.0,690.0
5704,4,0,0.0,0.0,1085.5
5706,2,0,0.0,0.0,386.5
5708,2,0,0.0,0.0,1148.5
5711,1,0,0.0,0.0,278.0
5712,1,0,0.0,0.0,1063.0
5713,5,0,0.0,0.0,264.0
5715,3,0,0.0,0.0,644.3333333333334
5716,1,0,0.0,0.0,154.0
5717,1,0,0.0,0.0,1491.0
5719,3,0,0.0,0.0,1083.0
5721,4,0,0.0,0.0,950.25
5726,2,0,0.0,0.0,906.5
5728,2,0,0.0,0.0,691.0
5731,1,0,0.0,0.0,1261.0
5732,1,0,0.0,0.0,1515.0
5733,2,0,0.0,0.0,1137.0
5734,2,0,0.0,0.0,1251.5
5735,4,0,0.0,0.0,1214.75
3108,2,0,0.0,0.0,412.5
3109,2,0,0.0,0.0,517.5
3110,2,0,0.0,0.0,957.0
4815,4,0,0.0,0.0,1098.25
4817,1,0,0.0,0.0,634.0
4823,2,0,0.0,0.0,1679.0
4824,3,0,0.0,0.0,1144.6666666666667
4826,2,0,0.0,0.0,1565.5
4828,6,0,0.0,0.0,523.0
4831,3,0,0.0,0.0,1085.3333333333333
4834,1,0,0.0,0.0,1482.0
4835,2,0,0.0,0.0,806.0
4837,1,0,0.0,0.0,670.0
4839,2,0,0.0,0.0,1017.0
4840,4,0,0.0,0.0,941.5
4843,1,0,0.0,0.0,497.0
3112,2,0,0.0,0.0,574.0
3114,3,0,0.0,0.0,880.6666666666666
3115,3,0,0.0,0.0,430.3333333333333
3120,3,0,0.0,0.0,589.0
1525,1,0,0.0,0.0,54.0
1526,4,0,0.0,0.0,634.0
1528,2,0,0.0,0.0,291.0
1534,4,0,0.0,0.0,462.25
1535,4,0,0.0,0.0,1204.75
1536,1,0,0.0,0.0,504.0
1537,2,0,0.0,0.0,1294.5
5739,4,0,0.0,0.0,900.5
5743,3,0,0.0,0.0,426.3333333333333
5744,1,0,0.0,0.0,137.0
5746,5,0,0.0,0.0,788.6
5750,3,0,0.0,0.0,754.6666666666666
5752,1,0,0.0,0.0,121.0
5753,4,0,0.0,0.0,571.75
5758,2,0,0.0,0.0,748.0
3086,1,0,0.0,0.0,712.0
3089,2,0,0.0,0.0,619.0
3093,4,0,0.0,0.0,667.75
3095,2,0,0.0,0.0,1141.5
3097,2,0,0.0,0.0,373.5
3098,3,0,0.0,0.0,766.0
3100,2,0,0.0,0.0,275.5
3102,1,0,0.0,0.0,1057.0
3103,2,0,0.0,0.0,1308.5
3104,3,0,0.0,0.0,797.0
5759,1,0,0.0,0.0,945.0
5762,2,0,0.0,0.0,1197.5
5765,2,0,0.0,0.0,1511.5
5772,2,0,0.0,0.0,566.5
5773,3,0,0.0,0.0,1475.3333333333333
5783,3,0,0.0,0.0,1293.6666666666667
5784,3,0,0.0,0.0,785.3333333333334
5786,3,0,0.0,0.0,445.0
5788,2,0,0.0,0.0,1151.5
5789,2,0,0.0,0.0,249.5
5794,2,0,0.0,0.0,1474.0
5796,2,0,0.0,0.0,1145.0
5797,3,0,0.0,0.0,1349.6666666666667
5802,1,0,0.0,0.0,1519.0
5803,2,0,0.0,0.0,660.5
5806,4,0,0.0,0.0,833.0
5807,2,0,0.0,0.0,1645.0
5809,2,0,0.0,0.0,1250.0
5810,4,0,0.0,0.0,668.0
5811,2,0,0.0,0.0,1540.0
5814,1,0,0.0,0.0,374.0
5816,1,0,0.0,0.0,425.0
5818,4,0,0.0,0.0,874.75
5820,6,0,0.0,0.0,1010.8333333333334
5828,4,0,0.0,0.0,344.75
5831,1,0,0.0,0.0,442.0
5832,1,0,0.0,0.0,1425.0
4802,2,0,0.0,0.0,813.5
4803,2,0,0.0,0.0,902.5
3348,2,0,0.0,0.0,1604.0
3349,1,0,0.0,0.0,1485.0
3351,4,0,0.0,0.0,852.0
3354,3,0,0.0,0.0,1055.6666666666667
3355,1,0,0.0,0.0,679.0
3356,1,0,0.0,0.0,476.0
3360,4,0,0.0,0.0,802.25
1807,2,0,0.0,0.0,1564.0
4806,3,0,0.0,0.0,989.3333333333334
4807,1,0,0.0,0.0,203.0
4812,3,0,0.0,0.0,489.6666666666667
5833,4,0,0.0,0.0,830.25
5835,2,0,0.0,0.0,877.5
5836,4,0,0.0,0.0,959.75
5841,3,0,0.0,0.0,1302.3333333333333
5842,1,0,0.0,0.0,1147.0
5843,1,0,0.0,0.0,1649.0
1507,1,0,0.0,0.0,965.0
1508,1,0,0.0,0.0,1451.0
1511,2,0,0.0,0.0,1034.0
1512,2,0,0.0,0.0,764.0
1514,2,0,0.0,0.0,925.5
1516,2,0,0.0,0.0,989.5
1519,2,0,0.0,0.0,791.0
4008,5,0,0.0,0.0,1208.8
4010,3,0,0.0,0.0,608.0
4011,1,0,0.0,0.0,1306.0
4016,1,0,0.0,0.0,987.0
4020,5,0,0.0,0.0,1380.0
4022,1,0,0.0,0.0,200.0
4023,1,0,0.0,0.0,1475.0
4025,1,0,0.0,0.0,798.0
4030,1,0,0.0,0.0,455.0
4031,5,0,0.0,0.0,761.0
4032,7,0,0.0,0.0,1167.5714285714287
4033,2,0,0.0,0.0,961.0
1520,1,0,0.0,0.0,514.0
1522,4,0,0.0,0.0,790.0
5844,2,0,0.0,0.0,1264.0
3070,2,0,0.0,0.0,723.5
3074,2,0,0.0,0.0,914.0
3075,6,0,0.0,0.0,822.0
3076,3,0,0.0,0.0,1025.6666666666667
3080,1,0,0.0,0.0,213.0
3082,7,0,0.0,0.0,622.0
3084,1,0,0.0,0.0,1708.0
3085,3,0,0.0,0.0,827.3333333333334
5846,1,0,0.0,0.0,621.0
5849,3,0,0.0,0.0,1608.3333333333333
5851,1,0,0.0,0.0,105.0
5853,1,0,0.0,0.0,332.0
5854,4,0,0.0,0.0,1121.5
5855,2,0,0.0,0.0,1076.0
5856,1,0,0.0,0.0,131.0
5857,1,0,0.0,0.0,512.0
5859,2,0,0.0,0.0,1321.5
5861,3,0,0.0,0.0,976.6666666666666
5862,4,0,0.0,0.0,873.0
5865,1,0,0.0,0.0,912.0
5866,2,0,0.0,0.0,831.5
5867,2,0,0.0,0.0,871.0
5868,1,0,0.0,0.0,85.0
5870,1,0,0.0,0.0,1236.0
5873,1,0,0.0,0.0,1127.0
5874,1,0,0.0,0.0,330.0
5878,3,0,0.0,0.0,590.0
5879,2,0,0.0,0.0,211.5
5882,1,0,0.0,0.0,1170.0
5883,4,0,0.0,0.0,1133.25
5887,2,0,0.0,0.0,1099.5
5890,4,0,0.0,0.0,668.0
5891,1,0,0.0,0.0,72.0
5892,3,0,0.0,0.0,1315.0
5896,5,0,0.0,0.0,831.2
5897,1,0,0.0,0.0,1192.0
5899,2,0,0.0,0.0,800.5
5900,5,0,0.0,0.0,474.4
5901,1,0,0.0,0.0,1447.0
5907,3,0,0.0,0.0,314.0
5908,2,0,0.0,0.0,1000.0
1491,2,0,0.0,0.0,737.0
1494,3,0,0.0,0.0,931.0
1495,2,0,0.0,0.0,883.5
1500,2,0,0.0,0.0,1562.0
1502,1,0,0.0,0.0,972.0
5911,4,0,0.0,0.0,851.5
5913,4,0,0.0,0.0,735.25
5914,1,0,0.0,0.0,42.0
5917,1,0,0.0,0.0,1468.0
5919,2,0,0.0,0.0,264.5
5922,6,0,0.0,0.0,680.5
5928,1,0,0.0,0.0,1505.0
5929,3,0,0.0,0.0,890.0
5930,3,0,0.0,0.0,850.0
5931,1,0,0.0,0.0,419.0
3050,3,0,0.0,0.0,1184.0
3051,1,0,0.0,0.0,414.0
3053,3,0,0.0,0.0,1207.3333333333333
3054,3,0,0.0,0.0,991.0
3055,4,0,0.0,0.0,813.75
3056,2,0,0.0,0.0,1063.5
3058,2,0,0.0,0.0,848.5
3060,3,0,0.0,0.0,472.0
3062,1,0,0.0,0.0,701.0
3063,2,0,0.0,0.0,809.5
3066,2,0,0.0,0.0,1094.0
5935,3,0,0.0,0.0,1280.0
5940,3,0,0.0,0.0,548.0
5945,2,0,0.0,0.0,1011.0
5947,1,0,0.0,0.0,734.0
5950,3,0,0.0,0.0,567.6666666666666
5951,3,0,0.0,0.0,638.6666666666666
5953,3,0,0.0,0.0,459.0
5954,1,0,0.0,0.0,804.0
5955,2,0,0.0,0.0,833.0
5957,2,0,0.0,0.0,970.0
5959,3,0,0.0,0.0,595.0
5962,2,0,0.0,0.0,853.0
5963,2,0,0.0,0.0,563.5
5964,1,0,0.0,0.0,415.0
5966,1,0,0.0,0.0,1426.0
5967,2,0,0.0,0.0,999.5
5968,2,0,0.0,0.0,274.5
5969,4,0,0.0,0.0,936.5
5971,1,0,0.0,0.0,628.0
5974,2,0,0.0,0.0,742.0
1633,1,0,0.0,0.0,1566.0
1634,6,0,0.0,0.0,760.5
1636,2,0,0.0,0.0,812.5
1637,2,0,0.0,0.0,439.0
4785,1,0,0.0,0.0,737.0
4788,4,0,0.0,0.0,1209.75
4790,3,0,0.0,0.0,310.6666666666667
4791,3,0,0.0,0.0,474.0
4792,1,0,0.0,0.0,653.0
4793,2,0,0.0,0.0,695.5
4794,3,0,0.0,0.0,1041.0
4795,2,0,0.0,0.0,1479.0
4799,4,0,0.0,0.0,1254.75
4801,3,0,0.0,0.0,943.3333333333334
5978,1,0,0.0,0.0,1153.0
5980,3,0,0.0,0.0,668.3333333333334
5983,2,0,0.0,0.0,683.5
5984,5,0,0.0,0.0,1055.0
5986,2,0,0.0,0.0,793.5
5988,3,0,0.0,0.0,341.3333333333333
5990,2,0,0.0,0.0,594.0
3031,2,0,0.0,0.0,1707.0
3032,2,0,0.0,0.0,865.0
3033,4,0,0.0,0.0,919.75
3035,2,0,0.0,0.0,1289.5
3037,3,0,0.0,0.0,998.3333333333334
3039,1,0,0.0,0.0,813.0
3040,6,0,0.0,0.0,439.3333333333333
3041,3,0,0.0,0.0,857.6666666666666
3043,1,0,0.0,0.0,203.0
3044,2,0,0.0,0.0,655.0
3047,1,0,0.0,0.0,403.0
5991,4,0,0.0,0.0,597.75
5992,4,0,0.0,0.0,706.75
5995,2,0,0.0,0.0,1141.0
5998,1,0,0.0,0.0,699.0
6001,4,0,0.0,0.0,985.0
6002,1,0,0.0,0.0,577.0
6003,2,0,0.0,0.0,1666.0
6004,2,0,0.0,0.0,749.0
6008,3,0,0.0,0.0,681.3333333333334
6009,5,0,0.0,0.0,756.0
6012,5,0,0.0,0.0,1068.8
6015,3,0,0.0,0.0,827.6666666666666
6016,1,0,0.0,0.0,1001.0
6017,2,0,0.0,0.0,921.5
6022,1,0,0.0,0.0,975.0
6023,1,0,0.0,0.0,97.0
6030,1,0,0.0,0.0,187.0
6032,3,0,0.0,0.0,945.0
6033,1,0,0.0,0.0,1271.0
6034,1,0,0.0,0.0,743.0
6039,1,0,0.0,0.0,1475.0
6041,4,0,0.0,0.0,764.25
6043,2,0,0.0,0.0,672.5
6044,4,0,0.0,0.0,630.75
3011,5,0,0.0,0.0,1419.6
3012,4,0,0.0,0.0,594.75
3017,1,0,0.0,0.0,1596.0
3018,4,0,0.0,0.0,520.75
3023,2,0,0.0,0.0,486.5
3025,4,0,0.0,0.0,784.5
3026,2,0,0.0,0.0,228.0
3028,3,0,0.0,0.0,209.33333333333334
6048,1,0,0.0,0.0,1740.0
6049,1,0,0.0,0.0,127.0
6051,1,0,0.0,0.0,975.0
6055,2,0,0.0,0.0,1315.0
6059,2,0,0.0,0.0,1370.0
6060,1,0,0.0,0.0,375.0
6061,2,0,0.0,0.0,728.0
6062,3,0,0.0,0.0,1411.6666666666667
6064,1,0,0.0,0.0,198.0
4773,5,0,0.0,0.0,535.2
4775,1,0,0.0,0.0,280.0
4776,2,0,0.0,0.0,621.5
4777,5,0,0.0,0.0,1189.0
4778,1,0,0.0,0.0,1556.0
4779,4,0,0.0,0.0,1318.5
4781,5,0,0.0,0.0,1202.2
4783,2,0,0.0,0.0,1059.0
4784,3,0,0.0,0.0,703.3333333333334
1623,3,0,0.0,0.0,601.3333333333334
1625,2,0,0.0,0.0,365.5
1626,5,0,0.0,0.0,825.8
1628,6,0,0.0,0.0,1022.8333333333334
1630,3,0,0.0,0.0,480.0
6068,4,0,0.0,0.0,1006.5
6069,1,0,0.0,0.0,663.0
6070,4,0,0.0,0.0,1079.5
1734,5,0,0.0,0.0,1007.2
1735,2,0,0.0,0.0,591.0
1737,2,0,0.0,0.0,712.0
1740,2,0,0.0,0.0,149.5
4006,6,0,0.0,0.0,695.0
3579,3,0,0.0,0.0,928.3333333333334
3583,2,0,0.0,0.0,689.0
3585,2,0,0.0,0.0,979.5
3587,1,0,0.0,0.0,461.0
3588,1,0,0.0,0.0,1500.0
3589,2,0,0.0,0.0,904.5
6072,1,0,0.0,0.0,202.0
6073,2,0,0.0,0.0,1097.0
6074,2,0,0.0,0.0,1634.0
6076,2,0,0.0,0.0,153.5
6078,5,0,0.0,0.0,963.4
6079,1,0,0.0,0.0,687.0
1474,2,0,0.0,0.0,527.5
1475,1,0,0.0,0.0,471.0
1480,3,0,0.0,0.0,585.3333333333334
1482,1,0,0.0,0.0,784.0
1485,2,0,0.0,0.0,519.0
1488,2,0,0.0,0.0,383.0
6083,4,0,0.0,0.0,834.75
6089,3,0,0.0,0.0,309.3333333333333
6091,3,0,0.0,0.0,929.0
6095,2,0,0.0,0.0,1006.0
6099,1,0,0.0,0.0,1214.0
6100,1,0,0.0,0.0,514.0
6103,2,0,0.0,0.0,508.0
6105,5,0,0.0,0.0,954.0
6106,7,0,0.0,0.0,557.5714285714286
6108,1,0,0.0,0.0,571.0
6110,3,0,0.0,0.0,981.0
6113,3,0,0.0,0.0,1306.3333333333333
6115,4,0,0.0,0.0,1244.75
6117,3,0,0.0,0.0,1416.6666666666667
6120,1,0,0.0,0.0,117.0
6122,1,0,0.0,0.0,521.0
6123,2,0,0.0,0.0,720.0
6124,1,0,0.0,0.0,1070.0
2996,4,0,0.0,0.0,1276.5
2997,4,0,0.0,0.0,838.75
2998,2,0,0.0,0.0,628.5
2999,1,0,0.0,0.0,1139.0
3001,6,0,0.0,0.0,719.6666666666666
3003,3,0,0.0,0.0,1482.3333333333333
3004,1,0,0.0,0.0,1238.0
3006,4,0,0.0,0.0,696.25
3007,3,0,0.0,0.0,789.3333333333334
3008,1,0,0.0,0.0,361.0
3010,4,0,0.0,0.0,988.25
6130,3,0,0.0,0.0,1068.3333333333333
6131,1,0,0.0,0.0,1481.0
6132,1,0,0.0,0.0,1261.0
6133,2,0,0.0,0.0,827.0
6134,2,0,0.0,0.0,361.0
6136,1,0,0.0,0.0,207.0
4757,4,0,0.0,0.0,836.5
4758,2,0,0.0,0.0,1064.5
4759,4,0,0.0,0.0,858.25
4760,2,0,0.0,0.0,1137.5
4761,1,0,0.0,0.0,1159.0
4762,1,0,0.0,0.0,999.0
4763,1,0,0.0,0.0,1225.0
4765,5,0,0.0,0.0,781.8
4767,3,0,0.0,0.0,1253.0
4768,2,0,0.0,0.0,782.5
4769,6,0,0.0,0.0,811.5
4771,2,0,0.0,0.0,1458.0
4772,1,0,0.0,0.0,841.0
6137,1,0,0.0,0.0,1021.0
6139,5,0,0.0,0.0,727.0
6140,4,0,0.0,0.0,538.25
6143,2,0,0.0,0.0,1153.5
6146,4,0,0.0,0.0,1057.5
6147,2,0,0.0,0.0,1433.0
6149,3,0,0.0,0.0,651.6666666666666
6152,1,0,0.0,0.0,987.0
6157,2,0,0.0,0.0,973.0
6158,2,0,0.0,0.0,935.0
6159,2,0,0.0,0.0,1444.0
6160,1,0,0.0,0.0,1381.0
6161,2,0,0.0,0.0,1046.5
6162,4,0,0.0,0.0,1263.75
6167,4,0,0.0,0.0,974.75
6168,4,0,0.0,0.0,1351.0
6169,2,0,0.0,0.0,937.0
6172,4,0,0.0,0.0,779.25
6175,1,0,0.0,0.0,1773.0
6179,3,0,0.0,0.0,883.6666666666666
6180,3,0,0.0,0.0,995.0
6183,1,0,0.0,0.0,190.0
6185,2,0,0.0,0.0,1062.5
6189,3,0,0.0,0.0,1509.3333333333333
6190,2,0,0.0,0.0,382.0
6192,4,0,0.0,0.0,1017.75
6194,3,0,0.0,0.0,1123.6666666666667
3163,2,0,0.0,0.0,555.5
6199,2,0,0.0,0.0,1251.5
6200,4,0,0.0,0.0,978.75
2979,2,0,0.0,0.0,723.5
2981,1,0,0.0,0.0,407.0
2982,1,0,0.0,0.0,627.0
2983,1,0,0.0,0.0,283.0
2984,2,0,0.0,0.0,1568.5
2985,2,0,0.0,0.0,1173.0
2987,1,0,0.0,0.0,1650.0
2989,1,0,0.0,0.0,1682.0
2991,1,0,0.0,0.0,268.0
1457,3,0,0.0,0.0,498.3333333333333
1459,1,0,0.0,0.0,1594.0
1460,1,0,0.0,0.0,1420.0
1465,6,0,0.0,0.0,753.0
1468,3,0,0.0,0.0,835.0
1469,2,0,0.0,0.0,292.0
1470,4,0,0.0,0.0,679.25
6203,2,0,0.0,0.0,1173.5
6205,1,0,0.0,0.0,1410.0
6211,2,0,0.0,0.0,878.0
6214,1,0,0.0,0.0,1237.0
6216,5,0,0.0,0.0,463.2
6218,1,0,0.0,0.0,1696.0
6219,2,0,0.0,0.0,177.0
6220,2,0,0.0,0.0,1465.5
6222,2,0,0.0,0.0,1392.5
6226,2,0,0.0,0.0,969.5
6227,3,0,0.0,0.0,197.0
6231,1,0,0.0,0.0,119.0
6232,2,0,0.0,0.0,529.0
6234,1,0,0.0,0.0,1165.0
3995,5,0,0.0,0.0,728.6
3997,4,0,0.0,0.0,940.0
3998,1,0,0.0,0.0,1735.0
4000,2,0,0.0,0.0,814.0
4001,1,0,0.0,0.0,1546.0
4002,6,0,0.0,0.0,1006.8333333333334
1724,1,0,0.0,0.0,1138.0
1725,1,0,0.0,0.0,908.0
1726,4,0,0.0,0.0,1090.25
1727,5,0,0.0,0.0,927.2
1729,1,0,0.0,0.0,1161.0
1824,1,0,0.0,0.0,1677.0
3364,3,0,0.0,0.0,808.3333333333334
3365,2,0,0.0,0.0,337.5
4736,3,0,0.0,0.0,977.3333333333334
4737,2,0,0.0,0.0,654.5
4738,3,0,0.0,0.0,465.6666666666667
4739,3,0,0.0,0.0,571.0
4742,4,0,0.0,0.0,1069.75
4743,3,0,0.0,0.0,1282.0
4746,3,0,0.0,0.0,1184.6666666666667
4748,1,0,0.0,0.0,1766.0
4751,5,0,0.0,0.0,438.4
4754,2,0,0.0,0.0,677.5
4755,3,0,0.0,0.0,972.6666666666666
4756,2,0,0.0,0.0,1510.0
6235,2,0,0.0,0.0,524.0
6237,3,0,0.0,0.0,1352.6666666666667
6238,1,0,0.0,0.0,1444.0
6242,4,0,0.0,0.0,609.25
2961,2,0,0.0,0.0,206.0
2963,2,0,0.0,0.0,848.0
2965,4,0,0.0,0.0,771.75
2968,3,0,0.0,0.0,1149.6666666666667
2969,4,0,0.0,0.0,699.75
2975,4,0,0.0,0.0,1128.0
6244,4,0,0.0,0.0,757.25
6245,3,0,0.0,0.0,1060.3333333333333
6247,1,0,0.0,0.0,1717.0
6249,1,0,0.0,0.0,1492.0
6250,2,0,0.0,0.0,754.5
6251,3,0,0.0,0.0,1368.0
6252,4,0,0.0,0.0,1000.5
6253,2,0,0.0,0.0,1569.5
6259,3,0,0.0,0.0,853.3333333333334
6260,3,0,0.0,0.0,1156.6666666666667
6261,2,0,0.0,0.0,615.0
6265,2,0,0.0,0.0,252.0
6267,2,0,0.0,0.0,350.5
6268,1,0,0.0,0.0,899.0
6269,5,0,0.0,0.0,905.6
6271,2,0,0.0,0.0,668.5
6272,2,0,0.0,0.0,1595.5
6273,1,0,0.0,0.0,1116.0
6275,3,0,0.0,0.0,1046.6666666666667
6277,2,0,0.0,0.0,936.0
6278,1,0,0.0,0.0,378.0
6280,3,0,0.0,0.0,637.6666666666666
6285,2,0,0.0,0.0,1031.0
6286,3,0,0.0,0.0,607.0
6287,3,0,0.0,0.0,1211.0
6292,1,0,0.0,0.0,1080.0
6293,4,0,0.0,0.0,942.75
6294,3,0,0.0,0.0,902.3333333333334
6296,4,0,0.0,0.0,899.25
6297,2,0,0.0,0.0,1137.0
6298,7,0,0.0,0.0,697.1428571428571
6299,2,0,0.0,0.0,684.5
6300,4,0,0.0,0.0,869.25
6304,1,0,0.0,0.0,1149.0
6305,4,0,0.0,0.0,486.0
6308,2,0,0.0,0.0,754.0
6309,1,0,0.0,0.0,1364.0
6310,3,0,0.0,0.0,896.0
6313,1,0,0.0,0.0,1523.0
6314,3,0,0.0,0.0,1105.3333333333333
6315,1,0,0.0,0.0,520.0
6316,3,0,0.0,0.0,1097.0
6317,3,0,0.0,0.0,276.0
6318,1,0,0.0,0.0,1786.0
6320,4,0,0.0,0.0,1547.0
6322,4,0,0.0,0.0,922.0
6323,1,0,0.0,0.0,81.0
6326,1,0,0.0,0.0,1279.0
6328,2,0,0.0,0.0,1047.0
6331,1,0,0.0,0.0,1210.0
6333,3,0,0.0,0.0,661.0
6335,1,0,0.0,0.0,516.0
6336,3,0,0.0,0.0,546.0
4133,4,0,0.0,0.0,887.75
4134,2,0,0.0,0.0,1175.0
4722,4,0,0.0,0.0,1156.5
4723,4,0,0.0,0.0,1146.25
4724,6,0,0.0,0.0,823.1666666666666
4729,4,0,0.0,0.0,917.0
4734,3,0,0.0,0.0,971.6666666666666
1809,1,0,0.0,0.0,182.0
1810,4,0,0.0,0.0,1066.75
1813,5,0,0.0,0.0,650.0
1816,2,0,0.0,0.0,1089.0
1817,1,0,0.0,0.0,62.0
1818,2,0,0.0,0.0,481.5
1820,3,0,0.0,0.0,1126.3333333333333
1439,2,0,0.0,0.0,758.0
1442,4,0,0.0,0.0,379.25
1443,3,0,0.0,0.0,900.0
1446,3,0,0.0,0.0,1193.6666666666667
1448,3,0,0.0,0.0,863.3333333333334
1452,1,0,0.0,0.0,523.0
1453,4,0,0.0,0.0,1076.0
6338,2,0,0.0,0.0,1224.5
6342,4,0,0.0,0.0,1259.0
6347,1,0,0.0,0.0,1076.0
6348,2,0,0.0,0.0,1606.5
6349,3,0,0.0,0.0,1226.3333333333333
6350,5,0,0.0,0.0,778.8
6351,2,0,0.0,0.0,1004.0
6353,3,0,0.0,0.0,1001.0
6354,4,0,0.0,0.0,972.25
6355,1,0,0.0,0.0,916.0
6357,4,0,0.0,0.0,952.5
2943,4,0,0.0,0.0,1199.25
2945,3,0,0.0,0.0,82.0
2946,4,0,0.0,0.0,1011.5
2947,3,0,0.0,0.0,429.6666666666667
2951,2,0,0.0,0.0,1379.0
2953,2,0,0.0,0.0,1098.0
2954,2,0,0.0,0.0,465.5
2956,2,0,0.0,0.0,1134.5
2958,3,0,0.0,0.0,861.0
2959,1,0,0.0,0.0,1174.0
6362,1,0,0.0,0.0,1379.0
6367,2,0,0.0,0.0,188.0
6368,1,0,0.0,0.0,1606.0
6372,2,0,0.0,0.0,280.0
6373,2,0,0.0,0.0,1436.0
6374,2,0,0.0,0.0,910.0
6381,1,0,0.0,0.0,1481.0
6384,1,0,0.0,0.0,1096.0
6385,3,0,0.0,0.0,828.6666666666666
6386,4,0,0.0,0.0,1042.75
6387,4,0,0.0,0.0,978.5
6390,1,0,0.0,0.0,889.0
6392,1,0,0.0,0.0,345.0
6396,3,0,0.0,0.0,1112.3333333333333
2937,1,0,0.0,0.0,1514.0
1843,2,0,0.0,0.0,459.0
1844,2,0,0.0,0.0,649.0
1845,2,0,0.0,0.0,726.5
1847,3,0,0.0,0.0,826.3333333333334
1848,2,0,0.0,0.0,385.0
1849,2,0,0.0,0.0,170.5
1850,2,0,0.0,0.0,1021.5
1852,3,0,0.0,0.0,624.0
1855,6,0,0.0,0.0,833.5
1857,5,0,0.0,0.0,1032.6
6397,4,0,0.0,0.0,608.5
6398,3,0,0.0,0.0,1012.0
6400,1,0,0.0,0.0,981.0
6401,3,0,0.0,0.0,621.3333333333334
6402,3,0,0.0,0.0,924.3333333333334
6404,2,0,0.0,0.0,1357.5
6405,1,0,0.0,0.0,1739.0
6410,1,0,0.0,0.0,558.0
6412,3,0,0.0,0.0,233.0
6416,1,0,0.0,0.0,1245.0
6417,2,0,0.0,0.0,356.5
6418,3,0,0.0,0.0,1198.0
6419,4,0,0.0,0.0,941.5
6420,2,0,0.0,0.0,1006.0
6422,5,0,0.0,0.0,1169.0
6423,3,0,0.0,0.0,540.0
6424,4,0,0.0,0.0,817.75
6426,1,0,0.0,0.0,1462.0
6427,3,0,0.0,0.0,314.6666666666667
6429,1,0,0.0,0.0,1183.0
6431,2,0,0.0,0.0,991.0
6439,2,0,0.0,0.0,519.5
6441,3,0,0.0,0.0,928.3333333333334
6442,2,0,0.0,0.0,1355.5
6444,2,0,0.0,0.0,789.5
6446,2,0,0.0,0.0,1066.0
6447,1,0,0.0,0.0,747.0
6448,1,0,0.0,0.0,1087.0
6449,1,0,0.0,0.0,363.0
6451,2,0,0.0,0.0,997.0
6452,3,0,0.0,0.0,1699.6666666666667
6453,3,0,0.0,0.0,1118.3333333333333
1421,2,0,0.0,0.0,139.5
4717,3,0,0.0,0.0,1149.6666666666667
4718,2,0,0.0,0.0,467.5
4719,4,0,0.0,0.0,986.25
4114,2,0,0.0,0.0,1373.0
4115,2,0,0.0,0.0,965.0
4116,1,0,0.0,0.0,1278.0
4117,3,0,0.0,0.0,1221.0
4119,2,0,0.0,0.0,506.5
4120,3,0,0.0,0.0,1525.0
4121,1,0,0.0,0.0,1667.0
4123,2,0,0.0,0.0,344.0
4125,1,0,0.0,0.0,927.0
4127,2,0,0.0,0.0,800.0
4128,4,0,0.0,0.0,753.75
1426,6,0,0.0,0.0,768.6666666666666
1429,2,0,0.0,0.0,945.0
1431,1,0,0.0,0.0,1538.0
1432,2,0,0.0,0.0,1338.0
1435,1,0,0.0,0.0,1393.0
2915,2,0,0.0,0.0,1038.5
2917,5,0,0.0,0.0,659.6
2918,1,0,0.0,0.0,1102.0
2925,3,0,0.0,0.0,1289.6666666666667
2926,1,0,0.0,0.0,436.0
2927,1,0,0.0,0.0,254.0
2929,5,0,0.0,0.0,826.8
6455,4,0,0.0,0.0,715.75
6457,2,0,0.0,0.0,597.0
6458,2,0,0.0,0.0,1195.5
6460,2,0,0.0,0.0,1324.0
6462,2,0,0.0,0.0,197.0
6466,2,0,0.0,0.0,906.5
6468,6,0,0.0,0.0,617.3333333333334
6470,2,0,0.0,0.0,1106.0
6475,2,0,0.0,0.0,940.5
6481,2,0,0.0,0.0,773.0
3965,1,0,0.0,0.0,87.0
3969,3,0,0.0,0.0,1163.0
3971,6,0,0.0,0.0,656.1666666666666
3972,1,0,0.0,0.0,981.0
3977,2,0,0.0,0.0,876.5
3981,2,0,0.0,0.0,405.5
3983,3,0,0.0,0.0,667.0
3986,2,0,0.0,0.0,532.5
3994,1,0,0.0,0.0,1414.0
6483,1,0,0.0,0.0,1334.0
6484,2,0,0.0,0.0,1579.5
6486,1,0,0.0,0.0,556.0
6487,3,0,0.0,0.0,887.3333333333334
6491,3,0,0.0,0.0,1128.6666666666667
6492,1,0,0.0,0.0,1224.0
6501,2,0,0.0,0.0,867.5
6502,3,0,0.0,0.0,867.3333333333334
6504,1,0,0.0,0.0,78.0
6505,2,0,0.0,0.0,1083.5
6506,3,0,0.0,0.0,701.3333333333334
6508,7,0,0.0,0.0,1143.5714285714287
6509,4,0,0.0,0.0,738.5
6510,1,0,0.0,0.0,979.0
6513,2,0,0.0,0.0,682.5
6514,2,0,0.0,0.0,1526.0
2898,4,0,0.0,0.0,1294.5
2899,1,0,0.0,0.0,1271.0
2900,5,0,0.0,0.0,1049.6
2901,2,0,0.0,0.0,887.0
2902,1,0,0.0,0.0,984.0
2904,4,0,0.0,0.0,912.5
2906,3,0,0.0,0.0,1141.0
2907,4,0,0.0,0.0,811.0
2910,1,0,0.0,0.0,1551.0
2912,2,0,0.0,0.0,944.0
6518,3,0,0.0,0.0,1523.3333333333333
6519,2,0,0.0,0.0,997.5
6522,1,0,0.0,0.0,1499.0
6523,3,0,0.0,0.0,1642.6666666666667
6527,4,0,0.0,0.0,954.5
6533,1,0,0.0,0.0,316.0
6535,3,0,0.0,0.0,1200.0
6538,3,0,0.0,0.0,746.6666666666666
6542,1,0,0.0,0.0,164.0
6544,4,0,0.0,0.0,779.0
6548,5,0,0.0,0.0,777.4
6550,2,0,0.0,0.0,1013.5
6551,2,0,0.0,0.0,1220.5
3373,1,0,0.0,0.0,924.0
3378,3,0,0.0,0.0,1028.3333333333333
3379,2,0,0.0,0.0,1105.5
3380,3,0,0.0,0.0,939.3333333333334
4700,2,0,0.0,0.0,444.0
4701,2,0,0.0,0.0,1195.0
4702,1,0,0.0,0.0,1648.0
4708,1,0,0.0,0.0,1743.0
4712,2,0,0.0,0.0,1208.0
4713,2,0,0.0,0.0,1152.0
4715,2,0,0.0,0.0,1080.0
2880,2,0,0.0,0.0,726.0
2881,2,0,0.0,0.0,415.5
2885,2,0,0.0,0.0,1416.5
2890,3,0,0.0,0.0,778.0
2895,3,0,0.0,0.0,820.0
6559,7,0,0.0,0.0,1113.5714285714287
6560,1,0,0.0,0.0,565.0
6565,3,0,0.0,0.0,1572.3333333333333
6566,5,0,0.0,0.0,691.4
6572,2,0,0.0,0.0,1491.0
6573,2,0,0.0,0.0,605.5
6575,1,0,0.0,0.0,1275.0
6576,5,0,0.0,0.0,1205.4
6579,3,0,0.0,0.0,1662.3333333333333
6580,7,0,0.0,0.0,924.1428571428571
6581,1,0,0.0,0.0,907.0
6583,1,0,0.0,0.0,469.0
6584,3,0,0.0,0.0,1351.6666666666667
6585,2,0,0.0,0.0,800.0
6586,3,0,0.0,0.0,335.3333333333333
6588,1,0,0.0,0.0,1630.0
6590,1,0,0.0,0.0,1445.0
6591,2,0,0.0,0.0,966.0
6593,1,0,0.0,0.0,913.0
6596,5,0,0.0,0.0,858.2
6597,2,0,0.0,0.0,898.0
6600,2,0,0.0,0.0,376.5
6601,2,0,0.0,0.0,872.0
6603,6,0,0.0,0.0,539.5
6606,3,0,0.0,0.0,707.6666666666666
6609,3,0,0.0,0.0,769.3333333333334
6613,2,0,0.0,0.0,476.5
6614,3,0,0.0,0.0,525.0
6615,2,0,0.0,0.0,733.0
6616,1,0,0.0,0.0,497.0
6617,1,0,0.0,0.0,1353.0
6618,4,0,0.0,0.0,1087.5
6619,1,0,0.0,0.0,206.0
6620,2,0,0.0,0.0,955.5
6622,4,0,0.0,0.0,614.25
6623,2,0,0.0,0.0,1115.0
6625,2,0,0.0,0.0,547.0
6628,5,0,0.0,0.0,734.2
6630,1,0,0.0,0.0,132.0
6631,4,0,0.0,0.0,766.5
6632,3,0,0.0,0.0,938.3333333333334
6635,3,0,0.0,0.0,769.3333333333334
6636,2,0,0.0,0.0,812.0
6638,1,0,0.0,0.0,1755.0
6641,4,0,0.0,0.0,743.0
6645,2,0,0.0,0.0,367.0
6646,1,0,0.0,0.0,1730.0
2864,1,0,0.0,0.0,162.0
2866,2,0,0.0,0.0,1451.0
2868,2,0,0.0,0.0,960.0
2870,2,0,0.0,0.0,923.5
2872,1,0,0.0,0.0,723.0
2873,1,0,0.0,0.0,1267.0
2874,2,0,0.0,0.0,1048.5
4689,4,0,0.0,0.0,823.5
4690,6,0,0.0,0.0,841.0
4691,1,0,0.0,0.0,245.0
4695,3,0,0.0,0.0,1128.6666666666667
4696,2,0,0.0,0.0,488.0
4697,2,0,0.0,0.0,977.5
4698,4,0,0.0,0.0,808.75
4699,2,0,0.0,0.0,478.0
3367,3,0,0.0,0.0,765.3333333333334
3369,3,0,0.0,0.0,939.3333333333334
3370,2,0,0.0,0.0,1109.0
3371,4,0,0.0,0.0,746.5
3372,1,0,0.0,0.0,692.0
2876,1,0,0.0,0.0,562.0
2877,2,0,0.0,0.0,965.5
2878,3,0,0.0,0.0,898.3333333333334
2879,2,0,0.0,0.0,1093.5
1406,3,0,0.0,0.0,377.0
1407,1,0,0.0,0.0,1008.0
1408,2,0,0.0,0.0,668.5
1409,2,0,0.0,0.0,1156.0
1411,2,0,0.0,0.0,1230.0
1413,3,0,0.0,0.0,1243.6666666666667
1414,2,0,0.0,0.0,1111.0
1416,5,0,0.0,0.0,904.4
1417,5,0,0.0,0.0,672.2
6648,1,0,0.0,0.0,1048.0
6649,3,0,0.0,0.0,330.0
3946,4,0,0.0,0.0,569.5
3949,3,0,0.0,0.0,1072.3333333333333
3951,1,0,0.0,0.0,399.0
3952,7,0,0.0,0.0,653.2857142857143
3953,3,0,0.0,0.0,1026.3333333333333
3954,3,0,0.0,0.0,763.3333333333334
3955,2,0,0.0,0.0,1120.5
3957,2,0,0.0,0.0,1498.5
3958,3,0,0.0,0.0,1093.0
3959,2,0,0.0,0.0,784.5
3960,2,0,0.0,0.0,991.0
3963,1,0,0.0,0.0,1566.0
6653,3,0,0.0,0.0,672.3333333333334
6656,1,0,0.0,0.0,1205.0
6659,4,0,0.0,0.0,1600.0
6660,4,0,0.0,0.0,1239.5
6662,1,0,0.0,0.0,16.0
6664,2,0,0.0,0.0,263.0
6665,3,0,0.0,0.0,1179.0
6669,2,0,0.0,0.0,936.5
6673,1,0,0.0,0.0,719.0
6675,2,0,0.0,0.0,894.5
6676,2,0,0.0,0.0,1148.0
6677,1,0,0.0,0.0,1233.0
6678,2,0,0.0,0.0,472.5
6680,1,0,0.0,0.0,269.0
6681,1,0,0.0,0.0,1374.0
6682,4,0,0.0,0.0,537.5
6683,2,0,0.0,0.0,880.5
6687,2,0,0.0,0.0,343.5
6688,2,0,0.0,0.0,850.5
6689,3,0,0.0,0.0,817.0
6690,3,0,0.0,0.0,972.3333333333334
6693,3,0,0.0,0.0,847.0
6694,1,0,0.0,0.0,252.0
6695,2,0,0.0,0.0,623.5
6699,1,0,0.0,0.0,398.0
6701,2,0,0.0,0.0,997.5
6703,3,0,0.0,0.0,1305.6666666666667
6704,1,0,0.0,0.0,503.0
6707,4,0,0.0,0.0,1109.5
6708,3,0,0.0,0.0,411.3333333333333
6710,3,0,0.0,0.0,1058.3333333333333
6711,6,0,0.0,0.0,854.6666666666666
6713,3,0,0.0,0.0,783.6666666666666
6715,5,0,0.0,0.0,902.4
6716,3,0,0.0,0.0,826.3333333333334
6717,5,0,0.0,0.0,496.4
6719,4,0,0.0,0.0,958.75
6721,2,0,0.0,0.0,1088.5
2844,1,0,0.0,0.0,463.0
2849,2,0,0.0,0.0,1142.5
2850,1,0,0.0,0.0,1329.0
2851,2,0,0.0,0.0,825.5
2852,5,0,0.0,0.0,423.2
2853,4,0,0.0,0.0,741.0
2854,4,0,0.0,0.0,563.25
2856,1,0,0.0,0.0,203.0
2857,1,0,0.0,0.0,1488.0
2860,1,0,0.0,0.0,326.0
2861,7,0,0.0,0.0,1064.857142857143
2862,4,0,0.0,0.0,515.75
6725,1,0,0.0,0.0,1431.0
6727,1,0,0.0,0.0,711.0
6728,2,0,0.0,0.0,1164.0
6729,1,0,0.0,0.0,927.0
6730,3,0,0.0,0.0,1042.0
6733,3,0,0.0,0.0,775.0
6735,4,0,0.0,0.0,757.25
6737,5,0,0.0,0.0,715.0
6739,1,0,0.0,0.0,1070.0
6740,5,0,0.0,0.0,1028.4
6741,1,0,0.0,0.0,296.0
6742,3,0,0.0,0.0,952.6666666666666
6746,2,0,0.0,0.0,1391.0
6749,2,0,0.0,0.0,932.0
6753,1,0,0.0,0.0,999.0
6757,1,0,0.0,0.0,994.0
6758,2,0,0.0,0.0,863.0
6759,3,0,0.0,0.0,570.0
6761,1,0,0.0,0.0,1386.0
6762,5,0,0.0,0.0,1031.2
6763,2,0,0.0,0.0,857.0
6765,3,0,0.0,0.0,1108.3333333333333
6766,1,0,0.0,0.0,596.0
6769,1,0,0.0,0.0,1527.0
6770,3,0,0.0,0.0,495.6666666666667
6774,2,0,0.0,0.0,418.0
6777,4,0,0.0,0.0,1181.75
6778,1,0,0.0,0.0,470.0
6779,3,0,0.0,0.0,1127.3333333333333
4671,2,0,0.0,0.0,270.0
4672,1,0,0.0,0.0,1652.0
4673,1,0,0.0,0.0,31.0
4675,2,0,0.0,0.0,1073.0
4678,2,0,0.0,0.0,70.0
4679,4,0,0.0,0.0,497.25
4681,3,0,0.0,0.0,1204.6666666666667
4682,1,0,0.0,0.0,751.0
4683,1,0,0.0,0.0,899.0
4684,2,0,0.0,0.0,160.5
4685,2,0,0.0,0.0,1594.0
4686,2,0,0.0,0.0,1385.0
6783,2,0,0.0,0.0,1664.0
6784,2,0,0.0,0.0,818.5
6785,1,0,0.0,0.0,1536.0
6789,2,0,0.0,0.0,967.0
6792,2,0,0.0,0.0,826.5
6795,2,0,0.0,0.0,884.0
6796,2,0,0.0,0.0,382.0
2826,3,0,0.0,0.0,699.6666666666666
2827,2,0,0.0,0.0,898.5
2828,1,0,0.0,0.0,571.0
2830,2,0,0.0,0.0,1276.5
2834,1,0,0.0,0.0,1679.0
2836,1,0,0.0,0.0,1182.0
2837,1,0,0.0,0.0,1571.0
2839,5,0,0.0,0.0,1044.0
2843,2,0,0.0,0.0,775.0
6797,1,0,0.0,0.0,440.0
6799,3,0,0.0,0.0,1144.6666666666667
6800,4,0,0.0,0.0,1009.75
6802,5,0,0.0,0.0,1226.8
6805,1,0,0.0,0.0,487.0
6807,2,0,0.0,0.0,1437.5
6810,1,0,0.0,0.0,523.0
6811,1,0,0.0,0.0,453.0
6816,2,0,0.0,0.0,834.0
1389,2,0,0.0,0.0,1396.5
1390,4,0,0.0,0.0,1203.75
1391,4,0,0.0,0.0,1169.5
1393,2,0,0.0,0.0,1135.0
1394,3,0,0.0,0.0,821.3333333333334
1396,1,0,0.0,0.0,1685.0
1399,2,0,0.0,0.0,147.5
1401,3,0,0.0,0.0,1047.0
1402,3,0,0.0,0.0,1374.3333333333333
6817,3,0,0.0,0.0,1250.6666666666667
6820,1,0,0.0,0.0,433.0
6821,1,0,0.0,0.0,1029.0
6822,1,0,0.0,0.0,418.0
6823,1,0,0.0,0.0,499.0
6824,2,0,0.0,0.0,725.0
6826,2,0,0.0,0.0,1352.0
6827,1,0,0.0,0.0,1049.0
6829,1,0,0.0,0.0,1089.0
6831,2,0,0.0,0.0,1465.5
6832,2,0,0.0,0.0,1723.0
6834,4,0,0.0,0.0,978.25
6835,6,0,0.0,0.0,594.1666666666666
6836,3,0,0.0,0.0,995.6666666666666
2805,1,0,0.0,0.0,868.0
2806,1,0,0.0,0.0,1526.0
2807,1,0,0.0,0.0,524.0
2808,3,0,0.0,0.0,1397.3333333333333
2809,1,0,0.0,0.0,1097.0
2815,3,0,0.0,0.0,1242.3333333333333
2820,2,0,0.0,0.0,285.5
2822,3,0,0.0,0.0,769.3333333333334
2823,1,0,0.0,0.0,997.0
2825,4,0,0.0,0.0,998.0
6841,5,0,0.0,0.0,649.8
6842,4,0,0.0,0.0,1160.0
6843,2,0,0.0,0.0,653.0
6844,3,0,0.0,0.0,634.3333333333334
6846,2,0,0.0,0.0,1370.0
6847,4,0,0.0,0.0,719.75
6848,1,0,0.0,0.0,1207.0
6852,1,0,0.0,0.0,568.0
6853,4,0,0.0,0.0,1145.5
6855,2,0,0.0,0.0,1169.5
3606,3,0,0.0,0.0,1439.0
3607,5,0,0.0,0.0,824.4
3925,3,0,0.0,0.0,596.6666666666666
3926,2,0,0.0,0.0,1115.5
3929,1,0,0.0,0.0,463.0
3932,2,0,0.0,0.0,1035.5
3940,1,0,0.0,0.0,1643.0
6859,1,0,0.0,0.0,83.0
6860,2,0,0.0,0.0,252.5
6865,1,0,0.0,0.0,1062.0
6866,7,0,0.0,0.0,976.5714285714286
6868,2,0,0.0,0.0,1274.0
6870,1,0,0.0,0.0,760.0
6871,2,0,0.0,0.0,1149.5
6873,2,0,0.0,0.0,1693.0
6874,6,0,0.0,0.0,1114.8333333333333
6876,2,0,0.0,0.0,1238.5
6877,4,0,0.0,0.0,951.5
6879,3,0,0.0,0.0,950.6666666666666
6880,5,0,0.0,0.0,1030.4
6882,2,0,0.0,0.0,303.5
4650,1,0,0.0,0.0,251.0
4651,3,0,0.0,0.0,1316.6666666666667
4655,1,0,0.0,0.0,1408.0
4656,1,0,0.0,0.0,1363.0
4658,2,0,0.0,0.0,401.0
4659,1,0,0.0,0.0,1196.0
4661,3,0,0.0,0.0,1113.0
4663,3,0,0.0,0.0,1298.6666666666667
4664,2,0,0.0,0.0,687.5
4666,3,0,0.0,0.0,1276.6666666666667
4667,2,0,0.0,0.0,1073.0
4668,2,0,0.0,0.0,574.5
4669,4,0,0.0,0.0,1384.25
6886,1,0,0.0,0.0,1694.0
6887,2,0,0.0,0.0,389.0
6888,1,0,0.0,0.0,1266.0
6889,2,0,0.0,0.0,1122.0
6890,4,0,0.0,0.0,744.25
6892,3,0,0.0,0.0,752.0
6893,1,0,0.0,0.0,1521.0
6894,3,0,0.0,0.0,648.0
6900,2,0,0.0,0.0,616.5
6901,2,0,0.0,0.0,1226.5
6903,3,0,0.0,0.0,1245.0
6904,2,0,0.0,0.0,543.0
6905,3,0,0.0,0.0,358.6666666666667
2803,1,0,0.0,0.0,1282.0
1858,2,0,0.0,0.0,1166.5
1859,4,0,0.0,0.0,841.5
1860,1,0,0.0,0.0,305.0
1863,3,0,0.0,0.0,744.3333333333334
1864,2,0,0.0,0.0,1329.0
1869,2,0,0.0,0.0,1022.5
1870,2,0,0.0,0.0,719.0
1871,2,0,0.0,0.0,1441.5
1872,5,0,0.0,0.0,978.4
6910,1,0,0.0,0.0,1435.0
6911,1,0,0.0,0.0,890.0
6914,4,0,0.0,0.0,762.25
6915,3,0,0.0,0.0,1147.0
6916,3,0,0.0,0.0,822.6666666666666
6919,3,0,0.0,0.0,545.6666666666666
6920,2,0,0.0,0.0,673.5
6924,1,0,0.0,0.0,1562.0
6928,6,0,0.0,0.0,1105.1666666666667
6929,2,0,0.0,0.0,613.5
6930,3,0,0.0,0.0,723.6666666666666
6933,5,0,0.0,0.0,986.6
6934,4,0,0.0,0.0,717.0
6935,1,0,0.0,0.0,948.0
6936,4,0,0.0,0.0,1030.25
6938,1,0,0.0,0.0,1419.0
6940,4,0,0.0,0.0,843.0
6945,4,0,0.0,0.0,803.75
6948,2,0,0.0,0.0,430.5
6949,2,0,0.0,0.0,755.5
6951,1,0,0.0,0.0,416.0
6954,2,0,0.0,0.0,931.0
6956,1,0,0.0,0.0,1270.0
6957,2,0,0.0,0.0,605.0
6958,4,0,0.0,0.0,993.25
6960,1,0,0.0,0.0,1782.0
6962,3,0,0.0,0.0,1089.6666666666667
6965,5,0,0.0,0.0,956.0
6966,3,0,0.0,0.0,878.0
4620,2,0,0.0,0.0,248.5
4626,5,0,0.0,0.0,959.0
4627,4,0,0.0,0.0,426.0
4628,2,0,0.0,0.0,1355.5
4630,1,0,0.0,0.0,405.0
4637,2,0,0.0,0.0,627.5
4640,3,0,0.0,0.0,1518.0
4641,3,0,0.0,0.0,965.0
4644,2,0,0.0,0.0,1357.0
4645,3,0,0.0,0.0,675.6666666666666
4646,2,0,0.0,0.0,1147.0
6968,2,0,0.0,0.0,894.5
6970,1,0,0.0,0.0,228.0
6971,6,0,0.0,0.0,703.0
6973,2,0,0.0,0.0,890.5
6975,1,0,0.0,0.0,239.0
6977,1,0,0.0,0.0,827.0
6980,2,0,0.0,0.0,678.5
6981,1,0,0.0,0.0,928.0
6982,5,0,0.0,0.0,615.2
6983,2,0,0.0,0.0,833.5
6991,1,0,0.0,0.0,746.0
6994,4,0,0.0,0.0,795.25
6995,3,0,0.0,0.0,1040.3333333333333
6999,2,0,0.0,0.0,632.0
7000,2,0,0.0,0.0,752.0
7004,2,0,0.0,0.0,1378.0
2781,2,0,0.0,0.0,1144.0
2782,3,0,0.0,0.0,1083.3333333333333
2784,2,0,0.0,0.0,1345.5
2785,4,0,0.0,0.0,534.75
2791,2,0,0.0,0.0,642.5
2792,3,0,0.0,0.0,904.3333333333334
2795,2,0,0.0,0.0,1523.0
7006,3,0,0.0,0.0,1388.6666666666667
7007,3,0,0.0,0.0,450.3333333333333
1371,2,0,0.0,0.0,210.5
1374,3,0,0.0,0.0,278.6666666666667
1375,1,0,0.0,0.0,1021.0
1376,2,0,0.0,0.0,694.5
1377,1,0,0.0,0.0,1043.0
1383,1,0,0.0,0.0,1319.0
1384,3,0,0.0,0.0,1196.3333333333333
7009,3,0,0.0,0.0,1317.3333333333333
7013,1,0,0.0,0.0,1240.0
7014,3,0,0.0,0.0,365.3333333333333
1755,2,0,0.0,0.0,660.5
3591,2,0,0.0,0.0,398.0
3596,4,0,0.0,0.0,1230.0
3601,3,0,0.0,0.0,673.3333333333334
3602,1,0,0.0,0.0,1527.0
3603,2,0,0.0,0.0,1444.0
3604,2,0,0.0,0.0,895.0
7016,4,0,0.0,0.0,938.25
7017,2,0,0.0,0.0,946.5
7019,2,0,0.0,0.0,231.0
7020,1,0,0.0,0.0,837.0
7021,3,0,0.0,0.0,960.6666666666666
7022,4,0,0.0,0.0,705.5
7023,1,0,0.0,0.0,1487.0
7026,1,0,0.0,0.0,274.0
7027,3,0,0.0,0.0,1181.3333333333333
7029,1,0,0.0,0.0,443.0
7033,1,0,0.0,0.0,1129.0
7034,1,0,0.0,0.0,799.0
7035,2,0,0.0,0.0,884.0
7037,4,0,0.0,0.0,1007.5
3388,4,0,0.0,0.0,1057.75
3389,2,0,0.0,0.0,518.0
3390,2,0,0.0,0.0,422.5
3395,2,0,0.0,0.0,980.5
3396,1,0,0.0,0.0,694.0
3397,1,0,0.0,0.0,659.0
3399,3,0,0.0,0.0,969.6666666666666
3400,2,0,0.0,0.0,722.0
4607,1,0,0.0,0.0,148.0
4612,2,0,0.0,0.0,823.0
4613,2,0,0.0,0.0,381.0
4615,2,0,0.0,0.0,889.5
4617,2,0,0.0,0.0,709.5
7038,5,0,0.0,0.0,455.6
7041,2,0,0.0,0.0,322.5
7042,1,0,0.0,0.0,361.0
7043,6,0,0.0,0.0,1017.3333333333334
7046,3,0,0.0,0.0,811.3333333333334
7048,2,0,0.0,0.0,758.5
7049,4,0,0.0,0.0,1049.75
7052,2,0,0.0,0.0,92.0
7059,1,0,0.0,0.0,312.0
2763,2,0,0.0,0.0,639.5
2764,2,0,0.0,0.0,83.5
2765,1,0,0.0,0.0,99.0
2767,3,0,0.0,0.0,597.0
2768,1,0,0.0,0.0,766.0
2773,3,0,0.0,0.0,1019.6666666666666
2774,1,0,0.0,0.0,738.0
2776,1,0,0.0,0.0,75.0
2777,1,0,0.0,0.0,759.0
2778,2,0,0.0,0.0,263.5
2779,2,0,0.0,0.0,498.0
7068,2,0,0.0,0.0,797.5
7070,3,0,0.0,0.0,918.3333333333334
7075,2,0,0.0,0.0,1060.5
7076,1,0,0.0,0.0,532.0
7079,1,0,0.0,0.0,1013.0
7083,2,0,0.0,0.0,590.5
7084,2,0,0.0,0.0,1112.5
7086,4,0,0.0,0.0,1328.5
7087,2,0,0.0,0.0,1279.5
7088,1,0,0.0,0.0,874.0
7089,2,0,0.0,0.0,737.5
7090,1,0,0.0,0.0,246.0
7091,4,0,0.0,0.0,1061.0
7093,3,0,0.0,0.0,806.0
7095,3,0,0.0,0.0,455.6666666666667
7103,2,0,0.0,0.0,1378.0
7104,1,0,0.0,0.0,749.0
7109,1,0,0.0,0.0,87.0
1354,1,0,0.0,0.0,989.0
1355,3,0,0.0,0.0,953.6666666666666
1358,1,0,0.0,0.0,588.0
1359,2,0,0.0,0.0,1017.5
1364,2,0,0.0,0.0,1467.0
1367,2,0,0.0,0.0,609.0
1369,1,0,0.0,0.0,470.0
7112,4,0,0.0,0.0,677.75
2741,1,0,0.0,0.0,1510.0
2750,2,0,0.0,0.0,485.5
2752,3,0,0.0,0.0,1571.3333333333333
7113,1,0,0.0,0.0,1608.0
7114,3,0,0.0,0.0,403.3333333333333
7115,3,0,0.0,0.0,720.3333333333334
7116,2,0,0.0,0.0,921.0
7117,1,0,0.0,0.0,80.0
4603,3,0,0.0,0.0,1138.0
1638,2,0,0.0,0.0,953.0
1639,3,0,0.0,0.0,611.3333333333334
1642,2,0,0.0,0.0,1340.5
1643,2,0,0.0,0.0,974.5
1648,2,0,0.0,0.0,1176.0
1651,2,0,0.0,0.0,1019.0
1652,4,0,0.0,0.0,793.5
1653,1,0,0.0,0.0,1105.0
1655,2,0,0.0,0.0,981.0
4606,5,0,0.0,0.0,1109.8
3385,2,0,0.0,0.0,1460.0
7124,3,0,0.0,0.0,870.6666666666666
7125,4,0,0.0,0.0,425.75
7131,5,0,0.0,0.0,709.0
7135,6,0,0.0,0.0,1189.5
7136,3,0,0.0,0.0,188.0
7137,3,0,0.0,0.0,670.3333333333334
7140,2,0,0.0,0.0,389.0
7141,5,0,0.0,0.0,815.2
7143,1,0,0.0,0.0,535.0
7146,4,0,0.0,0.0,1005.5
7149,3,0,0.0,0.0,1414.0
7154,1,0,0.0,0.0,629.0
7156,2,0,0.0,0.0,1405.5
7157,1,0,0.0,0.0,851.0
7158,3,0,0.0,0.0,1251.3333333333333
7159,3,0,0.0,0.0,1066.3333333333333
7163,2,0,0.0,0.0,563.0
7167,3,0,0.0,0.0,445.0
7168,2,0,0.0,0.0,764.0
7169,1,0,0.0,0.0,828.0
7172,1,0,0.0,0.0,632.0
7174,6,0,0.0,0.0,830.1666666666666
7175,1,0,0.0,0.0,1627.0
2723,1,0,0.0,0.0,1776.0
2724,4,0,0.0,0.0,679.5
2725,1,0,0.0,0.0,1624.0
2729,2,0,0.0,0.0,1391.5
2731,1,0,0.0,0.0,713.0
2734,4,0,0.0,0.0,684.25
3917,1,0,0.0,0.0,553.0
3919,2,0,0.0,0.0,1183.5
1741,5,0,0.0,0.0,1457.6
1743,3,0,0.0,0.0,566.0
1744,1,0,0.0,0.0,1599.0
1748,3,0,0.0,0.0,833.6666666666666
1750,1,0,0.0,0.0,1003.0
1752,1,0,0.0,0.0,201.0
1753,1,0,0.0,0.0,1099.0
1754,3,0,0.0,0.0,1398.3333333333333
7180,3,0,0.0,0.0,1187.0
7181,1,0,0.0,0.0,455.0
7182,3,0,0.0,0.0,825.3333333333334
7183,2,0,0.0,0.0,1526.0
7184,3,0,0.0,0.0,1300.3333333333333
7186,1,0,0.0,0.0,1433.0
7188,1,0,0.0,0.0,1390.0
7191,1,0,0.0,0.0,1503.0
7193,1,0,0.0,0.0,1334.0
7196,1,0,0.0,0.0,673.0
7197,2,0,0.0,0.0,833.0
7198,5,0,0.0,0.0,1082.2
7199,2,0,0.0,0.0,399.0
7200,2,0,0.0,0.0,385.5
7203,4,0,0.0,0.0,800.5
7206,1,0,0.0,0.0,1366.0
7207,3,0,0.0,0.0,1365.0
7208,4,0,0.0,0.0,1190.5
7212,6,0,0.0,0.0,759.5
7220,4,0,0.0,0.0,1419.0
7221,1,0,0.0,0.0,827.0
7222,1,0,0.0,0.0,934.0
7223,2,0,0.0,0.0,743.5
7228,2,0,0.0,0.0,1007.0
7231,3,0,0.0,0.0,694.3333333333334
7233,2,0,0.0,0.0,1246.0
7236,1,0,0.0,0.0,1011.0
7238,3,0,0.0,0.0,974.3333333333334
7239,2,0,0.0,0.0,1077.5
7240,5,0,0.0,0.0,1190.8
7241,1,0,0.0,0.0,1521.0
7243,2,0,0.0,0.0,1230.5
7244,1,0,0.0,0.0,648.0
2702,1,0,0.0,0.0,1472.0
2704,4,0,0.0,0.0,569.25
2706,2,0,0.0,0.0,1131.5
4576,3,0,0.0,0.0,1071.3333333333333
4578,2,0,0.0,0.0,1621.0
4580,2,0,0.0,0.0,652.5
4585,4,0,0.0,0.0,317.25
4586,3,0,0.0,0.0,575.6666666666666
4588,1,0,0.0,0.0,1106.0
4592,3,0,0.0,0.0,225.33333333333334
4593,1,0,0.0,0.0,1303.0
4594,1,0,0.0,0.0,1336.0
4601,3,0,0.0,0.0,723.6666666666666
4602,3,0,0.0,0.0,441.6666666666667
2713,1,0,0.0,0.0,1472.0
2715,1,0,0.0,0.0,331.0
2718,1,0,0.0,0.0,894.0
2720,1,0,0.0,0.0,527.0
1338,2,0,0.0,0.0,780.5
1340,1,0,0.0,0.0,1255.0
1341,1,0,0.0,0.0,102.0
1342,2,0,0.0,0.0,811.0
1344,3,0,0.0,0.0,1010.3333333333334
1346,4,0,0.0,0.0,857.25
1353,3,0,0.0,0.0,1327.6666666666667
7247,3,0,0.0,0.0,1073.0
7250,3,0,0.0,0.0,1008.0
7253,5,0,0.0,0.0,1064.8
7256,1,0,0.0,0.0,470.0
7257,2,0,0.0,0.0,34.5
7258,3,0,0.0,0.0,1272.6666666666667
7264,3,0,0.0,0.0,814.6666666666666
7266,2,0,0.0,0.0,126.0
7267,2,0,0.0,0.0,1637.0
7268,1,0,0.0,0.0,1426.0
7270,3,0,0.0,0.0,885.6666666666666
7273,1,0,0.0,0.0,1587.0
7276,1,0,0.0,0.0,32.0
7278,2,0,0.0,0.0,1204.0
7279,1,0,0.0,0.0,1259.0
3895,1,0,0.0,0.0,1534.0
3896,3,0,0.0,0.0,1115.3333333333333
3898,3,0,0.0,0.0,1342.6666666666667
3899,1,0,0.0,0.0,83.0
3900,5,0,0.0,0.0,1128.6
3901,3,0,0.0,0.0,596.0
3902,4,0,0.0,0.0,776.25
3903,1,0,0.0,0.0,310.0
3904,2,0,0.0,0.0,692.0
3906,2,0,0.0,0.0,899.0
3911,2,0,0.0,0.0,1285.5
3912,1,0,0.0,0.0,1022.0
3913,3,0,0.0,0.0,749.6666666666666
7285,3,0,0.0,0.0,1065.3333333333333
7286,2,0,0.0,0.0,1087.5
7289,2,0,0.0,0.0,422.5
7290,2,0,0.0,0.0,206.0
7291,2,0,0.0,0.0,585.0
7292,2,0,0.0,0.0,614.0
7294,3,0,0.0,0.0,461.0
7295,3,0,0.0,0.0,481.0
7300,1,0,0.0,0.0,1521.0
7301,2,0,0.0,0.0,1730.5
7302,1,0,0.0,0.0,1421.0
7305,4,0,0.0,0.0,302.5
1875,1,0,0.0,0.0,776.0
1876,1,0,0.0,0.0,1091.0
1877,2,0,0.0,0.0,1148.0
1879,2,0,0.0,0.0,1433.5
1882,1,0,0.0,0.0,1632.0
1884,6,0,0.0,0.0,1031.3333333333333
1887,2,0,0.0,0.0,975.0
1888,2,0,0.0,0.0,1045.0
1891,5,0,0.0,0.0,735.0
1892,1,0,0.0,0.0,1431.0
2699,2,0,0.0,0.0,340.5
2700,4,0,0.0,0.0,1128.25
7306,2,0,0.0,0.0,543.0
7307,2,0,0.0,0.0,533.5
7311,5,0,0.0,0.0,1226.4
7314,2,0,0.0,0.0,544.0
7316,4,0,0.0,0.0,369.0
7318,6,0,0.0,0.0,488.1666666666667
7320,2,0,0.0,0.0,677.0
7328,3,0,0.0,0.0,1020.6666666666666
7329,3,0,0.0,0.0,772.0
7330,2,0,0.0,0.0,1250.0
7331,2,0,0.0,0.0,1322.5
7334,6,0,0.0,0.0,964.1666666666666
7335,4,0,0.0,0.0,1124.0
7337,1,0,0.0,0.0,1049.0
7338,1,0,0.0,0.0,1475.0
7342,5,0,0.0,0.0,963.8
7347,1,0,0.0,0.0,988.0
7350,1,0,0.0,0.0,503.0
7352,1,0,0.0,0.0,843.0
7355,3,0,0.0,0.0,1171.3333333333333
7357,2,0,0.0,0.0,604.5
7359,4,0,0.0,0.0,738.0
2677,1,0,0.0,0.0,1169.0
2679,2,0,0.0,0.0,410.0
2683,2,0,0.0,0.0,833.5
2685,3,0,0.0,0.0,1059.3333333333333
2686,2,0,0.0,0.0,1450.5
2687,4,0,0.0,0.0,939.75
2694,2,0,0.0,0.0,1114.0
2695,2,0,0.0,0.0,926.0
2696,4,0,0.0,0.0,879.75
2697,2,0,0.0,0.0,1439.5
7361,1,0,0.0,0.0,495.0
7362,1,0,0.0,0.0,843.0
7364,3,0,0.0,0.0,1379.6666666666667
7365,2,0,0.0,0.0,1252.0
7366,3,0,0.0,0.0,694.0
7368,1,0,0.0,0.0,577.0
4550,1,0,0.0,0.0,433.0
4551,4,0,0.0,0.0,1316.0
4552,1,0,0.0,0.0,53.0
4553,1,0,0.0,0.0,1538.0
4556,4,0,0.0,0.0,981.25
4557,3,0,0.0,0.0,1608.3333333333333
4558,1,0,0.0,0.0,1478.0
4560,2,0,0.0,0.0,1347.5
4562,4,0,0.0,0.0,875.75
4565,1,0,0.0,0.0,319.0
4566,2,0,0.0,0.0,308.5
4567,4,0,0.0,0.0,1241.25
4568,3,0,0.0,0.0,1458.6666666666667
4573,5,0,0.0,0.0,812.6
4574,2,0,0.0,0.0,700.0
7370,2,0,0.0,0.0,429.5
7371,1,0,0.0,0.0,1441.0
7374,2,0,0.0,0.0,1303.5
7376,3,0,0.0,0.0,951.3333333333334
7378,3,0,0.0,0.0,728.3333333333334
7379,3,0,0.0,0.0,1344.6666666666667
1325,7,0,0.0,0.0,898.2857142857143
1326,2,0,0.0,0.0,1302.5
1328,4,0,0.0,0.0,1012.0
1330,2,0,0.0,0.0,805.0
1333,1,0,0.0,0.0,1202.0
7380,4,0,0.0,0.0,991.75
7381,2,0,0.0,0.0,253.5
7382,3,0,0.0,0.0,647.0
7383,2,0,0.0,0.0,426.0
7386,1,0,0.0,0.0,106.0
7387,1,0,0.0,0.0,132.0
7392,2,0,0.0,0.0,1397.0
7394,2,0,0.0,0.0,809.0
7398,1,0,0.0,0.0,774.0
7399,2,0,0.0,0.0,510.5
7403,2,0,0.0,0.0,887.5
7404,4,0,0.0,0.0,763.25
7405,1,0,0.0,0.0,976.0
7406,1,0,0.0,0.0,1133.0
7407,2,0,0.0,0.0,806.0
7408,1,0,0.0,0.0,320.0
7409,1,0,0.0,0.0,541.0
7410,2,0,0.0,0.0,1041.5
7414,1,0,0.0,0.0,263.0
7415,7,0,0.0,0.0,676.4285714285714
7416,1,0,0.0,0.0,345.0
7417,2,0,0.0,0.0,615.0
7419,1,0,0.0,0.0,419.0
7420,4,0,0.0,0.0,682.0
2660,2,0,0.0,0.0,1030.5
2661,1,0,0.0,0.0,615.0
2662,2,0,0.0,0.0,599.0
2664,2,0,0.0,0.0,706.0
2670,2,0,0.0,0.0,1050.0
2673,2,0,0.0,0.0,1122.0
2675,3,0,0.0,0.0,671.0
2676,2,0,0.0,0.0,605.5
7421,3,0,0.0,0.0,1034.0
7422,2,0,0.0,0.0,732.5
7424,2,0,0.0,0.0,266.0
7425,1,0,0.0,0.0,1535.0
7426,3,0,0.0,0.0,1279.3333333333333
6814,4,0,0.0,0.0,1121.25
7430,3,0,0.0,0.0,1536.6666666666667
7431,2,0,0.0,0.0,1123.5
7432,2,0,0.0,0.0,1131.0
7438,1,0,0.0,0.0,417.0
7440,3,0,0.0,0.0,834.0
7441,2,0,0.0,0.0,1407.0
7442,1,0,0.0,0.0,820.0
7443,1,0,0.0,0.0,986.0
7444,5,0,0.0,0.0,844.4
7445,5,0,0.0,0.0,1114.2
7446,2,0,0.0,0.0,1172.0
7447,3,0,0.0,0.0,407.6666666666667
7448,3,0,0.0,0.0,806.3333333333334
7449,4,0,0.0,0.0,747.75
1027,4,0,0.0,0.0,1235.5
7451,7,0,0.0,0.0,798.5714285714286
7452,4,0,0.0,0.0,809.25
7453,2,0,0.0,0.0,1067.5
7455,4,0,0.0,0.0,979.5
7456,4,0,0.0,0.0,1127.0
7459,2,0,0.0,0.0,617.0
7460,3,0,0.0,0.0,810.3333333333334
7463,1,0,0.0,0.0,1207.0
7464,2,0,0.0,0.0,1066.5
7467,2,0,0.0,0.0,572.0
7470,2,0,0.0,0.0,1027.0
7471,1,0,0.0,0.0,1207.0
7474,2,0,0.0,0.0,434.0
7475,3,0,0.0,0.0,593.3333333333334
7478,5,0,0.0,0.0,692.0
7479,2,0,0.0,0.0,760.0
7480,2,0,0.0,0.0,834.5
7481,3,0,0.0,0.0,1385.3333333333333
7482,1,0,0.0,0.0,1649.0
7483,3,0,0.0,0.0,368.3333333333333
7484,3,0,0.0,0.0,512.6666666666666
7485,2,0,0.0,0.0,713.5
7487,2,0,0.0,0.0,1473.5
7488,2,0,0.0,0.0,559.5
7490,4,0,0.0,0.0,374.75
7492,1,0,0.0,0.0,1145.0
2639,2,0,0.0,0.0,843.0
2640,4,0,0.0,0.0,713.75
2642,2,0,0.0,0.0,1379.5
2643,2,0,0.0,0.0,932.0
2645,2,0,0.0,0.0,614.0
3548,2,0,0.0,0.0,1069.5
4541,4,0,0.0,0.0,1027.25
4545,1,0,0.0,0.0,209.0
4547,2,0,0.0,0.0,1379.0
3401,3,0,0.0,0.0,1012.6666666666666
3408,4,0,0.0,0.0,1382.25
3410,2,0,0.0,0.0,1249.0
3411,2,0,0.0,0.0,673.0
3413,2,0,0.0,0.0,374.5
3416,1,0,0.0,0.0,271.0
3417,2,0,0.0,0.0,1305.5
4549,2,0,0.0,0.0,1209.5
2651,3,0,0.0,0.0,1019.6666666666666
2652,2,0,0.0,0.0,1553.5
2653,1,0,0.0,0.0,597.0
2654,2,0,0.0,0.0,935.0
2655,2,0,0.0,0.0,1314.5
2657,4,0,0.0,0.0,1199.0
7498,3,0,0.0,0.0,1462.6666666666667
1305,2,0,0.0,0.0,1226.0
1306,3,0,0.0,0.0,689.6666666666666
1309,2,0,0.0,0.0,1045.0
1310,7,0,0.0,0.0,1459.0
1311,1,0,0.0,0.0,778.0
1313,2,0,0.0,0.0,967.0
1314,1,0,0.0,0.0,218.0
1320,1,0,0.0,0.0,1029.0
7500,4,0,0.0,0.0,815.0
7501,1,0,0.0,0.0,1046.0
7502,5,0,0.0,0.0,475.2
7503,4,0,0.0,0.0,937.0
7504,3,0,0.0,0.0,451.0
7506,3,0,0.0,0.0,834.3333333333334
7511,4,0,0.0,0.0,756.25
7516,5,0,0.0,0.0,803.4
1020,4,0,0.0,0.0,1165.25
7520,3,0,0.0,0.0,856.6666666666666
7521,2,0,0.0,0.0,1272.0
7523,3,0,0.0,0.0,1074.0
7524,2,0,0.0,0.0,660.0
7527,2,0,0.0,0.0,623.0
7529,3,0,0.0,0.0,547.0
7530,4,0,0.0,0.0,928.5
7531,3,0,0.0,0.0,1237.0
7532,4,0,0.0,0.0,1134.5
7534,2,0,0.0,0.0,1153.5
7535,3,0,0.0,0.0,894.3333333333334
7536,3,0,0.0,0.0,1137.3333333333333
7540,1,0,0.0,0.0,919.0
7541,3,0,0.0,0.0,1009.6666666666666
7547,5,0,0.0,0.0,590.0
9953,2,0,0.0,0.0,567.0
7551,1,0,0.0,0.0,1427.0
7554,3,0,0.0,0.0,626.6666666666666
7557,4,0,0.0,0.0,813.75
3878,3,0,0.0,0.0,1189.6666666666667
3879,1,0,0.0,0.0,1335.0
9986,1,0,0.0,0.0,1794.0
3610,2,0,0.0,0.0,517.0
3612,2,0,0.0,0.0,339.5
3614,2,0,0.0,0.0,716.5
3616,2,0,0.0,0.0,872.5
3618,5,0,0.0,0.0,865.0
3620,1,0,0.0,0.0,1016.0
9968,2,0,0.0,0.0,729.0
9981,1,0,0.0,0.0,179.0
3625,3,0,0.0,0.0,617.6666666666666
3628,2,0,0.0,0.0,1099.0
7559,1,0,0.0,0.0,1265.0
7560,2,0,0.0,0.0,1024.5
7563,2,0,0.0,0.0,700.5
7565,3,0,0.0,0.0,770.3333333333334
7566,4,0,0.0,0.0,1368.0
9988,6,0,0.0,0.0,785.0
7570,3,0,0.0,0.0,626.3333333333334
9989,2,0,0.0,0.0,947.0
7573,4,0,0.0,0.0,832.25
7575,1,0,0.0,0.0,1506.0
7577,3,0,0.0,0.0,772.0
7579,3,0,0.0,0.0,1037.3333333333333
1001,1,0,0.0,0.0,996.0
2623,2,0,0.0,0.0,1260.0
2624,2,0,0.0,0.0,1513.5
2625,3,0,0.0,0.0,832.3333333333334
2626,4,0,0.0,0.0,944.0
2627,4,0,0.0,0.0,984.25
2628,4,0,0.0,0.0,888.0
1961,2,0,0.0,0.0,929.0
2630,4,0,0.0,0.0,981.75
1962,1,0,0.0,0.0,1083.0
2634,2,0,0.0,0.0,1172.0
2635,3,0,0.0,0.0,1315.6666666666667
2637,2,0,0.0,0.0,631.5
2638,1,0,0.0,0.0,1029.0
7583,3,0,0.0,0.0,710.0
4537,2,0,0.0,0.0,646.0
4540,2,0,0.0,0.0,1666.0
4135,3,0,0.0,0.0,1386.3333333333333
4137,1,0,0.0,0.0,831.0
4141,3,0,0.0,0.0,690.6666666666666
4144,2,0,0.0,0.0,703.5
4147,2,0,0.0,0.0,611.0
3532,1,0,0.0,0.0,55.0
3533,1,0,0.0,0.0,349.0
3538,1,0,0.0,0.0,1528.0
3540,2,0,0.0,0.0,1545.0
3542,1,0,0.0,0.0,1770.0
3546,2,0,0.0,0.0,1225.0
3547,2,0,0.0,0.0,903.0
7584,4,0,0.0,0.0,623.75
7585,1,0,0.0,0.0,1151.0
7590,5,0,0.0,0.0,656.4
7592,2,0,0.0,0.0,772.0
7593,1,0,0.0,0.0,1421.0
7594,1,0,0.0,0.0,1680.0
7596,4,0,0.0,0.0,623.5
7597,2,0,0.0,0.0,1189.0
7598,1,0,0.0,0.0,171.0
7602,1,0,0.0,0.0,117.0
1289,2,0,0.0,0.0,554.5
1293,2,0,0.0,0.0,606.5
1294,1,0,0.0,0.0,443.0
1964,2,0,0.0,0.0,1213.5
1296,1,0,0.0,0.0,1305.0
1297,2,0,0.0,0.0,966.5
9996,2,0,0.0,0.0,970.5
1299,3,0,0.0,0.0,1063.3333333333333
1300,4,0,0.0,0.0,1095.75
1301,2,0,0.0,0.0,839.5
7605,1,0,0.0,0.0,39.0
7607,1,0,0.0,0.0,1289.0
7610,1,0,0.0,0.0,967.0
7613,5,0,0.0,0.0,706.6
7614,2,0,0.0,0.0,858.5
7617,2,0,0.0,0.0,749.5
7619,2,0,0.0,0.0,1283.5
7620,1,0,0.0,0.0,1782.0
7621,3,0,0.0,0.0,391.3333333333333
7622,4,0,0.0,0.0,797.5
7625,2,0,0.0,0.0,821.5
7626,2,0,0.0,0.0,1034.0
7627,1,0,0.0,0.0,424.0
7630,1,0,0.0,0.0,166.0
7632,4,0,0.0,0.0,789.0
7635,3,0,0.0,0.0,706.0
7636,4,0,0.0,0.0,1268.75
7640,1,0,0.0,0.0,864.0
7641,2,0,0.0,0.0,1389.5
7642,1,0,0.0,0.0,1657.0
7643,2,0,0.0,0.0,908.5
7644,2,0,0.0,0.0,666.0
7645,3,0,0.0,0.0,1039.6666666666667
7647,1,0,0.0,0.0,1403.0
7648,3,0,0.0,0.0,592.0
7651,3,0,0.0,0.0,1024.0
7656,1,0,0.0,0.0,1372.0
7660,2,0,0.0,0.0,676.5
7663,2,0,0.0,0.0,1371.0
7664,1,0,0.0,0.0,152.0
7665,1,0,0.0,0.0,910.0
2604,5,0,0.0,0.0,850.6
2605,2,0,0.0,0.0,574.5
2606,2,0,0.0,0.0,402.5
2609,2,0,0.0,0.0,238.5
2610,2,0,0.0,0.0,792.0
2612,2,0,0.0,0.0,1165.5
2614,5,0,0.0,0.0,1362.0
2616,7,0,0.0,0.0,753.8571428571429
2617,2,0,0.0,0.0,777.0
2618,4,0,0.0,0.0,1000.5
2620,4,0,0.0,0.0,835.5
2621,4,0,0.0,0.0,1036.75
7666,1,0,0.0,0.0,772.0
7667,1,0,0.0,0.0,1440.0
7668,1,0,0.0,0.0,961.0
7670,1,0,0.0,0.0,1670.0
7671,3,0,0.0,0.0,785.0
7672,1,0,0.0,0.0,1716.0
7673,4,0,0.0,0.0,1290.5
7674,3,0,0.0,0.0,987.3333333333334
7675,3,0,0.0,0.0,328.6666666666667
7677,1,0,0.0,0.0,379.0
7679,1,0,0.0,0.0,1349.0
7681,2,0,0.0,0.0,1376.5
7683,1,0,0.0,0.0,1696.0
7684,2,0,0.0,0.0,1393.0
7686,1,0,0.0,0.0,192.0
7688,2,0,0.0,0.0,789.5
7690,2,0,0.0,0.0,1247.5
7691,2,0,0.0,0.0,726.0
7692,2,0,0.0,0.0,1034.5
7693,3,0,0.0,0.0,1166.6666666666667
7694,3,0,0.0,0.0,328.3333333333333
7698,6,0,0.0,0.0,1089.5
7700,4,0,0.0,0.0,723.25
7702,3,0,0.0,0.0,1139.0
7703,3,0,0.0,0.0,906.0
7704,1,0,0.0,0.0,1541.0
7707,1,0,0.0,0.0,1206.0
7708,3,0,0.0,0.0,597.3333333333334
7709,4,0,0.0,0.0,724.75
7713,3,0,0.0,0.0,552.6666666666666
7716,3,0,0.0,0.0,660.0
7718,2,0,0.0,0.0,819.5
2582,3,0,0.0,0.0,576.6666666666666
2587,8,0,0.0,0.0,616.5
2589,3,0,0.0,0.0,768.3333333333334
2592,4,0,0.0,0.0,1020.25
2594,3,0,0.0,0.0,747.6666666666666
9955,3,0,0.0,0.0,721.3333333333334
2598,2,0,0.0,0.0,294.0
2603,4,0,0.0,0.0,946.25
7720,2,0,0.0,0.0,1299.5
1273,1,0,0.0,0.0,697.0
9956,1,0,0.0,0.0,1312.0
1280,2,0,0.0,0.0,659.5
1281,3,0,0.0,0.0,879.3333333333334
9957,3,0,0.0,0.0,1180.0
1286,1,0,0.0,0.0,311.0
1287,3,0,0.0,0.0,816.3333333333334
1288,2,0,0.0,0.0,1229.0
7722,4,0,0.0,0.0,808.25
7723,2,0,0.0,0.0,996.5
1004,3,0,0.0,0.0,923.6666666666666
7728,3,0,0.0,0.0,1637.0
7730,1,0,0.0,0.0,261.0
7732,2,0,0.0,0.0,1550.0
7733,4,0,0.0,0.0,974.0
7735,3,0,0.0,0.0,1094.6666666666667
1024,2,0,0.0,0.0,774.0
7738,5,0,0.0,0.0,859.2
7739,2,0,0.0,0.0,913.5
7742,2,0,0.0,0.0,1423.5
7743,2,0,0.0,0.0,1150.5
7745,5,0,0.0,0.0,1012.4
7746,4,0,0.0,0.0,1317.5
7747,1,0,0.0,0.0,590.0
4511,4,0,0.0,0.0,714.5
4513,3,0,0.0,0.0,661.0
4515,1,0,0.0,0.0,835.0
4516,1,0,0.0,0.0,546.0
4519,2,0,0.0,0.0,608.0
4521,4,0,0.0,0.0,945.5
4525,1,0,0.0,0.0,739.0
4526,5,0,0.0,0.0,747.4
4528,3,0,0.0,0.0,1182.3333333333333
4530,5,0,0.0,0.0,1134.2
4531,5,0,0.0,0.0,1077.4
4533,2,0,0.0,0.0,1352.5
4534,4,0,0.0,0.0,986.25
4535,5,0,0.0,0.0,958.2
4536,2,0,0.0,0.0,1138.5
7748,1,0,0.0,0.0,1544.0
7749,4,0,0.0,0.0,959.75
7750,4,0,0.0,0.0,1437.5
7752,2,0,0.0,0.0,1606.5
1025,2,0,0.0,0.0,582.0
7754,1,0,0.0,0.0,993.0
1011,4,0,0.0,0.0,894.25
7757,3,0,0.0,0.0,710.3333333333334
7758,2,0,0.0,0.0,1674.5
7760,4,0,0.0,0.0,765.25
2565,3,0,0.0,0.0,906.3333333333334
2568,2,0,0.0,0.0,1507.5
1030,3,0,0.0,0.0,792.3333333333334
2570,6,0,0.0,0.0,652.1666666666666
2571,6,0,0.0,0.0,811.0
1032,4,0,0.0,0.0,973.75
2575,3,0,0.0,0.0,1460.0
2578,2,0,0.0,0.0,878.5
2579,1,0,0.0,0.0,789.0
2580,1,0,0.0,0.0,1285.0
2581,1,0,0.0,0.0,1603.0
7763,3,0,0.0,0.0,172.33333333333334
7764,2,0,0.0,0.0,752.5
7769,2,0,0.0,0.0,741.0
7770,2,0,0.0,0.0,1119.5
7771,4,0,0.0,0.0,577.0
1034,1,0,0.0,0.0,1748.0
9958,2,0,0.0,0.0,375.5
7775,3,0,0.0,0.0,674.0
7779,4,0,0.0,0.0,931.5
7780,3,0,0.0,0.0,974.0
7782,2,0,0.0,0.0,980.0
7783,2,0,0.0,0.0,754.0
7784,1,0,0.0,0.0,1113.0
7786,2,0,0.0,0.0,964.0
7788,2,0,0.0,0.0,562.5
7791,1,0,0.0,0.0,1513.0
7792,2,0,0.0,0.0,756.5
7793,1,0,0.0,0.0,1124.0
7794,4,0,0.0,0.0,1063.75
9995,1,0,0.0,0.0,164.0
7803,2,0,0.0,0.0,847.0
7806,2,0,0.0,0.0,115.0
7808,2,0,0.0,0.0,1256.0
7809,4,0,0.0,0.0,1127.0
7810,3,0,0.0,0.0,1519.0
7813,2,0,0.0,0.0,908.0
7815,3,0,0.0,0.0,907.3333333333334
7816,2,0,0.0,0.0,328.5
7818,3,0,0.0,0.0,1340.3333333333333
9966,2,0,0.0,0.0,1184.5
7820,2,0,0.0,0.0,1156.5
1254,1,0,0.0,0.0,306.0
1255,1,0,0.0,0.0,288.0
1256,1,0,0.0,0.0,1562.0
1257,2,0,0.0,0.0,916.5
1258,1,0,0.0,0.0,1623.0
1259,2,0,0.0,0.0,1049.0
1260,2,0,0.0,0.0,1362.0
1261,3,0,0.0,0.0,828.3333333333334
1263,4,0,0.0,0.0,800.25
1266,3,0,0.0,0.0,1164.3333333333333
1267,4,0,0.0,0.0,723.5
1895,1,0,0.0,0.0,1758.0
1897,1,0,0.0,0.0,1682.0
1898,3,0,0.0,0.0,951.6666666666666
1900,4,0,0.0,0.0,1045.0
1901,3,0,0.0,0.0,961.0
1902,2,0,0.0,0.0,756.5
1904,2,0,0.0,0.0,948.0
1905,1,0,0.0,0.0,561.0
1906,3,0,0.0,0.0,521.3333333333334
1907,1,0,0.0,0.0,1223.0
1909,3,0,0.0,0.0,1033.3333333333333
2562,1,0,0.0,0.0,1043.0
2563,3,0,0.0,0.0,518.0
7821,3,0,0.0,0.0,455.3333333333333
7822,4,0,0.0,0.0,773.5
7824,3,0,0.0,0.0,527.0
7825,3,0,0.0,0.0,1410.0
7826,4,0,0.0,0.0,1475.0
7829,2,0,0.0,0.0,721.5
7838,5,0,0.0,0.0,575.2
4945,4,0,0.0,0.0,879.5
7844,3,0,0.0,0.0,485.3333333333333
7845,3,0,0.0,0.0,1479.6666666666667
4488,2,0,0.0,0.0,1064.0
4489,1,0,0.0,0.0,141.0
4490,4,0,0.0,0.0,1242.0
4494,1,0,0.0,0.0,1135.0
4497,5,0,0.0,0.0,1014.2
4499,2,0,0.0,0.0,190.5
4500,2,0,0.0,0.0,637.5
4501,6,0,0.0,0.0,1249.8333333333333
4503,4,0,0.0,0.0,860.0
4946,2,0,0.0,0.0,990.0
4505,2,0,0.0,0.0,1082.0
4506,2,0,0.0,0.0,493.0
4508,4,0,0.0,0.0,797.0
7848,2,0,0.0,0.0,628.5
7849,2,0,0.0,0.0,1425.5
7851,1,0,0.0,0.0,1564.0
7855,3,0,0.0,0.0,1349.0
7860,3,0,0.0,0.0,1190.0
7861,2,0,0.0,0.0,1364.5
7863,4,0,0.0,0.0,1421.25
7864,3,0,0.0,0.0,634.6666666666666
7866,7,0,0.0,0.0,1087.4285714285713
7872,2,0,0.0,0.0,267.5
7873,5,0,0.0,0.0,1279.0
7876,1,0,0.0,0.0,1433.0
7879,1,0,0.0,0.0,1429.0
7883,1,0,0.0,0.0,1255.0
4948,5,0,0.0,0.0,1332.8
2544,2,0,0.0,0.0,599.0
2545,6,0,0.0,0.0,633.5
2547,2,0,0.0,0.0,1330.5
2548,2,0,0.0,0.0,118.0
2550,1,0,0.0,0.0,1544.0
2552,1,0,0.0,0.0,1108.0
2553,2,0,0.0,0.0,412.0
2554,1,0,0.0,0.0,848.0
2555,2,0,0.0,0.0,223.0
2560,3,0,0.0,0.0,238.66666666666666
2561,1,0,0.0,0.0,1588.0
1893,1,0,0.0,0.0,408.0
7884,5,0,0.0,0.0,717.2
7885,2,0,0.0,0.0,875.5
4951,2,0,0.0,0.0,915.5
7888,2,0,0.0,0.0,635.0
7889,2,0,0.0,0.0,1265.5
7890,2,0,0.0,0.0,1185.5
7893,2,0,0.0,0.0,1214.5
7894,2,0,0.0,0.0,1279.0
7896,1,0,0.0,0.0,1551.0
7898,2,0,0.0,0.0,248.0
7901,3,0,0.0,0.0,859.3333333333334
7902,2,0,0.0,0.0,729.5
7903,2,0,0.0,0.0,314.5
7906,3,0,0.0,0.0,970.3333333333334
7907,3,0,0.0,0.0,1277.6666666666667
3855,3,0,0.0,0.0,1184.0
3856,1,0,0.0,0.0,661.0
3859,4,0,0.0,0.0,1155.5
4954,4,0,0.0,0.0,573.25
3864,1,0,0.0,0.0,736.0
3865,3,0,0.0,0.0,1272.3333333333333
3866,1,0,0.0,0.0,810.0
3867,1,0,0.0,0.0,1515.0
3868,2,0,0.0,0.0,1353.0
3869,6,0,0.0,0.0,1220.1666666666667
3871,2,0,0.0,0.0,710.5
3873,3,0,0.0,0.0,1052.6666666666667
3875,2,0,0.0,0.0,1032.5
3877,2,0,0.0,0.0,1365.0
7908,4,0,0.0,0.0,907.5
7910,3,0,0.0,0.0,1051.6666666666667
7911,1,0,0.0,0.0,1077.0
7913,1,0,0.0,0.0,72.0
7914,2,0,0.0,0.0,807.5
7916,1,0,0.0,0.0,1618.0
7918,5,0,0.0,0.0,1170.0
7921,2,0,0.0,0.0,1208.5
7924,1,0,0.0,0.0,1285.0
7926,5,0,0.0,0.0,1020.4
4955,2,0,0.0,0.0,1153.5
7932,1,0,0.0,0.0,1665.0
7933,2,0,0.0,0.0,93.5
7935,1,0,0.0,0.0,819.0
7937,4,0,0.0,0.0,1086.25
7939,1,0,0.0,0.0,1473.0
2523,3,0,0.0,0.0,844.6666666666666
2525,1,0,0.0,0.0,363.0
4957,3,0,0.0,0.0,1018.0
2529,4,0,0.0,0.0,810.75
2530,1,0,0.0,0.0,1534.0
2531,2,0,0.0,0.0,1441.5
2536,2,0,0.0,0.0,1311.5
2538,1,0,0.0,0.0,500.0
2539,1,0,0.0,0.0,339.0
2540,3,0,0.0,0.0,1356.6666666666667
2541,1,0,0.0,0.0,49.0
7941,3,0,0.0,0.0,950.6666666666666
7942,1,0,0.0,0.0,1324.0
1237,3,0,0.0,0.0,844.6666666666666
1238,2,0,0.0,0.0,350.5
1239,3,0,0.0,0.0,1067.6666666666667
1242,2,0,0.0,0.0,1129.5
1245,2,0,0.0,0.0,1217.0
1246,1,0,0.0,0.0,808.0
1247,1,0,0.0,0.0,573.0
1248,2,0,0.0,0.0,1247.0
1250,2,0,0.0,0.0,336.0
1251,2,0,0.0,0.0,648.5
7944,1,0,0.0,0.0,1287.0
7948,4,0,0.0,0.0,496.0
7951,1,0,0.0,0.0,1413.0
7952,2,0,0.0,0.0,1170.5
3429,4,0,0.0,0.0,1432.25
3430,1,0,0.0,0.0,73.0
3431,1,0,0.0,0.0,860.0
3433,1,0,0.0,0.0,1783.0
4471,2,0,0.0,0.0,787.5
4475,1,0,0.0,0.0,520.0
4481,4,0,0.0,0.0,941.5
4482,4,0,0.0,0.0,1110.5
4483,2,0,0.0,0.0,721.0
4485,2,0,0.0,0.0,695.0
7955,5,0,0.0,0.0,850.2
7956,5,0,0.0,0.0,1009.0
7957,1,0,0.0,0.0,1132.0
7960,1,0,0.0,0.0,682.0
7965,3,0,0.0,0.0,1139.3333333333333
7971,3,0,0.0,0.0,670.0
7972,1,0,0.0,0.0,926.0
7973,1,0,0.0,0.0,1065.0
7974,4,0,0.0,0.0,497.5
7975,2,0,0.0,0.0,871.5
4958,4,0,0.0,0.0,859.25
7978,3,0,0.0,0.0,930.3333333333334
7987,1,0,0.0,0.0,1370.0
7988,2,0,0.0,0.0,360.0
7989,6,0,0.0,0.0,1005.6666666666666
7990,1,0,0.0,0.0,589.0
7992,2,0,0.0,0.0,586.0
7993,4,0,0.0,0.0,581.25
7994,1,0,0.0,0.0,625.0
7995,4,0,0.0,0.0,1290.75
7996,3,0,0.0,0.0,1031.3333333333333
7997,4,0,0.0,0.0,1204.0
7998,2,0,0.0,0.0,866.5
8002,3,0,0.0,0.0,760.6666666666666
8003,1,0,0.0,0.0,557.0
4961,1,0,0.0,0.0,141.0
2502,1,0,0.0,0.0,30.0
2505,2,0,0.0,0.0,1419.5
2508,1,0,0.0,0.0,716.0
2512,1,0,0.0,0.0,1376.0
2513,1,0,0.0,0.0,1026.0
2514,3,0,0.0,0.0,847.0
2516,1,0,0.0,0.0,1234.0
2518,2,0,0.0,0.0,871.5
2521,1,0,0.0,0.0,942.0
8008,2,0,0.0,0.0,329.5
8010,3,0,0.0,0.0,1105.6666666666667
8014,2,0,0.0,0.0,1050.0
8019,2,0,0.0,0.0,1257.5
1660,1,0,0.0,0.0,1046.0
1662,3,0,0.0,0.0,839.3333333333334
1663,3,0,0.0,0.0,888.3333333333334
1664,2,0,0.0,0.0,1016.5
1665,3,0,0.0,0.0,636.0
1666,6,0,0.0,0.0,987.6666666666666
1669,1,0,0.0,0.0,297.0
1671,3,0,0.0,0.0,491.0
4467,1,0,0.0,0.0,533.0
4468,1,0,0.0,0.0,1444.0
3421,2,0,0.0,0.0,516.0
4962,6,0,0.0,0.0,1111.3333333333333
3426,3,0,0.0,0.0,615.6666666666666
3428,2,0,0.0,0.0,1014.0
4963,1,0,0.0,0.0,1565.0
8022,3,0,0.0,0.0,338.3333333333333
8027,1,0,0.0,0.0,216.0
1221,2,0,0.0,0.0,863.0
1224,2,0,0.0,0.0,1026.5
4966,2,0,0.0,0.0,1559.5
1230,4,0,0.0,0.0,748.0
1232,2,0,0.0,0.0,1132.0
1233,2,0,0.0,0.0,1095.5
4967,1,0,0.0,0.0,1225.0
1235,5,0,0.0,0.0,1086.4
1236,1,0,0.0,0.0,643.0
8030,4,0,0.0,0.0,915.25
8031,1,0,0.0,0.0,788.0
8033,3,0,0.0,0.0,701.0
8036,3,0,0.0,0.0,893.6666666666666
8039,4,0,0.0,0.0,393.75
8041,2,0,0.0,0.0,1204.5
8042,2,0,0.0,0.0,1222.5
8044,7,0,0.0,0.0,812.0
8045,6,0,0.0,0.0,986.5
8050,4,0,0.0,0.0,654.5
8052,1,0,0.0,0.0,438.0
8053,1,0,0.0,0.0,1665.0
8055,4,0,0.0,0.0,973.25
8056,4,0,0.0,0.0,599.25
7427,3,0,0.0,0.0,943.6666666666666
8060,2,0,0.0,0.0,771.5
8061,4,0,0.0,0.0,800.25
4968,5,0,0.0,0.0,552.8
8063,2,0,0.0,0.0,644.0
8065,2,0,0.0,0.0,249.0
2483,2,0,0.0,0.0,1141.5
4969,3,0,0.0,0.0,1179.6666666666667
2485,4,0,0.0,0.0,638.5
4970,5,0,0.0,0.0,723.6
2493,6,0,0.0,0.0,525.6666666666666
4971,1,0,0.0,0.0,1627.0
2495,2,0,0.0,0.0,683.0
2497,1,0,0.0,0.0,104.0
2499,3,0,0.0,0.0,421.0
8068,2,0,0.0,0.0,1343.5
8069,3,0,0.0,0.0,595.0
8070,2,0,0.0,0.0,1421.0
8074,2,0,0.0,0.0,884.5
8075,1,0,0.0,0.0,1117.0
8083,1,0,0.0,0.0,1252.0
8086,3,0,0.0,0.0,878.0
8091,4,0,0.0,0.0,1144.75
8093,3,0,0.0,0.0,1121.6666666666667
8094,3,0,0.0,0.0,1315.0
4973,4,0,0.0,0.0,869.75
8097,1,0,0.0,0.0,220.0
8098,3,0,0.0,0.0,813.0
3825,1,0,0.0,0.0,858.0
3826,2,0,0.0,0.0,976.5
3836,3,0,0.0,0.0,124.66666666666667
3838,2,0,0.0,0.0,898.5
3840,4,0,0.0,0.0,642.25
3841,2,0,0.0,0.0,1086.5
3842,1,0,0.0,0.0,1191.0
3843,2,0,0.0,0.0,456.0
3853,7,0,0.0,0.0,669.2857142857143
4451,2,0,0.0,0.0,801.5
4452,3,0,0.0,0.0,940.0
4453,1,0,0.0,0.0,1729.0
4455,3,0,0.0,0.0,685.3333333333334
4456,1,0,0.0,0.0,995.0
4457,4,0,0.0,0.0,1101.5
4458,2,0,0.0,0.0,237.0
4460,4,0,0.0,0.0,805.5
4461,3,0,0.0,0.0,879.6666666666666
4462,2,0,0.0,0.0,261.5
4463,4,0,0.0,0.0,753.75
4465,3,0,0.0,0.0,1516.3333333333333
1656,3,0,0.0,0.0,103.33333333333333
8099,3,0,0.0,0.0,1161.3333333333333
8100,4,0,0.0,0.0,655.5
8102,2,0,0.0,0.0,1427.5
8103,1,0,0.0,0.0,386.0
8104,1,0,0.0,0.0,1719.0
8105,1,0,0.0,0.0,619.0
8106,3,0,0.0,0.0,632.6666666666666
8107,2,0,0.0,0.0,1254.5
8109,6,0,0.0,0.0,711.3333333333334
8110,1,0,0.0,0.0,1379.0
8116,3,0,0.0,0.0,131.66666666666666
8117,3,0,0.0,0.0,1332.6666666666667
8119,1,0,0.0,0.0,727.0
8120,1,0,0.0,0.0,1251.0
8121,1,0,0.0,0.0,615.0
8122,2,0,0.0,0.0,1067.0
8123,2,0,0.0,0.0,725.0
4974,2,0,0.0,0.0,378.0
8126,3,0,0.0,0.0,722.3333333333334
8127,2,0,0.0,0.0,1254.0
8128,2,0,0.0,0.0,1551.0
4975,2,0,0.0,0.0,583.5
8134,2,0,0.0,0.0,1474.0
8135,1,0,0.0,0.0,1059.0
8137,2,0,0.0,0.0,982.0
8138,1,0,0.0,0.0,1766.0
8139,3,0,0.0,0.0,1469.3333333333333
8140,1,0,0.0,0.0,1759.0
8142,4,0,0.0,0.0,1193.75
2467,2,0,0.0,0.0,828.5
2468,3,0,0.0,0.0,1199.0
2470,4,0,0.0,0.0,664.25
2471,2,0,0.0,0.0,753.0
2473,4,0,0.0,0.0,680.5
2475,2,0,0.0,0.0,272.0
2477,1,0,0.0,0.0,1335.0
2479,3,0,0.0,0.0,788.6666666666666
2480,2,0,0.0,0.0,1416.0
2481,2,0,0.0,0.0,1724.0
2482,2,0,0.0,0.0,1016.5
8143,3,0,0.0,0.0,535.0
8144,1,0,0.0,0.0,1059.0
8145,3,0,0.0,0.0,1370.0
8146,2,0,0.0,0.0,994.0
8149,3,0,0.0,0.0,1016.6666666666666
8150,1,0,0.0,0.0,1760.0
4976,1,0,0.0,0.0,188.0
8155,1,0,0.0,0.0,735.0
8156,3,0,0.0,0.0,974.6666666666666
8157,1,0,0.0,0.0,914.0
8164,3,0,0.0,0.0,1138.6666666666667
8165,1,0,0.0,0.0,1593.0
8168,2,0,0.0,0.0,736.0
8170,2,0,0.0,0.0,983.5
8171,2,0,0.0,0.0,1130.5
8173,2,0,0.0,0.0,1088.0
2445,4,0,0.0,0.0,1051.5
2447,1,0,0.0,0.0,992.0
2449,4,0,0.0,0.0,859.75
2450,1,0,0.0,0.0,189.0
2454,1,0,0.0,0.0,1725.0
2456,3,0,0.0,0.0,562.0
2457,3,0,0.0,0.0,265.6666666666667
2464,4,0,0.0,0.0,1165.25
8177,1,0,0.0,0.0,502.0
8179,3,0,0.0,0.0,1645.6666666666667
8180,3,0,0.0,0.0,1141.6666666666667
8183,1,0,0.0,0.0,212.0
8186,1,0,0.0,0.0,557.0
8187,3,0,0.0,0.0,829.6666666666666
4977,1,0,0.0,0.0,1383.0
8190,4,0,0.0,0.0,857.25
8196,4,0,0.0,0.0,462.5
8197,1,0,0.0,0.0,1779.0
8207,6,0,0.0,0.0,901.8333333333334
8210,1,0,0.0,0.0,823.0
8213,2,0,0.0,0.0,644.5
4978,3,0,0.0,0.0,1560.6666666666667
8219,3,0,0.0,0.0,632.6666666666666
8220,1,0,0.0,0.0,693.0
4425,3,0,0.0,0.0,1063.6666666666667
4979,1,0,0.0,0.0,527.0
4428,4,0,0.0,0.0,1329.5
4435,3,0,0.0,0.0,774.6666666666666
4436,3,0,0.0,0.0,1120.6666666666667
4437,2,0,0.0,0.0,1110.5
4439,1,0,0.0,0.0,954.0
4440,1,0,0.0,0.0,1286.0
4441,3,0,0.0,0.0,571.3333333333334
4445,2,0,0.0,0.0,374.0
4446,2,0,0.0,0.0,771.0
4447,2,0,0.0,0.0,1103.5
4448,1,0,0.0,0.0,732.0
4449,5,0,0.0,0.0,792.0
4450,5,0,0.0,0.0,1081.4
8222,1,0,0.0,0.0,101.0
8223,6,0,0.0,0.0,476.3333333333333
8226,1,0,0.0,0.0,1212.0
8227,4,0,0.0,0.0,1114.75
8228,2,0,0.0,0.0,1364.0
8229,2,0,0.0,0.0,456.5
8230,1,0,0.0,0.0,709.0
8231,1,0,0.0,0.0,1042.0
1205,2,0,0.0,0.0,380.5
2426,4,0,0.0,0.0,730.25
2427,1,0,0.0,0.0,58.0
2428,2,0,0.0,0.0,821.0
2434,1,0,0.0,0.0,1484.0
2437,2,0,0.0,0.0,1105.0
2439,3,0,0.0,0.0,643.0
2441,3,0,0.0,0.0,448.0
2442,5,0,0.0,0.0,1053.6
1768,1,0,0.0,0.0,941.0
1769,1,0,0.0,0.0,1664.0
1772,4,0,0.0,0.0,1176.0
3631,4,0,0.0,0.0,453.5
3633,3,0,0.0,0.0,690.3333333333334
4987,1,0,0.0,0.0,587.0
3636,2,0,0.0,0.0,873.0
3637,3,0,0.0,0.0,924.0
3641,2,0,0.0,0.0,350.5
3643,3,0,0.0,0.0,1090.3333333333333
3644,1,0,0.0,0.0,1589.0
3646,4,0,0.0,0.0,1067.5
3648,4,0,0.0,0.0,860.25
2444,2,0,0.0,0.0,478.0
1207,1,0,0.0,0.0,1574.0
1210,3,0,0.0,0.0,1188.6666666666667
1211,1,0,0.0,0.0,694.0
1216,2,0,0.0,0.0,857.0
1217,1,0,0.0,0.0,757.0
1219,4,0,0.0,0.0,814.25
8233,3,0,0.0,0.0,501.6666666666667
4988,3,0,0.0,0.0,693.0
8235,2,0,0.0,0.0,741.0
8236,2,0,0.0,0.0,1012.5
8237,2,0,0.0,0.0,1238.0
8238,4,0,0.0,0.0,1305.0
8239,2,0,0.0,0.0,1131.0
4989,2,0,0.0,0.0,1192.0
8243,2,0,0.0,0.0,1380.5
8245,2,0,0.0,0.0,409.0
8246,3,0,0.0,0.0,1034.3333333333333
8249,1,0,0.0,0.0,687.0
8250,2,0,0.0,0.0,960.0
4990,1,0,0.0,0.0,1503.0
8252,2,0,0.0,0.0,1325.5
8253,4,0,0.0,0.0,562.75
8254,3,0,0.0,0.0,1140.3333333333333
8256,2,0,0.0,0.0,1358.5
8257,1,0,0.0,0.0,846.0
8258,1,0,0.0,0.0,902.0
8259,2,0,0.0,0.0,975.0
8261,3,0,0.0,0.0,821.6666666666666
8263,2,0,0.0,0.0,602.5
8265,3,0,0.0,0.0,1251.6666666666667
8267,2,0,0.0,0.0,1034.5
8268,2,0,0.0,0.0,860.5
8272,5,0,0.0,0.0,996.2
8273,4,0,0.0,0.0,676.0
8275,2,0,0.0,0.0,604.0
4991,2,0,0.0,0.0,238.0
8278,2,0,0.0,0.0,768.0
4992,1,0,0.0,0.0,644.0
8281,1,0,0.0,0.0,481.0
8282,3,0,0.0,0.0,577.0
8283,1,0,0.0,0.0,1302.0
8285,2,0,0.0,0.0,860.5
8286,3,0,0.0,0.0,751.0
8287,3,0,0.0,0.0,1394.6666666666667
8292,1,0,0.0,0.0,713.0
8294,2,0,0.0,0.0,1078.0
8295,2,0,0.0,0.0,956.5
8296,1,0,0.0,0.0,916.0
8297,3,0,0.0,0.0,482.0
8298,2,0,0.0,0.0,1478.5
4996,1,0,0.0,0.0,857.0
5000,1,0,0.0,0.0,899.0
8302,2,0,0.0,0.0,931.5
8303,3,0,0.0,0.0,1418.6666666666667
5002,1,0,0.0,0.0,649.0
5003,5,0,0.0,0.0,874.8
1910,6,0,0.0,0.0,997.6666666666666
1912,3,0,0.0,0.0,762.0
1913,1,0,0.0,0.0,34.0
5005,3,0,0.0,0.0,574.6666666666666
5006,4,0,0.0,0.0,1004.75
1917,2,0,0.0,0.0,1320.5
1918,2,0,0.0,0.0,1050.5
1919,1,0,0.0,0.0,680.0
1920,3,0,0.0,0.0,1103.0
1921,5,0,0.0,0.0,1063.6
1924,2,0,0.0,0.0,895.0
1925,2,0,0.0,0.0,651.5
8309,1,0,0.0,0.0,915.0
8310,2,0,0.0,0.0,408.5
8313,2,0,0.0,0.0,1289.0
8315,4,0,0.0,0.0,955.5
8317,2,0,0.0,0.0,977.5
8318,1,0,0.0,0.0,861.0
8319,2,0,0.0,0.0,1439.5
5008,3,0,0.0,0.0,1338.6666666666667
8322,3,0,0.0,0.0,870.6666666666666
8323,3,0,0.0,0.0,1528.3333333333333
8325,1,0,0.0,0.0,1056.0
8329,5,0,0.0,0.0,827.0
8334,3,0,0.0,0.0,888.3333333333334
8335,2,0,0.0,0.0,597.0
8336,2,0,0.0,0.0,827.0
8339,2,0,0.0,0.0,973.0
8342,3,0,0.0,0.0,297.0
8343,3,0,0.0,0.0,475.6666666666667
8344,2,0,0.0,0.0,1010.0
8349,2,0,0.0,0.0,135.5
2403,2,0,0.0,0.0,453.5
5009,3,0,0.0,0.0,789.6666666666666
2409,2,0,0.0,0.0,566.0
2411,2,0,0.0,0.0,1076.5
2413,4,0,0.0,0.0,1200.0
2414,2,0,0.0,0.0,747.0
2416,1,0,0.0,0.0,1151.0
5011,3,0,0.0,0.0,669.3333333333334
2420,1,0,0.0,0.0,494.0
8350,3,0,0.0,0.0,1040.0
8351,2,0,0.0,0.0,987.0
8352,1,0,0.0,0.0,155.0
4395,4,0,0.0,0.0,729.5
4398,1,0,0.0,0.0,1650.0
4400,1,0,0.0,0.0,1109.0
4401,3,0,0.0,0.0,602.3333333333334
4403,2,0,0.0,0.0,859.0
4404,6,0,0.0,0.0,693.1666666666666
4407,2,0,0.0,0.0,914.0
4414,5,0,0.0,0.0,927.0
4415,2,0,0.0,0.0,1239.0
4417,4,0,0.0,0.0,336.0
4418,1,0,0.0,0.0,578.0
4420,5,0,0.0,0.0,1321.0
4421,3,0,0.0,0.0,821.3333333333334
4422,1,0,0.0,0.0,811.0
4423,2,0,0.0,0.0,824.5
8355,2,0,0.0,0.0,492.5
8362,2,0,0.0,0.0,1058.0
8364,1,0,0.0,0.0,1714.0
8366,1,0,0.0,0.0,264.0
5016,3,0,0.0,0.0,1119.6666666666667
1189,3,0,0.0,0.0,1113.0
1191,2,0,0.0,0.0,1039.0
1192,1,0,0.0,0.0,1482.0
1194,2,0,0.0,0.0,1216.5
1199,1,0,0.0,0.0,257.0
1201,3,0,0.0,0.0,827.3333333333334
8370,2,0,0.0,0.0,1000.5
8371,1,0,0.0,0.0,547.0
8372,3,0,0.0,0.0,1103.6666666666667
8374,2,0,0.0,0.0,1000.5
8378,5,0,0.0,0.0,774.6
8380,1,0,0.0,0.0,1682.0
8383,1,0,0.0,0.0,1503.0
8385,2,0,0.0,0.0,818.0
8387,1,0,0.0,0.0,780.0
5017,2,0,0.0,0.0,449.5
2386,2,0,0.0,0.0,1021.5
2389,4,0,0.0,0.0,1186.0
2391,1,0,0.0,0.0,836.0
2392,4,0,0.0,0.0,749.5
2393,1,0,0.0,0.0,953.0
2397,1,0,0.0,0.0,161.0
5020,5,0,0.0,0.0,1063.0
2400,2,0,0.0,0.0,80.5
2401,5,0,0.0,0.0,1260.4
8390,2,0,0.0,0.0,281.0
5021,1,0,0.0,0.0,1095.0
8394,4,0,0.0,0.0,722.75
8395,2,0,0.0,0.0,640.5
8398,5,0,0.0,0.0,792.6
8400,2,0,0.0,0.0,559.5
8401,1,0,0.0,0.0,221.0
8403,2,0,0.0,0.0,742.5
8405,2,0,0.0,0.0,1349.0
5023,2,0,0.0,0.0,896.5
8407,3,0,0.0,0.0,448.0
8409,2,0,0.0,0.0,1173.5
8411,1,0,0.0,0.0,1145.0
8414,1,0,0.0,0.0,1046.0
8415,1,0,0.0,0.0,1602.0
8416,1,0,0.0,0.0,664.0
8419,5,0,0.0,0.0,629.0
8422,1,0,0.0,0.0,1050.0
8426,4,0,0.0,0.0,471.75
8432,2,0,0.0,0.0,565.5
8434,3,0,0.0,0.0,841.0
8436,4,0,0.0,0.0,1184.75
8438,5,0,0.0,0.0,936.8
8440,3,0,0.0,0.0,1400.0
8441,1,0,0.0,0.0,1365.0
8443,3,0,0.0,0.0,442.6666666666667
8444,3,0,0.0,0.0,1261.3333333333333
2366,2,0,0.0,0.0,1222.5
2371,2,0,0.0,0.0,982.0
2372,3,0,0.0,0.0,721.6666666666666
2373,2,0,0.0,0.0,1322.5
2374,4,0,0.0,0.0,515.5
2377,4,0,0.0,0.0,1255.0
2379,2,0,0.0,0.0,552.5
2380,3,0,0.0,0.0,1105.0
4383,1,0,0.0,0.0,999.0
4385,1,0,0.0,0.0,585.0
4386,5,0,0.0,0.0,1047.2
3442,3,0,0.0,0.0,1182.3333333333333
3443,1,0,0.0,0.0,169.0
5024,5,0,0.0,0.0,1211.8
3446,1,0,0.0,0.0,1521.0
3447,2,0,0.0,0.0,689.5
3450,1,0,0.0,0.0,1659.0
5025,2,0,0.0,0.0,320.5
3454,2,0,0.0,0.0,1322.0
3455,1,0,0.0,0.0,627.0
4389,3,0,0.0,0.0,598.0
4393,3,0,0.0,0.0,932.0
3808,5,0,0.0,0.0,969.6
3809,2,0,0.0,0.0,471.5
3810,2,0,0.0,0.0,1543.5
3811,4,0,0.0,0.0,510.75
3815,3,0,0.0,0.0,908.3333333333334
3817,3,0,0.0,0.0,966.3333333333334
3819,2,0,0.0,0.0,494.5
1758,1,0,0.0,0.0,891.0
1760,2,0,0.0,0.0,534.0
1761,3,0,0.0,0.0,937.0
2382,6,0,0.0,0.0,696.8333333333334
2383,3,0,0.0,0.0,1010.3333333333334
8451,2,0,0.0,0.0,1162.5
8456,2,0,0.0,0.0,338.0
8457,4,0,0.0,0.0,1240.25
8458,2,0,0.0,0.0,1342.5
5027,2,0,0.0,0.0,524.0
8462,2,0,0.0,0.0,960.5
8463,1,0,0.0,0.0,1568.0
8466,2,0,0.0,0.0,956.0
8467,1,0,0.0,0.0,36.0
8468,1,0,0.0,0.0,997.0
8469,4,0,0.0,0.0,1056.0
8470,1,0,0.0,0.0,928.0
8471,2,0,0.0,0.0,736.5
8472,3,0,0.0,0.0,1280.3333333333333
8473,2,0,0.0,0.0,1191.5
8474,2,0,0.0,0.0,1310.0
8475,1,0,0.0,0.0,223.0
8478,4,0,0.0,0.0,430.25
8480,1,0,0.0,0.0,1231.0
8482,2,0,0.0,0.0,898.5
8484,1,0,0.0,0.0,1217.0
8488,4,0,0.0,0.0,1104.0
8489,2,0,0.0,0.0,961.5
8493,3,0,0.0,0.0,1110.0
8494,1,0,0.0,0.0,231.0
8495,1,0,0.0,0.0,109.0
8496,1,0,0.0,0.0,97.0
8497,1,0,0.0,0.0,1229.0
8500,3,0,0.0,0.0,878.0
8502,3,0,0.0,0.0,851.3333333333334
8504,1,0,0.0,0.0,552.0
8506,1,0,0.0,0.0,1035.0
8508,2,0,0.0,0.0,1144.5
5031,2,0,0.0,0.0,1386.5
8511,2,0,0.0,0.0,1198.5
8513,5,0,0.0,0.0,795.6
8514,1,0,0.0,0.0,1022.0
8516,3,0,0.0,0.0,1331.0
8517,2,0,0.0,0.0,1185.5
2345,4,0,0.0,0.0,786.5
2348,2,0,0.0,0.0,607.0
2351,1,0,0.0,0.0,1424.0
2352,2,0,0.0,0.0,396.5
2353,3,0,0.0,0.0,593.6666666666666
2356,2,0,0.0,0.0,1116.5
2358,2,0,0.0,0.0,797.0
2360,1,0,0.0,0.0,842.0
2362,2,0,0.0,0.0,124.5
5035,1,0,0.0,0.0,1130.0
8518,4,0,0.0,0.0,735.25
8519,2,0,0.0,0.0,167.0
8520,2,0,0.0,0.0,475.0
8522,3,0,0.0,0.0,764.0
8523,1,0,0.0,0.0,1707.0
8524,5,0,0.0,0.0,682.6
8530,1,0,0.0,0.0,1101.0
8536,2,0,0.0,0.0,731.5
8537,2,0,0.0,0.0,570.0
8539,3,0,0.0,0.0,584.3333333333334
8540,2,0,0.0,0.0,1259.5
8543,4,0,0.0,0.0,995.5
8544,3,0,0.0,0.0,1043.0
5036,4,0,0.0,0.0,785.0
8549,3,0,0.0,0.0,1333.3333333333333
8550,2,0,0.0,0.0,1140.5
8551,2,0,0.0,0.0,644.5
8555,1,0,0.0,0.0,1573.0
1591,3,0,0.0,0.0,1146.3333333333333
1592,2,0,0.0,0.0,1219.0
8559,2,0,0.0,0.0,1557.0
8560,4,0,0.0,0.0,652.5
8561,3,0,0.0,0.0,1370.3333333333333
8564,3,0,0.0,0.0,659.3333333333334
8565,1,0,0.0,0.0,1389.0
8566,3,0,0.0,0.0,1278.6666666666667
8568,2,0,0.0,0.0,1132.0
8569,4,0,0.0,0.0,689.25
8570,2,0,0.0,0.0,1257.0
1593,4,0,0.0,0.0,1396.5
2328,1,0,0.0,0.0,250.0
2330,2,0,0.0,0.0,1240.0
2331,5,0,0.0,0.0,776.2
2332,1,0,0.0,0.0,170.0
2333,1,0,0.0,0.0,588.0
2334,3,0,0.0,0.0,664.3333333333334
2336,1,0,0.0,0.0,322.0
2337,5,0,0.0,0.0,896.8
4365,3,0,0.0,0.0,884.0
4367,1,0,0.0,0.0,284.0
4368,2,0,0.0,0.0,995.5
4369,2,0,0.0,0.0,1255.5
4370,2,0,0.0,0.0,896.5
4371,2,0,0.0,0.0,467.5
4372,2,0,0.0,0.0,441.5
4373,1,0,0.0,0.0,284.0
4375,4,0,0.0,0.0,994.5
4376,2,0,0.0,0.0,902.5
4377,3,0,0.0,0.0,1211.6666666666667
4380,1,0,0.0,0.0,1568.0
4382,1,0,0.0,0.0,1618.0
2338,2,0,0.0,0.0,1119.5
2340,1,0,0.0,0.0,665.0
2341,1,0,0.0,0.0,34.0
2342,2,0,0.0,0.0,136.5
2343,2,0,0.0,0.0,1360.5
1171,1,0,0.0,0.0,915.0
4936,4,0,0.0,0.0,998.0
1176,2,0,0.0,0.0,935.5
1179,2,0,0.0,0.0,1009.5
1181,4,0,0.0,0.0,794.0
1182,3,0,0.0,0.0,546.3333333333334
1185,5,0,0.0,0.0,1114.6
1186,3,0,0.0,0.0,589.0
8578,4,0,0.0,0.0,775.75
8579,3,0,0.0,0.0,352.6666666666667
3650,3,0,0.0,0.0,1037.0
3782,2,0,0.0,0.0,983.5
3785,4,0,0.0,0.0,879.75
3786,3,0,0.0,0.0,745.3333333333334
3787,1,0,0.0,0.0,1272.0
3789,6,0,0.0,0.0,932.5
3791,1,0,0.0,0.0,88.0
3794,2,0,0.0,0.0,900.0
3795,2,0,0.0,0.0,592.5
3797,1,0,0.0,0.0,1446.0
3294,3,0,0.0,0.0,807.0
3800,3,0,0.0,0.0,872.6666666666666
3805,1,0,0.0,0.0,287.0
8580,2,0,0.0,0.0,1000.5
8581,1,0,0.0,0.0,1475.0
8582,2,0,0.0,0.0,1727.5
3295,4,0,0.0,0.0,949.0
3297,4,0,0.0,0.0,1181.0
8590,2,0,0.0,0.0,244.0
8591,5,0,0.0,0.0,1026.8
8592,2,0,0.0,0.0,897.5
8594,1,0,0.0,0.0,1035.0
8598,3,0,0.0,0.0,830.0
8599,1,0,0.0,0.0,795.0
8600,3,0,0.0,0.0,1066.0
8601,1,0,0.0,0.0,1557.0
8602,3,0,0.0,0.0,892.3333333333334
8606,3,0,0.0,0.0,693.6666666666666
8607,1,0,0.0,0.0,994.0
3298,2,0,0.0,0.0,598.0
8612,2,0,0.0,0.0,1416.0
3299,1,0,0.0,0.0,412.0
8618,3,0,0.0,0.0,1482.6666666666667
8619,2,0,0.0,0.0,331.5
8620,1,0,0.0,0.0,282.0
8621,6,0,0.0,0.0,1238.8333333333333
8623,2,0,0.0,0.0,969.5
8626,1,0,0.0,0.0,931.0
8627,1,0,0.0,0.0,1244.0
3302,2,0,0.0,0.0,892.0
2310,2,0,0.0,0.0,720.0
2311,3,0,0.0,0.0,770.3333333333334
2313,2,0,0.0,0.0,1430.0
2315,3,0,0.0,0.0,738.3333333333334
2316,1,0,0.0,0.0,56.0
2317,2,0,0.0,0.0,1144.0
2318,5,0,0.0,0.0,774.4
2320,5,0,0.0,0.0,808.4
2321,1,0,0.0,0.0,300.0
2323,3,0,0.0,0.0,1340.3333333333333
2326,3,0,0.0,0.0,1091.3333333333333
8631,1,0,0.0,0.0,84.0
3303,3,0,0.0,0.0,637.3333333333334
8635,1,0,0.0,0.0,596.0
8637,2,0,0.0,0.0,1409.0
8639,2,0,0.0,0.0,514.5
8640,4,0,0.0,0.0,1281.75
3304,1,0,0.0,0.0,1714.0
8643,4,0,0.0,0.0,814.75
8645,2,0,0.0,0.0,716.5
8647,5,0,0.0,0.0,844.8
8649,2,0,0.0,0.0,1242.0
8652,1,0,0.0,0.0,280.0
3305,1,0,0.0,0.0,1763.0
8656,2,0,0.0,0.0,1158.0
8657,1,0,0.0,0.0,1473.0
8658,2,0,0.0,0.0,897.0
3306,3,0,0.0,0.0,658.6666666666666
8661,2,0,0.0,0.0,934.5
8662,5,0,0.0,0.0,1094.6
8663,2,0,0.0,0.0,1298.5
8665,5,0,0.0,0.0,1078.4
8666,3,0,0.0,0.0,495.0
3308,1,0,0.0,0.0,1050.0
8672,2,0,0.0,0.0,694.5
8673,2,0,0.0,0.0,835.5
3309,3,0,0.0,0.0,980.6666666666666
8675,3,0,0.0,0.0,939.6666666666666
8676,1,0,0.0,0.0,321.0
8678,2,0,0.0,0.0,1295.0
8687,4,0,0.0,0.0,865.75
8689,3,0,0.0,0.0,991.0
8690,2,0,0.0,0.0,361.5
8691,1,0,0.0,0.0,1725.0
8692,1,0,0.0,0.0,643.0
8693,3,0,0.0,0.0,301.3333333333333
8695,3,0,0.0,0.0,525.6666666666666
8696,2,0,0.0,0.0,853.0
8697,1,0,0.0,0.0,1261.0
8698,3,0,0.0,0.0,830.6666666666666
8700,2,0,0.0,0.0,1494.0
8701,2,0,0.0,0.0,287.0
8702,2,0,0.0,0.0,948.5
2290,4,0,0.0,0.0,956.0
2291,1,0,0.0,0.0,925.0
2293,5,0,0.0,0.0,660.0
2298,1,0,0.0,0.0,978.0
2299,3,0,0.0,0.0,839.6666666666666
4173,3,0,0.0,0.0,1345.0
4335,4,0,0.0,0.0,1063.0
4343,5,0,0.0,0.0,864.8
4344,2,0,0.0,0.0,1089.5
4345,2,0,0.0,0.0,815.5
4347,3,0,0.0,0.0,1232.6666666666667
4348,3,0,0.0,0.0,1056.3333333333333
4353,1,0,0.0,0.0,395.0
4354,3,0,0.0,0.0,535.3333333333334
4357,1,0,0.0,0.0,211.0
4358,1,0,0.0,0.0,300.0
4942,1,0,0.0,0.0,1605.0
1594,5,0,0.0,0.0,1385.4
4362,2,0,0.0,0.0,1150.0
2300,1,0,0.0,0.0,1726.0
2301,3,0,0.0,0.0,1108.0
1596,1,0,0.0,0.0,1579.0
2304,4,0,0.0,0.0,499.0
2305,2,0,0.0,0.0,713.0
2306,2,0,0.0,0.0,995.5
8703,1,0,0.0,0.0,1222.0
8704,4,0,0.0,0.0,1427.75
8705,1,0,0.0,0.0,1115.0
8706,3,0,0.0,0.0,1256.0
1597,4,0,0.0,0.0,808.5
8713,2,0,0.0,0.0,181.5
8714,5,0,0.0,0.0,699.6
1598,5,0,0.0,0.0,1180.8
8717,2,0,0.0,0.0,1209.5
8718,1,0,0.0,0.0,94.0
8719,2,0,0.0,0.0,665.5
8720,2,0,0.0,0.0,1381.5
8721,2,0,0.0,0.0,790.5
8723,2,0,0.0,0.0,1049.5
8724,1,0,0.0,0.0,936.0
8725,3,0,0.0,0.0,820.0
8726,3,0,0.0,0.0,679.6666666666666
8731,2,0,0.0,0.0,793.0
8739,2,0,0.0,0.0,1232.5
1156,2,0,0.0,0.0,986.5
1157,1,0,0.0,0.0,1236.0
1161,2,0,0.0,0.0,1205.0
1602,2,0,0.0,0.0,531.0
1166,1,0,0.0,0.0,440.0
1168,2,0,0.0,0.0,898.0
8742,2,0,0.0,0.0,370.5
2285,2,0,0.0,0.0,756.0
1928,2,0,0.0,0.0,275.5
1931,2,0,0.0,0.0,1005.0
1933,1,0,0.0,0.0,1701.0
1935,4,0,0.0,0.0,1332.75
1603,1,0,0.0,0.0,522.0
1938,4,0,0.0,0.0,1060.5
1940,2,0,0.0,0.0,1141.5
1942,1,0,0.0,0.0,1426.0
1944,1,0,0.0,0.0,807.0
8743,4,0,0.0,0.0,896.75
8746,2,0,0.0,0.0,1373.0
8747,4,0,0.0,0.0,905.0
8753,2,0,0.0,0.0,1116.0
8757,1,0,0.0,0.0,1242.0
8758,4,0,0.0,0.0,881.5
8762,3,0,0.0,0.0,1007.3333333333334
8763,6,0,0.0,0.0,972.8333333333334
8764,1,0,0.0,0.0,117.0
8765,1,0,0.0,0.0,480.0
8766,3,0,0.0,0.0,684.0
8767,4,0,0.0,0.0,843.25
3479,1,0,0.0,0.0,353.0
1790,2,0,0.0,0.0,1529.0
1791,1,0,0.0,0.0,868.0
4149,4,0,0.0,0.0,1155.75
4151,5,0,0.0,0.0,412.0
4154,3,0,0.0,0.0,988.3333333333334
4155,1,0,0.0,0.0,893.0
4156,2,0,0.0,0.0,1154.0
4157,3,0,0.0,0.0,1240.0
4160,2,0,0.0,0.0,534.5
4163,1,0,0.0,0.0,295.0
4171,2,0,0.0,0.0,912.5
4172,1,0,0.0,0.0,1616.0
3776,2,0,0.0,0.0,1082.0
3778,1,0,0.0,0.0,1109.0
3780,2,0,0.0,0.0,1310.0
3781,1,0,0.0,0.0,610.0
1774,2,0,0.0,0.0,577.0
1775,1,0,0.0,0.0,1746.0
1776,4,0,0.0,0.0,825.5
1605,2,0,0.0,0.0,943.0
1779,1,0,0.0,0.0,1449.0
1782,1,0,0.0,0.0,1028.0
1784,3,0,0.0,0.0,382.0
1785,2,0,0.0,0.0,965.0
3275,1,0,0.0,0.0,369.0
8770,5,0,0.0,0.0,1042.4
8777,2,0,0.0,0.0,664.0
8778,1,0,0.0,0.0,1052.0
8780,1,0,0.0,0.0,532.0
8783,4,0,0.0,0.0,1287.25
8786,1,0,0.0,0.0,1527.0
8788,4,0,0.0,0.0,1128.5
8789,3,0,0.0,0.0,952.0
8790,1,0,0.0,0.0,1068.0
8792,1,0,0.0,0.0,225.0
8793,4,0,0.0,0.0,820.5
8798,1,0,0.0,0.0,1313.0
8802,3,0,0.0,0.0,1167.0
8803,3,0,0.0,0.0,1072.0
8804,3,0,0.0,0.0,1084.6666666666667
8805,2,0,0.0,0.0,328.5
3276,2,0,0.0,0.0,1283.5
8807,3,0,0.0,0.0,1383.3333333333333
8809,3,0,0.0,0.0,1649.3333333333333
8810,2,0,0.0,0.0,440.5
8812,2,0,0.0,0.0,1611.5
8813,5,0,0.0,0.0,689.0
8814,1,0,0.0,0.0,623.0
8819,2,0,0.0,0.0,1186.0
8820,6,0,0.0,0.0,877.3333333333334
8821,1,0,0.0,0.0,736.0
2267,2,0,0.0,0.0,1177.0
2268,3,0,0.0,0.0,647.0
2269,4,0,0.0,0.0,428.75
2270,3,0,0.0,0.0,724.3333333333334
2271,6,0,0.0,0.0,575.6666666666666
2272,4,0,0.0,0.0,464.5
2273,2,0,0.0,0.0,927.5
2274,2,0,0.0,0.0,939.0
2279,2,0,0.0,0.0,766.0
2284,4,0,0.0,0.0,1407.25
8822,1,0,0.0,0.0,441.0
8827,2,0,0.0,0.0,1636.0
8828,2,0,0.0,0.0,752.0
3278,5,0,0.0,0.0,631.6
8831,2,0,0.0,0.0,782.0
8832,3,0,0.0,0.0,673.6666666666666
8834,3,0,0.0,0.0,1008.3333333333334
8838,3,0,0.0,0.0,960.3333333333334
8839,2,0,0.0,0.0,1207.0
8844,2,0,0.0,0.0,441.5
3286,3,0,0.0,0.0,1328.6666666666667
8847,2,0,0.0,0.0,1023.0
8849,1,0,0.0,0.0,594.0
8853,3,0,0.0,0.0,1422.0
3288,2,0,0.0,0.0,1104.0
1684,2,0,0.0,0.0,896.5
1689,3,0,0.0,0.0,487.6666666666667
4331,1,0,0.0,0.0,1103.0
3459,4,0,0.0,0.0,543.0
3289,2,0,0.0,0.0,765.0
3463,2,0,0.0,0.0,613.5
3464,5,0,0.0,0.0,975.6
3469,3,0,0.0,0.0,1082.0
3470,3,0,0.0,0.0,859.0
3471,2,0,0.0,0.0,1239.0
3472,2,0,0.0,0.0,709.5
3290,4,0,0.0,0.0,925.25
3476,3,0,0.0,0.0,1611.3333333333333
3477,3,0,0.0,0.0,978.6666666666666
8856,4,0,0.0,0.0,944.75
8857,1,0,0.0,0.0,1537.0
8859,1,0,0.0,0.0,667.0
8862,4,0,0.0,0.0,567.25
5040,3,0,0.0,0.0,896.3333333333334
8865,1,0,0.0,0.0,1545.0
8867,2,0,0.0,0.0,1339.5
8868,4,0,0.0,0.0,632.25
8869,2,0,0.0,0.0,979.0
8870,4,0,0.0,0.0,914.5
8871,2,0,0.0,0.0,757.0
5041,4,0,0.0,0.0,551.25
8874,6,0,0.0,0.0,780.5
5043,5,0,0.0,0.0,896.0
8880,3,0,0.0,0.0,599.6666666666666
8882,1,0,0.0,0.0,949.0
8886,2,0,0.0,0.0,376.0
8889,4,0,0.0,0.0,964.25
8890,1,0,0.0,0.0,1666.0
8891,1,0,0.0,0.0,1736.0
8893,1,0,0.0,0.0,807.0
8895,4,0,0.0,0.0,1219.5
8897,1,0,0.0,0.0,21.0
8900,4,0,0.0,0.0,1051.0
8901,3,0,0.0,0.0,804.6666666666666
8902,2,0,0.0,0.0,1271.0
8905,5,0,0.0,0.0,587.2
8906,2,0,0.0,0.0,1300.0
8907,2,0,0.0,0.0,686.5
8908,3,0,0.0,0.0,1706.6666666666667
8910,9,0,0.0,0.0,1091.4444444444443
8913,3,0,0.0,0.0,1151.0
2249,4,0,0.0,0.0,761.5
2250,3,0,0.0,0.0,945.6666666666666
2251,1,0,0.0,0.0,122.0
2252,1,0,0.0,0.0,459.0
2253,4,0,0.0,0.0,1419.5
2254,1,0,0.0,0.0,453.0
2256,3,0,0.0,0.0,431.6666666666667
2257,4,0,0.0,0.0,928.75
2259,3,0,0.0,0.0,1490.6666666666667
2261,7,0,0.0,0.0,947.2857142857143
5044,4,0,0.0,0.0,772.25
2263,5,0,0.0,0.0,804.2
2264,1,0,0.0,0.0,1228.0
8917,2,0,0.0,0.0,1187.5
8920,1,0,0.0,0.0,776.0
8927,4,0,0.0,0.0,816.5
8930,3,0,0.0,0.0,717.3333333333334
8931,3,0,0.0,0.0,1088.0
5049,1,0,0.0,0.0,1020.0
4312,2,0,0.0,0.0,1289.0
4313,3,0,0.0,0.0,1371.6666666666667
4316,1,0,0.0,0.0,398.0
4320,3,0,0.0,0.0,793.3333333333334
4321,1,0,0.0,0.0,750.0
4322,2,0,0.0,0.0,930.0
4324,3,0,0.0,0.0,445.3333333333333
4326,1,0,0.0,0.0,753.0
4328,1,0,0.0,0.0,231.0
4329,4,0,0.0,0.0,711.25
1674,4,0,0.0,0.0,969.25
1677,3,0,0.0,0.0,761.6666666666666
1678,2,0,0.0,0.0,1047.5
1679,3,0,0.0,0.0,1063.6666666666667
1680,2,0,0.0,0.0,1161.0
8934,3,0,0.0,0.0,1095.3333333333333
8938,2,0,0.0,0.0,570.5
8940,1,0,0.0,0.0,332.0
8941,4,0,0.0,0.0,1133.5
8944,3,0,0.0,0.0,1024.6666666666667
8945,1,0,0.0,0.0,198.0
8954,1,0,0.0,0.0,10.0
8955,2,0,0.0,0.0,1271.5
8956,4,0,0.0,0.0,773.75
8959,4,0,0.0,0.0,845.75
8961,2,0,0.0,0.0,782.0
8967,2,0,0.0,0.0,927.0
8968,1,0,0.0,0.0,732.0
8971,1,0,0.0,0.0,1354.0
1135,3,0,0.0,0.0,556.6666666666666
1136,2,0,0.0,0.0,1251.0
2231,5,0,0.0,0.0,694.8
5051,1,0,0.0,0.0,295.0
2235,2,0,0.0,0.0,219.5
2238,3,0,0.0,0.0,934.0
2239,1,0,0.0,0.0,184.0
2241,3,0,0.0,0.0,1241.6666666666667
2242,4,0,0.0,0.0,814.0
2243,3,0,0.0,0.0,877.3333333333334
2245,3,0,0.0,0.0,1385.0
5053,7,0,0.0,0.0,1052.0
3756,3,0,0.0,0.0,1387.6666666666667
3757,2,0,0.0,0.0,240.5
3758,2,0,0.0,0.0,797.5
3759,2,0,0.0,0.0,991.0
3760,5,0,0.0,0.0,1483.8
3762,4,0,0.0,0.0,611.25
3764,2,0,0.0,0.0,515.0
3766,1,0,0.0,0.0,1435.0
3770,2,0,0.0,0.0,372.5
3771,2,0,0.0,0.0,821.5
5057,5,0,0.0,0.0,648.2
2248,4,0,0.0,0.0,1110.25
1139,2,0,0.0,0.0,430.0
1140,1,0,0.0,0.0,1580.0
1141,2,0,0.0,0.0,966.0
1142,4,0,0.0,0.0,724.0
1143,6,0,0.0,0.0,901.1666666666666
1144,2,0,0.0,0.0,1122.5
1147,3,0,0.0,0.0,972.0
1149,2,0,0.0,0.0,1439.5
8976,3,0,0.0,0.0,1089.3333333333333
5058,3,0,0.0,0.0,859.0
8979,3,0,0.0,0.0,1074.3333333333333
8980,2,0,0.0,0.0,870.5
8984,2,0,0.0,0.0,574.5
8985,5,0,0.0,0.0,682.2
8986,3,0,0.0,0.0,1286.6666666666667
8991,4,0,0.0,0.0,881.25
8993,3,0,0.0,0.0,766.0
5062,3,0,0.0,0.0,671.3333333333334
8995,4,0,0.0,0.0,938.75
5063,4,0,0.0,0.0,910.25
8997,3,0,0.0,0.0,623.3333333333334
8999,2,0,0.0,0.0,524.5
9000,2,0,0.0,0.0,892.5
9001,3,0,0.0,0.0,992.6666666666666
9002,4,0,0.0,0.0,1036.25
9003,1,0,0.0,0.0,1097.0
3490,4,0,0.0,0.0,1003.0
3491,2,0,0.0,0.0,1405.0
3492,2,0,0.0,0.0,462.5
3494,3,0,0.0,0.0,401.3333333333333
3495,4,0,0.0,0.0,868.5
3496,1,0,0.0,0.0,1195.0
4293,1,0,0.0,0.0,1081.0
4298,1,0,0.0,0.0,1378.0
4302,2,0,0.0,0.0,872.5
4303,2,0,0.0,0.0,1250.0
4305,3,0,0.0,0.0,972.0
4306,2,0,0.0,0.0,1028.5
4308,1,0,0.0,0.0,1234.0
5065,3,0,0.0,0.0,1105.0
9007,1,0,0.0,0.0,1440.0
5068,1,0,0.0,0.0,1700.0
9013,5,0,0.0,0.0,868.6
9014,1,0,0.0,0.0,884.0
9015,2,0,0.0,0.0,1101.5
9017,1,0,0.0,0.0,879.0
9018,1,0,0.0,0.0,1369.0
9020,3,0,0.0,0.0,1519.0
9022,1,0,0.0,0.0,50.0
5070,2,0,0.0,0.0,1124.5
9025,4,0,0.0,0.0,1505.75
9027,1,0,0.0,0.0,536.0
9028,1,0,0.0,0.0,1106.0
2211,1,0,0.0,0.0,1424.0
2212,2,0,0.0,0.0,422.0
2213,2,0,0.0,0.0,552.0
2214,2,0,0.0,0.0,746.0
2216,3,0,0.0,0.0,1033.0
2217,3,0,0.0,0.0,1243.6666666666667
2218,4,0,0.0,0.0,771.25
2220,4,0,0.0,0.0,899.0
2221,3,0,0.0,0.0,1468.3333333333333
2222,2,0,0.0,0.0,45.0
2230,2,0,0.0,0.0,843.0
9032,1,0,0.0,0.0,775.0
9033,2,0,0.0,0.0,862.0
9034,2,0,0.0,0.0,1399.5
9035,2,0,0.0,0.0,1247.5
9036,3,0,0.0,0.0,715.0
9040,2,0,0.0,0.0,1648.5
9042,3,0,0.0,0.0,1063.6666666666667
9047,4,0,0.0,0.0,560.25
9048,1,0,0.0,0.0,491.0
9049,2,0,0.0,0.0,594.5
9051,4,0,0.0,0.0,832.5
9052,1,0,0.0,0.0,900.0
9053,4,0,0.0,0.0,602.25
9054,2,0,0.0,0.0,696.0
9055,2,0,0.0,0.0,980.5
5072,4,0,0.0,0.0,421.0
9057,1,0,0.0,0.0,334.0
9058,6,0,0.0,0.0,812.8333333333334
9061,1,0,0.0,0.0,786.0
9063,1,0,0.0,0.0,219.0
9065,3,0,0.0,0.0,927.3333333333334
9066,2,0,0.0,0.0,586.5
5073,2,0,0.0,0.0,1018.5
9069,3,0,0.0,0.0,956.0
9072,4,0,0.0,0.0,552.75
9074,5,0,0.0,0.0,972.4
9076,1,0,0.0,0.0,491.0
9077,4,0,0.0,0.0,1307.5
9079,4,0,0.0,0.0,912.25
9080,1,0,0.0,0.0,1137.0
9081,2,0,0.0,0.0,686.5
9083,4,0,0.0,0.0,788.5
9086,3,0,0.0,0.0,1230.3333333333333
9087,2,0,0.0,0.0,814.5
2194,4,0,0.0,0.0,1154.25
2196,3,0,0.0,0.0,720.0
2197,1,0,0.0,0.0,628.0
2198,3,0,0.0,0.0,720.3333333333334
2203,2,0,0.0,0.0,494.0
2204,4,0,0.0,0.0,653.25
2206,4,0,0.0,0.0,527.25
5076,1,0,0.0,0.0,349.0
2208,4,0,0.0,0.0,854.25
2209,3,0,0.0,0.0,949.0
9089,4,0,0.0,0.0,706.5
9091,2,0,0.0,0.0,1060.0
9099,2,0,0.0,0.0,1012.0
9105,2,0,0.0,0.0,591.0
9106,2,0,0.0,0.0,721.0
5077,1,0,0.0,0.0,746.0
9112,2,0,0.0,0.0,1043.0
9113,2,0,0.0,0.0,1511.0
9114,3,0,0.0,0.0,734.6666666666666
9115,1,0,0.0,0.0,1407.0
9118,1,0,0.0,0.0,1670.0
9119,2,0,0.0,0.0,1403.0
9120,2,0,0.0,0.0,737.5
9121,3,0,0.0,0.0,1107.0
9123,3,0,0.0,0.0,574.6666666666666
9125,4,0,0.0,0.0,865.0
9126,1,0,0.0,0.0,698.0
9127,3,0,0.0,0.0,817.0
9128,2,0,0.0,0.0,822.0
9130,3,0,0.0,0.0,1223.0
9133,4,0,0.0,0.0,819.75
9135,1,0,0.0,0.0,952.0
9136,2,0,0.0,0.0,770.5
9140,5,0,0.0,0.0,621.4
5078,1,0,0.0,0.0,1635.0
9145,2,0,0.0,0.0,848.0
9146,1,0,0.0,0.0,758.0
5084,3,0,0.0,0.0,757.0
2178,4,0,0.0,0.0,756.0
5085,2,0,0.0,0.0,946.5
4279,5,0,0.0,0.0,1209.0
4280,3,0,0.0,0.0,660.6666666666666
4281,2,0,0.0,0.0,1084.5
4282,4,0,0.0,0.0,727.5
4284,2,0,0.0,0.0,920.5
4286,3,0,0.0,0.0,722.6666666666666
4287,2,0,0.0,0.0,732.0
4288,2,0,0.0,0.0,879.5
4289,2,0,0.0,0.0,1043.5
4291,1,0,0.0,0.0,346.0
3480,4,0,0.0,0.0,1068.75
5086,2,0,0.0,0.0,971.5
3484,4,0,0.0,0.0,1111.0
3485,3,0,0.0,0.0,426.3333333333333
3487,2,0,0.0,0.0,1579.0
3489,1,0,0.0,0.0,46.0
2181,2,0,0.0,0.0,353.0
2186,3,0,0.0,0.0,607.6666666666666
2187,2,0,0.0,0.0,1373.0
2188,6,0,0.0,0.0,968.8333333333334
2190,3,0,0.0,0.0,822.3333333333334
9152,1,0,0.0,0.0,538.0
9153,1,0,0.0,0.0,368.0
5089,6,0,0.0,0.0,1100.3333333333333
9158,2,0,0.0,0.0,1159.5
9159,2,0,0.0,0.0,294.0
9161,2,0,0.0,0.0,390.5
9163,2,0,0.0,0.0,447.5
5094,4,0,0.0,0.0,1640.25
9165,2,0,0.0,0.0,1356.5
5095,2,0,0.0,0.0,800.5
5096,2,0,0.0,0.0,1285.5
9169,4,0,0.0,0.0,822.75
9170,5,0,0.0,0.0,1212.4
9171,1,0,0.0,0.0,1428.0
9173,1,0,0.0,0.0,214.0
9174,5,0,0.0,0.0,1045.8
9177,1,0,0.0,0.0,80.0
9178,1,0,0.0,0.0,1412.0
9181,1,0,0.0,0.0,1231.0
9182,2,0,0.0,0.0,831.5
9184,4,0,0.0,0.0,992.5
1119,1,0,0.0,0.0,1639.0
1120,3,0,0.0,0.0,239.33333333333334
1122,1,0,0.0,0.0,863.0
1123,3,0,0.0,0.0,776.6666666666666
1125,4,0,0.0,0.0,879.75
1127,4,0,0.0,0.0,724.0
1128,1,0,0.0,0.0,618.0
1129,4,0,0.0,0.0,981.25
9186,1,0,0.0,0.0,1389.0
9189,2,0,0.0,0.0,1421.0
9190,1,0,0.0,0.0,508.0
5097,4,0,0.0,0.0,1232.75
9194,3,0,0.0,0.0,1189.3333333333333
9196,2,0,0.0,0.0,812.0
9198,2,0,0.0,0.0,502.0
5099,3,0,0.0,0.0,370.0
9201,1,0,0.0,0.0,123.0
9202,3,0,0.0,0.0,1130.6666666666667
9204,1,0,0.0,0.0,67.0
9207,2,0,0.0,0.0,1089.5
2158,1,0,0.0,0.0,1241.0
2159,6,0,0.0,0.0,1201.3333333333333
2161,2,0,0.0,0.0,1601.5
2162,4,0,0.0,0.0,667.0
2166,3,0,0.0,0.0,911.6666666666666
2168,3,0,0.0,0.0,1382.3333333333333
2171,1,0,0.0,0.0,1572.0
2173,2,0,0.0,0.0,1215.5
2174,1,0,0.0,0.0,1764.0
2175,4,0,0.0,0.0,687.25
5100,4,0,0.0,0.0,478.25
3736,4,0,0.0,0.0,813.75
3737,1,0,0.0,0.0,103.0
3738,1,0,0.0,0.0,1299.0
3739,1,0,0.0,0.0,195.0
3740,1,0,0.0,0.0,874.0
3743,3,0,0.0,0.0,779.6666666666666
3744,3,0,0.0,0.0,608.3333333333334
3747,1,0,0.0,0.0,785.0
3748,2,0,0.0,0.0,720.5
3749,2,0,0.0,0.0,734.5
9209,1,0,0.0,0.0,958.0
9210,2,0,0.0,0.0,812.5
9212,3,0,0.0,0.0,982.3333333333334
9213,3,0,0.0,0.0,406.3333333333333
9215,2,0,0.0,0.0,755.0
9216,1,0,0.0,0.0,451.0
9218,5,0,0.0,0.0,554.2
9220,3,0,0.0,0.0,1215.3333333333333
9222,1,0,0.0,0.0,24.0
9226,5,0,0.0,0.0,1120.2
5101,3,0,0.0,0.0,1352.3333333333333
9231,1,0,0.0,0.0,531.0
9232,2,0,0.0,0.0,944.0
9233,2,0,0.0,0.0,489.5
9234,3,0,0.0,0.0,429.3333333333333
9235,2,0,0.0,0.0,664.0
9236,7,0,0.0,0.0,913.8571428571429
9237,3,0,0.0,0.0,904.6666666666666
9238,2,0,0.0,0.0,348.5
9239,1,0,0.0,0.0,1595.0
9242,1,0,0.0,0.0,839.0
9243,4,0,0.0,0.0,594.75
9244,1,0,0.0,0.0,460.0
9247,1,0,0.0,0.0,927.0
9248,1,0,0.0,0.0,1792.0
5102,1,0,0.0,0.0,55.0
9251,1,0,0.0,0.0,519.0
9252,2,0,0.0,0.0,638.5
5104,1,0,0.0,0.0,1687.0
9255,2,0,0.0,0.0,681.5
9258,1,0,0.0,0.0,337.0
9262,2,0,0.0,0.0,497.0
9265,4,0,0.0,0.0,884.75
9269,4,0,0.0,0.0,503.75
2139,4,0,0.0,0.0,1265.5
2142,5,0,0.0,0.0,1340.6
5106,3,0,0.0,0.0,809.6666666666666
2145,4,0,0.0,0.0,1189.25
2146,5,0,0.0,0.0,965.4
2148,3,0,0.0,0.0,516.6666666666666
2149,3,0,0.0,0.0,507.3333333333333
2150,3,0,0.0,0.0,1264.0
2152,2,0,0.0,0.0,1187.5
2153,5,0,0.0,0.0,837.2
1804,3,0,0.0,0.0,846.0
9273,1,0,0.0,0.0,800.0
9280,2,0,0.0,0.0,189.0
9281,1,0,0.0,0.0,362.0
9282,3,0,0.0,0.0,831.6666666666666
9283,1,0,0.0,0.0,563.0
9284,1,0,0.0,0.0,294.0
9285,2,0,0.0,0.0,1113.5
9286,3,0,0.0,0.0,785.0
9288,2,0,0.0,0.0,1345.0
9290,3,0,0.0,0.0,270.0
1805,1,0,0.0,0.0,1564.0
9293,3,0,0.0,0.0,920.6666666666666
9295,4,0,0.0,0.0,840.5
9296,4,0,0.0,0.0,644.25
4248,2,0,0.0,0.0,1364.5
4250,3,0,0.0,0.0,535.3333333333334
4253,2,0,0.0,0.0,981.0
4255,2,0,0.0,0.0,695.5
4256,1,0,0.0,0.0,67.0
4257,2,0,0.0,0.0,882.5
4259,4,0,0.0,0.0,1036.5
4260,3,0,0.0,0.0,571.6666666666666
4261,1,0,0.0,0.0,1370.0
4264,3,0,0.0,0.0,1008.0
4267,1,0,0.0,0.0,1114.0
4271,2,0,0.0,0.0,364.5
4274,2,0,0.0,0.0,1111.5
4276,1,0,0.0,0.0,998.0
4277,3,0,0.0,0.0,1213.6666666666667
9297,1,0,0.0,0.0,1190.0
9298,3,0,0.0,0.0,959.6666666666666
9301,2,0,0.0,0.0,1373.0
1806,1,0,0.0,0.0,1709.0
9304,5,0,0.0,0.0,1123.2
9309,4,0,0.0,0.0,1095.25
9310,1,0,0.0,0.0,1466.0
9312,2,0,0.0,0.0,235.0
9316,3,0,0.0,0.0,896.3333333333334
9318,4,0,0.0,0.0,824.75
9319,3,0,0.0,0.0,317.6666666666667
3549,2,0,0.0,0.0,576.5
9322,3,0,0.0,0.0,643.6666666666666
1102,3,0,0.0,0.0,1455.3333333333333
1104,1,0,0.0,0.0,809.0
1106,2,0,0.0,0.0,968.5
1107,3,0,0.0,0.0,686.0
1108,6,0,0.0,0.0,858.8333333333334
1109,3,0,0.0,0.0,743.3333333333334
1113,2,0,0.0,0.0,677.5
1114,2,0,0.0,0.0,1415.5
1116,4,0,0.0,0.0,966.25
9324,1,0,0.0,0.0,99.0
9325,3,0,0.0,0.0,1162.3333333333333
3552,7,0,0.0,0.0,741.8571428571429
2124,2,0,0.0,0.0,481.0
2125,2,0,0.0,0.0,387.0
2126,1,0,0.0,0.0,1533.0
2127,1,0,0.0,0.0,534.0
2128,2,0,0.0,0.0,1115.0
2129,3,0,0.0,0.0,452.3333333333333
2133,1,0,0.0,0.0,1396.0
2134,4,0,0.0,0.0,1212.25
4086,1,0,0.0,0.0,913.0
2137,1,0,0.0,0.0,1765.0
2138,2,0,0.0,0.0,805.5
9326,1,0,0.0,0.0,350.0
9329,1,0,0.0,0.0,433.0
9332,3,0,0.0,0.0,768.3333333333334
9334,2,0,0.0,0.0,627.5
9335,3,0,0.0,0.0,933.6666666666666
4088,4,0,0.0,0.0,1096.75
9343,2,0,0.0,0.0,418.0
1707,2,0,0.0,0.0,1297.0
9347,1,0,0.0,0.0,128.0
9349,5,0,0.0,0.0,1005.2
9351,3,0,0.0,0.0,1477.6666666666667
9353,3,0,0.0,0.0,892.0
9354,1,0,0.0,0.0,1735.0
9355,2,0,0.0,0.0,286.0
9356,1,0,0.0,0.0,610.0
9357,2,0,0.0,0.0,1462.0
9358,2,0,0.0,0.0,670.5
9359,4,0,0.0,0.0,648.25
9364,2,0,0.0,0.0,473.0
9365,3,0,0.0,0.0,1313.3333333333333
9367,2,0,0.0,0.0,1049.0
9372,2,0,0.0,0.0,865.0
9373,1,0,0.0,0.0,973.0
9377,5,0,0.0,0.0,598.0
3710,2,0,0.0,0.0,1219.5
1714,1,0,0.0,0.0,570.0
3712,2,0,0.0,0.0,592.5
3714,4,0,0.0,0.0,704.0
3719,2,0,0.0,0.0,491.5
3721,1,0,0.0,0.0,979.0
3723,4,0,0.0,0.0,1078.5
3724,3,0,0.0,0.0,1264.6666666666667
1715,4,0,0.0,0.0,337.5
3729,3,0,0.0,0.0,662.0
3730,3,0,0.0,0.0,694.0
3731,2,0,0.0,0.0,847.5
9380,5,0,0.0,0.0,912.8
9383,4,0,0.0,0.0,1159.5
2101,2,0,0.0,0.0,938.5
2103,2,0,0.0,0.0,369.5
2104,4,0,0.0,0.0,1295.25
2108,2,0,0.0,0.0,1132.5
2110,3,0,0.0,0.0,699.3333333333334
2111,3,0,0.0,0.0,655.3333333333334
2112,2,0,0.0,0.0,1070.0
9386,2,0,0.0,0.0,977.0
9387,1,0,0.0,0.0,1445.0
4235,2,0,0.0,0.0,890.5
3497,2,0,0.0,0.0,906.0
1716,2,0,0.0,0.0,916.0
3500,1,0,0.0,0.0,857.0
3501,1,0,0.0,0.0,215.0
1717,4,0,0.0,0.0,1094.75
3505,2,0,0.0,0.0,1200.0
3506,1,0,0.0,0.0,1724.0
1721,1,0,0.0,0.0,618.0
3509,2,0,0.0,0.0,888.0
4091,1,0,0.0,0.0,535.0
3512,1,0,0.0,0.0,1269.0
4239,5,0,0.0,0.0,865.8
4241,3,0,0.0,0.0,646.0
5110,1,0,0.0,0.0,387.0
9392,1,0,0.0,0.0,1616.0
9393,2,0,0.0,0.0,961.5
9394,3,0,0.0,0.0,1091.3333333333333
9396,2,0,0.0,0.0,1431.0
3254,2,0,0.0,0.0,1786.5
9400,3,0,0.0,0.0,533.3333333333334
9401,2,0,0.0,0.0,586.0
9402,3,0,0.0,0.0,918.6666666666666
9403,1,0,0.0,0.0,512.0
9404,2,0,0.0,0.0,988.5
9405,5,0,0.0,0.0,971.6
9406,1,0,0.0,0.0,1527.0
9409,2,0,0.0,0.0,1188.5
9410,3,0,0.0,0.0,728.3333333333334
9413,6,0,0.0,0.0,1072.8333333333333
9414,1,0,0.0,0.0,1320.0
9415,1,0,0.0,0.0,1304.0
9417,4,0,0.0,0.0,1090.5
9418,3,0,0.0,0.0,1163.0
9421,1,0,0.0,0.0,82.0
9423,4,0,0.0,0.0,1142.75
9424,3,0,0.0,0.0,912.0
9426,3,0,0.0,0.0,839.6666666666666
9427,3,0,0.0,0.0,1275.0
9428,2,0,0.0,0.0,1053.5
9430,2,0,0.0,0.0,1683.0
3255,4,0,0.0,0.0,502.5
9433,1,0,0.0,0.0,1614.0
9436,1,0,0.0,0.0,1151.0
9437,4,0,0.0,0.0,1490.75
9438,4,0,0.0,0.0,775.5
9439,4,0,0.0,0.0,593.5
3256,3,0,0.0,0.0,1013.0
1088,1,0,0.0,0.0,1666.0
1091,4,0,0.0,0.0,1005.25
1093,1,0,0.0,0.0,193.0
1094,2,0,0.0,0.0,1235.5
1097,2,0,0.0,0.0,1629.5
1098,3,0,0.0,0.0,1288.0
9440,3,0,0.0,0.0,225.0
9441,4,0,0.0,0.0,726.5
3257,5,0,0.0,0.0,1323.6
9447,4,0,0.0,0.0,1011.75
9449,1,0,0.0,0.0,1400.0
9450,1,0,0.0,0.0,415.0
9455,3,0,0.0,0.0,611.3333333333334
9456,2,0,0.0,0.0,900.0
9458,2,0,0.0,0.0,775.5
9459,4,0,0.0,0.0,798.5
3261,2,0,0.0,0.0,862.0
9461,2,0,0.0,0.0,856.5
9464,3,0,0.0,0.0,1031.0
2080,2,0,0.0,0.0,1081.5
2083,5,0,0.0,0.0,464.4
2084,1,0,0.0,0.0,1747.0
2085,4,0,0.0,0.0,884.0
2087,3,0,0.0,0.0,880.6666666666666
2088,1,0,0.0,0.0,406.0
2091,2,0,0.0,0.0,1017.5
2092,1,0,0.0,0.0,1073.0
2093,1,0,0.0,0.0,1426.0
2095,3,0,0.0,0.0,1572.6666666666667
2096,2,0,0.0,0.0,914.5
2098,3,0,0.0,0.0,1145.0
2100,2,0,0.0,0.0,1180.0
9465,1,0,0.0,0.0,213.0
9467,2,0,0.0,0.0,1101.0
9468,3,0,0.0,0.0,1326.6666666666667
9469,2,0,0.0,0.0,1475.5
9471,2,0,0.0,0.0,898.0
9472,1,0,0.0,0.0,722.0
9478,2,0,0.0,0.0,932.0
9481,2,0,0.0,0.0,1292.5
9482,3,0,0.0,0.0,1351.6666666666667
9483,1,0,0.0,0.0,895.0
9486,1,0,0.0,0.0,1503.0
9487,2,0,0.0,0.0,1373.0
3262,3,0,0.0,0.0,1122.3333333333333
9490,1,0,0.0,0.0,1484.0
9492,3,0,0.0,0.0,712.6666666666666
9493,3,0,0.0,0.0,1048.6666666666667
9499,5,0,0.0,0.0,748.8
9500,1,0,0.0,0.0,62.0
9501,2,0,0.0,0.0,1257.0
9502,2,0,0.0,0.0,1662.5
9503,2,0,0.0,0.0,1347.5
9508,3,0,0.0,0.0,1222.3333333333333
9510,1,0,0.0,0.0,1599.0
9511,3,0,0.0,0.0,1078.0
3264,2,0,0.0,0.0,402.5
9515,2,0,0.0,0.0,1271.5
9516,2,0,0.0,0.0,1346.0
9517,1,0,0.0,0.0,340.0
9518,3,0,0.0,0.0,933.0
9519,2,0,0.0,0.0,1453.0
9522,1,0,0.0,0.0,75.0
2075,1,0,0.0,0.0,315.0
3265,3,0,0.0,0.0,1266.0
1949,4,0,0.0,0.0,679.5
1952,5,0,0.0,0.0,1274.2
1954,1,0,0.0,0.0,335.0
9523,3,0,0.0,0.0,1103.3333333333333
9525,4,0,0.0,0.0,859.25
9527,2,0,0.0,0.0,893.5
9529,1,0,0.0,0.0,549.0
9530,1,0,0.0,0.0,1106.0
9531,3,0,0.0,0.0,313.0
9532,1,0,0.0,0.0,1516.0
9536,4,0,0.0,0.0,815.5
9537,3,0,0.0,0.0,1187.3333333333333
9539,1,0,0.0,0.0,762.0
9541,2,0,0.0,0.0,1321.0
2056,3,0,0.0,0.0,914.0
2060,3,0,0.0,0.0,609.0
2061,2,0,0.0,0.0,1253.5
2062,1,0,0.0,0.0,83.0
2065,1,0,0.0,0.0,347.0
2067,4,0,0.0,0.0,1029.5
3266,3,0,0.0,0.0,734.0
2070,4,0,0.0,0.0,1016.0
2071,3,0,0.0,0.0,1030.3333333333333
9543,3,0,0.0,0.0,254.0
9544,1,0,0.0,0.0,1025.0
9548,2,0,0.0,0.0,518.0
9553,2,0,0.0,0.0,962.0
9554,5,0,0.0,0.0,977.4
9555,1,0,0.0,0.0,1317.0
9556,1,0,0.0,0.0,1010.0
3268,1,0,0.0,0.0,1780.0
9560,2,0,0.0,0.0,1298.5
9561,1,0,0.0,0.0,1775.0
9562,1,0,0.0,0.0,1165.0
9563,3,0,0.0,0.0,658.6666666666666
9564,2,0,0.0,0.0,1112.0
3269,3,0,0.0,0.0,769.3333333333334
3707,3,0,0.0,0.0,366.6666666666667
3270,1,0,0.0,0.0,1538.0
3652,3,0,0.0,0.0,868.6666666666666
3653,3,0,0.0,0.0,1269.6666666666667
3655,4,0,0.0,0.0,462.5
3659,3,0,0.0,0.0,1160.0
3663,1,0,0.0,0.0,1680.0
3664,4,0,0.0,0.0,817.75
3668,1,0,0.0,0.0,822.0
3708,2,0,0.0,0.0,1267.5
1700,2,0,0.0,0.0,372.5
1701,1,0,0.0,0.0,286.0
1704,1,0,0.0,0.0,1288.0
1705,1,0,0.0,0.0,1537.0
4217,1,0,0.0,0.0,119.0
4220,1,0,0.0,0.0,1389.0
4222,3,0,0.0,0.0,1233.3333333333333
3271,4,0,0.0,0.0,1317.75
4225,4,0,0.0,0.0,880.0
4230,3,0,0.0,0.0,1037.0
4231,1,0,0.0,0.0,1461.0
4232,5,0,0.0,0.0,418.4
4233,4,0,0.0,0.0,764.0
9565,4,0,0.0,0.0,1176.5
5112,2,0,0.0,0.0,190.5
9572,1,0,0.0,0.0,409.0
9576,1,0,0.0,0.0,744.0
9579,2,0,0.0,0.0,1174.5
9580,3,0,0.0,0.0,906.3333333333334
9583,2,0,0.0,0.0,1046.5
9585,2,0,0.0,0.0,1371.5
9586,2,0,0.0,0.0,510.0
9588,1,0,0.0,0.0,1253.0
9590,3,0,0.0,0.0,1085.3333333333333
9591,2,0,0.0,0.0,694.5
9593,1,0,0.0,0.0,60.0
9594,3,0,0.0,0.0,380.3333333333333
2040,1,0,0.0,0.0,1402.0
2042,4,0,0.0,0.0,672.25
2043,2,0,0.0,0.0,987.5
2045,1,0,0.0,0.0,1473.0
2047,1,0,0.0,0.0,52.0
2049,2,0,0.0,0.0,1052.0
2050,2,0,0.0,0.0,654.0
2052,3,0,0.0,0.0,993.6666666666666
5114,1,0,0.0,0.0,165.0
5116,1,0,0.0,0.0,421.0
1068,2,0,0.0,0.0,928.5
1069,3,0,0.0,0.0,603.3333333333334
1070,3,0,0.0,0.0,1023.6666666666666
1072,1,0,0.0,0.0,1566.0
1073,2,0,0.0,0.0,387.0
1074,1,0,0.0,0.0,856.0
1075,2,0,0.0,0.0,1292.0
1081,1,0,0.0,0.0,910.0
9601,3,0,0.0,0.0,923.0
5117,1,0,0.0,0.0,1010.0
9603,1,0,0.0,0.0,1065.0
9604,1,0,0.0,0.0,221.0
5121,4,0,0.0,0.0,567.0
9607,3,0,0.0,0.0,1562.3333333333333
9609,3,0,0.0,0.0,1302.3333333333333
9610,2,0,0.0,0.0,990.0
9611,3,0,0.0,0.0,1291.0
9612,1,0,0.0,0.0,570.0
9618,3,0,0.0,0.0,737.3333333333334
9619,1,0,0.0,0.0,1744.0
9620,3,0,0.0,0.0,920.6666666666666
9621,2,0,0.0,0.0,1169.0
9622,1,0,0.0,0.0,1438.0
9623,1,0,0.0,0.0,1737.0
9625,5,0,0.0,0.0,1138.8
9626,2,0,0.0,0.0,777.5
5122,1,0,0.0,0.0,1342.0
9628,2,0,0.0,0.0,960.5
9635,2,0,0.0,0.0,1101.0
9637,7,0,0.0,0.0,1019.8571428571429
9642,3,0,0.0,0.0,761.3333333333334
9644,7,0,0.0,0.0,1035.5714285714287
9645,2,0,0.0,0.0,396.0
5124,2,0,0.0,0.0,557.0
9647,3,0,0.0,0.0,1226.3333333333333
9649,2,0,0.0,0.0,1489.0
9650,4,0,0.0,0.0,1336.25
9653,1,0,0.0,0.0,1057.0
9654,1,0,0.0,0.0,560.0
9657,3,0,0.0,0.0,844.3333333333334
9659,1,0,0.0,0.0,1131.0
9660,5,0,0.0,0.0,995.8
2021,3,0,0.0,0.0,926.3333333333334
2022,2,0,0.0,0.0,894.5
2023,4,0,0.0,0.0,484.75
5125,2,0,0.0,0.0,977.0
2028,2,0,0.0,0.0,1679.5
5129,6,0,0.0,0.0,862.1666666666666
2031,1,0,0.0,0.0,592.0
2032,1,0,0.0,0.0,1261.0
2033,2,0,0.0,0.0,924.5
2034,1,0,0.0,0.0,1598.0
2038,1,0,0.0,0.0,356.0
9661,2,0,0.0,0.0,1153.5
9664,1,0,0.0,0.0,1315.0
9665,1,0,0.0,0.0,975.0
9667,7,0,0.0,0.0,982.1428571428571
9669,1,0,0.0,0.0,1248.0
9671,4,0,0.0,0.0,889.75
3517,2,0,0.0,0.0,840.0
3518,3,0,0.0,0.0,498.6666666666667
3519,3,0,0.0,0.0,1314.3333333333333
3522,3,0,0.0,0.0,1189.6666666666667
3525,5,0,0.0,0.0,1113.6
3526,2,0,0.0,0.0,1352.0
3527,2,0,0.0,0.0,591.0
3529,3,0,0.0,0.0,434.0
3530,3,0,0.0,0.0,886.3333333333334
5130,2,0,0.0,0.0,1089.5
1691,2,0,0.0,0.0,559.0
1692,5,0,0.0,0.0,746.0
1693,2,0,0.0,0.0,1266.0
1696,3,0,0.0,0.0,997.6666666666666
9673,1,0,0.0,0.0,1048.0
9674,1,0,0.0,0.0,1440.0
9675,2,0,0.0,0.0,1238.0
9676,3,0,0.0,0.0,934.6666666666666
9678,3,0,0.0,0.0,931.3333333333334
9679,4,0,0.0,0.0,1425.75
9682,1,0,0.0,0.0,1136.0
5131,2,0,0.0,0.0,1248.5
9686,1,0,0.0,0.0,1489.0
9687,4,0,0.0,0.0,744.75
9689,2,0,0.0,0.0,340.5
9690,2,0,0.0,0.0,185.5
5135,2,0,0.0,0.0,160.0
9694,2,0,0.0,0.0,838.0
9696,2,0,0.0,0.0,703.0
9700,3,0,0.0,0.0,803.0
9701,6,0,0.0,0.0,1250.5
9702,1,0,0.0,0.0,66.0
9705,3,0,0.0,0.0,759.0
9708,2,0,0.0,0.0,322.5
9710,1,0,0.0,0.0,593.0
5136,2,0,0.0,0.0,1117.0
9714,2,0,0.0,0.0,1259.0
9715,2,0,0.0,0.0,686.0
9716,4,0,0.0,0.0,853.75
9717,3,0,0.0,0.0,298.3333333333333
1051,3,0,0.0,0.0,715.0
1052,6,0,0.0,0.0,780.5
1053,1,0,0.0,0.0,1385.0
1055,2,0,0.0,0.0,1525.0
5139,3,0,0.0,0.0,341.0
1057,4,0,0.0,0.0,1014.25
1059,2,0,0.0,0.0,947.0
1060,1,0,0.0,0.0,1131.0
1061,2,0,0.0,0.0,1219.0
1063,3,0,0.0,0.0,914.0
1064,1,0,0.0,0.0,1377.0
9720,3,0,0.0,0.0,1003.3333333333334
9721,1,0,0.0,0.0,1496.0
9722,4,0,0.0,0.0,1017.5
9724,5,0,0.0,0.0,1374.2
9725,1,0,0.0,0.0,1535.0
5149,1,0,0.0,0.0,1726.0
9729,2,0,0.0,0.0,1576.5
9731,3,0,0.0,0.0,1435.6666666666667
9735,2,0,0.0,0.0,1477.0
9737,1,0,0.0,0.0,1667.0
2003,4,0,0.0,0.0,814.0
5150,2,0,0.0,0.0,1075.5
2005,2,0,0.0,0.0,759.5
2006,2,0,0.0,0.0,646.5
2007,2,0,0.0,0.0,814.5
2010,2,0,0.0,0.0,1041.5
2011,2,0,0.0,0.0,778.5
5152,2,0,0.0,0.0,1291.0
2015,2,0,0.0,0.0,1541.0
2016,1,0,0.0,0.0,566.0
5154,3,0,0.0,0.0,1001.3333333333334
2018,2,0,0.0,0.0,1178.0
2019,2,0,0.0,0.0,1658.0
9740,1,0,0.0,0.0,760.0
9742,1,0,0.0,0.0,1479.0
9745,3,0,0.0,0.0,1034.0
9746,2,0,0.0,0.0,410.0
9750,2,0,0.0,0.0,1297.0
9751,1,0,0.0,0.0,1734.0
9756,2,0,0.0,0.0,1465.5
5155,7,0,0.0,0.0,1052.142857142857
5156,2,0,0.0,0.0,1032.5
5158,3,0,0.0,0.0,321.3333333333333
5159,1,0,0.0,0.0,1547.0
3679,2,0,0.0,0.0,1072.5
3683,2,0,0.0,0.0,1180.0
3684,2,0,0.0,0.0,371.5
3685,2,0,0.0,0.0,767.5
3687,2,0,0.0,0.0,989.5
3692,3,0,0.0,0.0,949.0
3694,7,0,0.0,0.0,708.8571428571429
3695,5,0,0.0,0.0,488.6
3696,4,0,0.0,0.0,1228.5
3698,2,0,0.0,0.0,1104.5
5160,3,0,0.0,0.0,886.3333333333334
3702,2,0,0.0,0.0,470.0
3703,1,0,0.0,0.0,1661.0
9764,1,0,0.0,0.0,871.0
9767,4,0,0.0,0.0,1013.0
9769,3,0,0.0,0.0,961.6666666666666
9773,4,0,0.0,0.0,1143.0
9774,2,0,0.0,0.0,251.5
9775,2,0,0.0,0.0,1470.0
9776,2,0,0.0,0.0,798.0
9778,2,0,0.0,0.0,1039.0
9779,3,0,0.0,0.0,1066.3333333333333
9783,1,0,0.0,0.0,1445.0
9786,1,0,0.0,0.0,1551.0
9787,5,0,0.0,0.0,935.0
9788,2,0,0.0,0.0,415.5
5164,5,0,0.0,0.0,904.6
9791,2,0,0.0,0.0,1739.5
9792,4,0,0.0,0.0,1166.0
4182,4,0,0.0,0.0,839.75
4183,1,0,0.0,0.0,943.0
4188,2,0,0.0,0.0,754.0
4191,2,0,0.0,0.0,1465.5
4194,1,0,0.0,0.0,246.0
4196,6,0,0.0,0.0,1001.0
4197,5,0,0.0,0.0,1021.2
4198,1,0,0.0,0.0,512.0
4201,1,0,0.0,0.0,346.0
4206,4,0,0.0,0.0,1390.75
4207,1,0,0.0,0.0,1778.0
4208,2,0,0.0,0.0,713.5
4916,2,0,0.0,0.0,915.5
3516,1,0,0.0,0.0,1479.0
9793,3,0,0.0,0.0,863.6666666666666
9794,2,0,0.0,0.0,712.0
9798,3,0,0.0,0.0,489.0
9800,4,0,0.0,0.0,1420.75
9801,4,0,0.0,0.0,831.5
9803,1,0,0.0,0.0,511.0
9804,1,0,0.0,0.0,1504.0
9806,2,0,0.0,0.0,927.5
9808,5,0,0.0,0.0,1104.2
4917,2,0,0.0,0.0,710.5
9810,1,0,0.0,0.0,623.0
9811,4,0,0.0,0.0,643.75
1988,1,0,0.0,0.0,536.0
1989,1,0,0.0,0.0,1116.0
1991,3,0,0.0,0.0,945.6666666666666
1992,2,0,0.0,0.0,1044.0
4918,3,0,0.0,0.0,645.3333333333334
1998,3,0,0.0,0.0,756.0
1999,1,0,0.0,0.0,1668.0
2000,2,0,0.0,0.0,221.0
2001,1,0,0.0,0.0,1751.0
9813,2,0,0.0,0.0,626.0
4919,2,0,0.0,0.0,683.5
9819,3,0,0.0,0.0,661.3333333333334
9820,3,0,0.0,0.0,652.6666666666666
9823,1,0,0.0,0.0,234.0
9826,2,0,0.0,0.0,491.0
9827,3,0,0.0,0.0,268.6666666666667
9828,3,0,0.0,0.0,1469.0
9829,2,0,0.0,0.0,760.0
4921,3,0,0.0,0.0,794.0
9834,2,0,0.0,0.0,1234.0
9835,4,0,0.0,0.0,973.0
9837,1,0,0.0,0.0,625.0
9840,3,0,0.0,0.0,1008.0
9842,1,0,0.0,0.0,1392.0
9843,2,0,0.0,0.0,229.5
9844,1,0,0.0,0.0,1049.0
9846,3,0,0.0,0.0,1542.6666666666667
9847,2,0,0.0,0.0,725.0
9848,2,0,0.0,0.0,962.0
9850,2,0,0.0,0.0,652.0
9851,2,0,0.0,0.0,1045.5
9852,3,0,0.0,0.0,589.3333333333334
4923,2,0,0.0,0.0,718.5
4924,3,0,0.0,0.0,1026.3333333333333
1037,4,0,0.0,0.0,1087.0
1043,1,0,0.0,0.0,152.0
1045,2,0,0.0,0.0,868.0
1046,3,0,0.0,0.0,461.3333333333333
1048,3,0,0.0,0.0,1699.0
1049,4,0,0.0,0.0,951.75
1050,3,0,0.0,0.0,806.0
9853,4,0,0.0,0.0,933.5
9854,3,0,0.0,0.0,1354.3333333333333
9858,4,0,0.0,0.0,851.5
9864,2,0,0.0,0.0,1263.0
9866,2,0,0.0,0.0,538.5
9868,3,0,0.0,0.0,1618.0
9870,2,0,0.0,0.0,837.0
9871,1,0,0.0,0.0,253.0
9874,3,0,0.0,0.0,970.0
9876,1,0,0.0,0.0,1278.0
9877,1,0,0.0,0.0,484.0
9878,8,0,0.0,0.0,953.5
9879,6,0,0.0,0.0,797.5
9882,1,0,0.0,0.0,40.0
9884,1,0,0.0,0.0,640.0
9889,1,0,0.0,0.0,886.0
9890,4,0,0.0,0.0,995.0
9894,2,0,0.0,0.0,759.5
9895,2,0,0.0,0.0,1054.0
9896,2,0,0.0,0.0,372.0
9897,2,0,0.0,0.0,163.5
9900,4,0,0.0,0.0,979.25
1967,3,0,0.0,0.0,395.3333333333333
1968,2,0,0.0,0.0,1152.0
1970,1,0,0.0,0.0,49.0
1972,2,0,0.0,0.0,973.5
1975,1,0,0.0,0.0,1466.0
1976,1,0,0.0,0.0,1154.0
1978,2,0,0.0,0.0,904.0
1980,1,0,0.0,0.0,609.0
1981,5,0,0.0,0.0,1006.6
1983,4,0,0.0,0.0,1319.75
1984,1,0,0.0,0.0,131.0
9901,2,0,0.0,0.0,837.0
9902,2,0,0.0,0.0,1349.0
9904,2,0,0.0,0.0,852.0
9905,3,0,0.0,0.0,749.6666666666666
9908,3,0,0.0,0.0,1307.3333333333333
9912,4,0,0.0,0.0,441.0
9913,1,0,0.0,0.0,841.0
9914,3,0,0.0,0.0,713.6666666666666
9915,2,0,0.0,0.0,368.0
4926,3,0,0.0,0.0,623.6666666666666
9918,5,0,0.0,0.0,915.4
4928,1,0,0.0,0.0,299.0
9920,2,0,0.0,0.0,160.5
9925,3,0,0.0,0.0,672.0
9927,1,0,0.0,0.0,1048.0
9934,4,0,0.0,0.0,1354.0
9935,2,0,0.0,0.0,1484.5
9936,4,0,0.0,0.0,756.0
9937,1,0,0.0,0.0,1274.0
9941,2,0,0.0,0.0,357.0
9943,1,0,0.0,0.0,508.0
9944,4,0,0.0,0.0,1218.5
9945,3,0,0.0,0.0,799.0
9946,3,0,0.0,0.0,707.3333333333334
1022,1,0,0.0,0.0,1751.0
1002,3,0,0.0,0.0,313.6666666666667
1007,1,0,0.0,0.0,557.0
1006,2,0,0.0,0.0,1145.0
1012,3,0,0.0,0.0,700.0
1013,2,0,0.0,0.0,267.0
1015,1,0,0.0,0.0,1405.0
1016,1,0,0.0,0.0,1523.0
1017,2,0,0.0,0.0,565.5
1018,1,0,0.0,0.0,875.0
9975,2,0,0.0,0.0,1578.5
9960,3,0,0.0,0.0,786.3333333333334
9964,2,0,0.0,0.0,905.5
1023,2,0,0.0,0.0,325.0
4174,5,0,0.0,0.0,963.2
9980,2,0,0.0,0.0,1010.5
1019,1,0,0.0,0.0,1096.0
1021,5,0,0.0,0.0,1136.8
1005,3,0,0.0,0.0,312.3333333333333
9969,5,0,0.0,0.0,1167.2
9970,2,0,0.0,0.0,1198.0
9971,3,0,0.0,0.0,1365.3333333333333
9972,6,0,0.0,0.0,1076.8333333333333
9974,2,0,0.0,0.0,934.0
9991,3,0,0.0,0.0,784.0
3671,4,0,0.0,0.0,617.0
3673,1,0,0.0,0.0,541.0
3675,3,0,0.0,0.0,1085.6666666666667
3677,2,0,0.0,0.0,666.5
3678,3,0,0.0,0.0,683.3333333333334
9967,2,0,0.0,0.0,1423.5
9984,1,0,0.0,0.0,226.0
